
-- UPDATE DE FECHAS DE FIN
UPDATE VIA_PERMISO SET EVPFECFIN=TO_DATE('19/05/2025','DD/MM/YYYY') WHERE  EVPVAL='S' AND EVPFECFIN IS NULL AND (EVPFECINI IS NULL OR TRUNC(EVPFECINI)<>TRUNC(TO_DATE('20/05/2025','dd/MM/yyyy')));

commit;

Insert into REGLAMENTOS (ERGCOD,ERGDES) values ('RD1155','R.Decreto 1155/2024, de 19 de nov. (BOE 20/11/20)');

commit;

--  EX24:
--   Tipos permiso: FEI,FRV,FIN

--  PERMISOS
Insert into PERMISOS (EPEPER,EPENOM,EPELUC,EPECOM,EPECAP,EPEFCO,EPEFEX,EPERES,EPEVAL,EPEGRP,EPETIP,EPEFLAGS,EPEVIA,EPEMVA,EPEREG,EPECARTASMTAS,EPENOMBRESEDE,EXCLUDESEDE) values ('FEI','RESIDENCIA TEMPORAL DE FAMILIAR DE CIUDADANO ESPAÑOL - INICIAL','S',' ','N',' ',' ','S','S','PER','RE','SSNCNNNSNNNNSNN','EES','12','RD1155','N',null,'N');
Insert into PERMISOS (EPEPER,EPENOM,EPELUC,EPECOM,EPECAP,EPEFCO,EPEFEX,EPERES,EPEVAL,EPEGRP,EPETIP,EPEFLAGS,EPEVIA,EPEMVA,EPEREG,EPECARTASMTAS,EPENOMBRESEDE,EXCLUDESEDE) values ('FIN','RESIDENCIA TEMPORAL DE FAMILIAR DE CIUDADANO ESPAÑOL - INDEPENDIENTE','S',' ','N',' ',' ','S','S','PER','RE','SSNCNNNSNNNNSNN','EFI','12','RD1155','N',null,'N');
Insert into PERMISOS (EPEPER,EPENOM,EPELUC,EPECOM,EPECAP,EPEFCO,EPEFEX,EPERES,EPEVAL,EPEGRP,EPETIP,EPEFLAGS,EPEVIA,EPEMVA,EPEREG,EPECARTASMTAS,EPENOMBRESEDE,EXCLUDESEDE) values ('FRV','RESIDENCIA TEMPORAL DE FAMILIAR DE CIUDADANO ESPAÑOL - RENOVACIÓN','S',' ','N',' ',' ','S','S','PER','RE','SSNCNNNSNNNNSNN','EFR','12','RD1155','N',null,'N');

--  VIA_ACCESO
Insert into VIA_ACCESO (EVICOD,EVIDES,EVICER,EVIGEN) values ('EES','ESPAÑOL EN TERRITORIO NACIONAL Y FAMILIAR EXTRANJERO EN ORIGEN (ART. 97.1.A)','N','S');
Insert into VIA_ACCESO (EVICOD,EVIDES,EVICER,EVIGEN) values ('EFO','ESPAÑOL Y FAMILIAR EXTRANJERO FUERA DE ESPAÑA (ART. 97.1.B)','N','S');
Insert into VIA_ACCESO (EVICOD,EVIDES,EVICER,EVIGEN) values ('EFE','ESPAÑOL Y FAMILIAR EXTRANJERO EN ESPAÑA ART. 97.1.C)','N','S');
Insert into VIA_ACCESO (EVICOD,EVIDES,EVICER,EVIGEN) values ('DT4','HIJOS Y ASCENDIENTES DE LA DISPOSICIÓN TRANSITORIA CUARTA (DT4)','N','S');
Insert into VIA_ACCESO (EVICOD,EVIDES,EVICER,EVIGEN) values ('EFR','RENOVACIÓN (ART. 95.4)','N','S');
Insert into VIA_ACCESO (EVICOD,EVIDES,EVICER,EVIGEN) values ('EFI','RESIDENCIA INDEPENDIENTE (ART. 99)','N','S');


-- AUTORIZAC
Insert into AUTORIZAC (AUTCOD,AUTDES,AUTFLAGS,AUTVAL,AUTGRP,AUTCLA,AUTMOD,AUTTIP,AUTDES_CAT,AUTDES_CAT_CAS,AUTDES_UMI,AUTJERAR,AUTCLAS) values ('B6I001','Residencia temporal de familiar de ciudadano español - INICIAL Español en territorio nacional y familiar extranjero en origen (art. 97.1.a)',null,'S',null,null,null,null,null,null,null,null,null);
Insert into AUTORIZAC (AUTCOD,AUTDES,AUTFLAGS,AUTVAL,AUTGRP,AUTCLA,AUTMOD,AUTTIP,AUTDES_CAT,AUTDES_CAT_CAS,AUTDES_UMI,AUTJERAR,AUTCLAS) values ('B6I002','Residencia temporal de familiar de ciudadano español - INICIAL Español y familiar extranjero fuera de España (art. 97.1.b)',null,'S',null,null,null,null,null,null,null,null,null);
Insert into AUTORIZAC (AUTCOD,AUTDES,AUTFLAGS,AUTVAL,AUTGRP,AUTCLA,AUTMOD,AUTTIP,AUTDES_CAT,AUTDES_CAT_CAS,AUTDES_UMI,AUTJERAR,AUTCLAS) values ('B6I003','Residencia temporal de familiar de ciudadano español - INICIAL Español y familiar extranjero en España (art. 97.1.c)',null,'S',null,null,null,null,null,null,null,null,null);
Insert into AUTORIZAC (AUTCOD,AUTDES,AUTFLAGS,AUTVAL,AUTGRP,AUTCLA,AUTMOD,AUTTIP,AUTDES_CAT,AUTDES_CAT_CAS,AUTDES_UMI,AUTJERAR,AUTCLAS) values ('B6I004','Residencia temporal de familiar de ciudadano español - INICIAL Hijos y ascendientes de la disposición transitoria cuarta (DT4)',null,'S',null,null,null,null,null,null,null,null,null);
Insert into AUTORIZAC (AUTCOD,AUTDES,AUTFLAGS,AUTVAL,AUTGRP,AUTCLA,AUTMOD,AUTTIP,AUTDES_CAT,AUTDES_CAT_CAS,AUTDES_UMI,AUTJERAR,AUTCLAS) values ('B6R001','Residencia temporal de familiar de ciudadano español - RENOVACIÓN (art. 95.4)',null,'S',null,null,null,null,null,null,null,null,null);
Insert into AUTORIZAC (AUTCOD,AUTDES,AUTFLAGS,AUTVAL,AUTGRP,AUTCLA,AUTMOD,AUTTIP,AUTDES_CAT,AUTDES_CAT_CAS,AUTDES_UMI,AUTJERAR,AUTCLAS) values ('B6I005','Residencia temporal de familiar de ciudadano español - INDEPENDIENTE (art. 99)',null,'S',null,null,null,null,null,null,null,null,null);


--  VIA_PERMISO
Insert into VIA_PERMISO (EVPPER,EVPVIA,EVPFLAGS,EVPVAL,EVPMTAS,EVPFECINI,EVPFECFIN,EVPFORMULARIO,EVPESCCOS,EVPFGR,EVPVERRES,CODIGO_SIA,IGUALDAD,EVPDGPTJ,EVPETIQUETAFAM,EVPPROMOTOR,EVPTRANSFRONTERIZO,EVPFAMILIAR,EVPNACIONALIDAD,EVPNIVELESTUDIOS,EVPCENTROESTUDIOS,EVPAMBITO,EVPVISADODESCESP,EVPRECUPERALD,EVPIGUALDAD,EVPTIPOTITULAR,EVPRESSINPAGTASR,EVPNSOPORTEUE,EVPCNED,EVPADJDOCRESUELTO,EVPPERMANENTE,EVPNUMPLAZO,EVPTIPPLAZO,EVPTIPESTIMACION,EVPLEYENDA,EVPINITASAS) values ('FEI','EFO','SDENNNNNNNNNNNNNNNNNN O N          N NND','S','B6I002',to_date('20/05/25','DD/MM/RR'),null,'EX24','S',to_date('25/02/25','DD/MM/RR'),'S','201321','N','S','F','N','N','C',null,'N','N',null,'N','N','N','G','N','N','N','N','N','2','M','D','S','N');
Insert into VIA_PERMISO (EVPPER,EVPVIA,EVPFLAGS,EVPVAL,EVPMTAS,EVPFECINI,EVPFECFIN,EVPFORMULARIO,EVPESCCOS,EVPFGR,EVPVERRES,CODIGO_SIA,IGUALDAD,EVPDGPTJ,EVPETIQUETAFAM,EVPPROMOTOR,EVPTRANSFRONTERIZO,EVPFAMILIAR,EVPNACIONALIDAD,EVPNIVELESTUDIOS,EVPCENTROESTUDIOS,EVPAMBITO,EVPVISADODESCESP,EVPRECUPERALD,EVPIGUALDAD,EVPTIPOTITULAR,EVPRESSINPAGTASR,EVPNSOPORTEUE,EVPCNED,EVPADJDOCRESUELTO,EVPPERMANENTE,EVPNUMPLAZO,EVPTIPPLAZO,EVPTIPESTIMACION,EVPLEYENDA,EVPINITASAS) values ('FEI','EFE','SDENNNNNNNNNNNNNNNNNN O N          N NND','S','B6I003',to_date('20/05/25','DD/MM/RR'),null,'EX24','S',to_date('25/02/25','DD/MM/RR'),'S','201321','N','S','F','N','N','C',null,'N','N',null,'N','N','N','G','N','N','N','N','N','2','M','D','S','N');
Insert into VIA_PERMISO (EVPPER,EVPVIA,EVPFLAGS,EVPVAL,EVPMTAS,EVPFECINI,EVPFECFIN,EVPFORMULARIO,EVPESCCOS,EVPFGR,EVPVERRES,CODIGO_SIA,IGUALDAD,EVPDGPTJ,EVPETIQUETAFAM,EVPPROMOTOR,EVPTRANSFRONTERIZO,EVPFAMILIAR,EVPNACIONALIDAD,EVPNIVELESTUDIOS,EVPCENTROESTUDIOS,EVPAMBITO,EVPVISADODESCESP,EVPRECUPERALD,EVPIGUALDAD,EVPTIPOTITULAR,EVPRESSINPAGTASR,EVPNSOPORTEUE,EVPCNED,EVPADJDOCRESUELTO,EVPPERMANENTE,EVPNUMPLAZO,EVPTIPPLAZO,EVPTIPESTIMACION,EVPLEYENDA,EVPINITASAS) values ('FRV','EFR','SDENNNNNNNNNNNNNNNNNN O N          N NND','S','B6R001',to_date('20/05/25','DD/MM/RR'),null,'EX24','S',to_date('25/02/25','DD/MM/RR'),'S','201321','N','S','F','N','N','C',null,'N','N',null,'N','N','N','G','N','N','N','N','N','2','M','E','S','N');
Insert into VIA_PERMISO (EVPPER,EVPVIA,EVPFLAGS,EVPVAL,EVPMTAS,EVPFECINI,EVPFECFIN,EVPFORMULARIO,EVPESCCOS,EVPFGR,EVPVERRES,CODIGO_SIA,IGUALDAD,EVPDGPTJ,EVPETIQUETAFAM,EVPPROMOTOR,EVPTRANSFRONTERIZO,EVPFAMILIAR,EVPNACIONALIDAD,EVPNIVELESTUDIOS,EVPCENTROESTUDIOS,EVPAMBITO,EVPVISADODESCESP,EVPRECUPERALD,EVPIGUALDAD,EVPTIPOTITULAR,EVPRESSINPAGTASR,EVPNSOPORTEUE,EVPCNED,EVPADJDOCRESUELTO,EVPPERMANENTE,EVPNUMPLAZO,EVPTIPPLAZO,EVPTIPESTIMACION,EVPLEYENDA,EVPINITASAS) values ('FIN','EFI','SDENNNNNNNNNNNNNNNNNN O N          N NND','S','B6I005',to_date('20/05/25','DD/MM/RR'),null,'EX24','S',to_date('25/02/25','DD/MM/RR'),'S','201321','N','S','F','N','N','C',null,'N','N',null,'N','N','N','G','N','N','N','N','N','2','M','D','S','N');
Insert into VIA_PERMISO (EVPPER,EVPVIA,EVPFLAGS,EVPVAL,EVPMTAS,EVPFECINI,EVPFECFIN,EVPFORMULARIO,EVPESCCOS,EVPFGR,EVPVERRES,CODIGO_SIA,IGUALDAD,EVPDGPTJ,EVPETIQUETAFAM,EVPPROMOTOR,EVPTRANSFRONTERIZO,EVPFAMILIAR,EVPNACIONALIDAD,EVPNIVELESTUDIOS,EVPCENTROESTUDIOS,EVPAMBITO,EVPVISADODESCESP,EVPRECUPERALD,EVPIGUALDAD,EVPTIPOTITULAR,EVPRESSINPAGTASR,EVPNSOPORTEUE,EVPCNED,EVPADJDOCRESUELTO,EVPPERMANENTE,EVPNUMPLAZO,EVPTIPPLAZO,EVPTIPESTIMACION,EVPLEYENDA,EVPINITASAS) values ('FEI','EES','SDENNNNNNNNNNNNNNNNNN O N          N NND','S','B6I001',to_date('20/05/25','DD/MM/RR'),null,'EX24','S',to_date('25/02/25','DD/MM/RR'),'S','201321','N','S','F','N','N','C',null,'N','N',null,'N','N','N','G','N','N','N','N','N','2','M','D','S','N');
Insert into VIA_PERMISO (EVPPER,EVPVIA,EVPFLAGS,EVPVAL,EVPMTAS,EVPFECINI,EVPFECFIN,EVPFORMULARIO,EVPESCCOS,EVPFGR,EVPVERRES,CODIGO_SIA,IGUALDAD,EVPDGPTJ,EVPETIQUETAFAM,EVPPROMOTOR,EVPTRANSFRONTERIZO,EVPFAMILIAR,EVPNACIONALIDAD,EVPNIVELESTUDIOS,EVPCENTROESTUDIOS,EVPAMBITO,EVPVISADODESCESP,EVPRECUPERALD,EVPIGUALDAD,EVPTIPOTITULAR,EVPRESSINPAGTASR,EVPNSOPORTEUE,EVPCNED,EVPADJDOCRESUELTO,EVPPERMANENTE,EVPNUMPLAZO,EVPTIPPLAZO,EVPTIPESTIMACION,EVPLEYENDA,EVPINITASAS) values ('FEI','DT4','SDENNNNNNNNNNNNNNNNNN O N          N NND','S','B6I004',to_date('20/05/25','DD/MM/RR'),null,'EX24','S',to_date('25/02/25','DD/MM/RR'),'S','201321','N','S','F','N','N','C',null,'N','N',null,'N','N','N','G','N','N','N','N','N','2','M','D','S','N');

--  CONFIGURACION_AUTORIZACIONES

Insert into CONFIGURACION_AUTORIZACIONES (ID_CFG_AUTORIZACIONES,TIPO_COMPETENCIA,COD_PERMISO,COD_VIA,ALTA_EXPEDIENTES,MOD_EXPEDIENTES,RES_EXPEDIENTE,RES_PROPUESTA_AGE,RES_PROPUESTA_CCAA,GEN_TASAS_TRABAJO,GEN_TASAS_RESIDENCIA,POR_DEFECTO) values (SQ_CONF_AUTORIZACIONES.NEXTVAL,'00002','FEI','EES','S','S','S','N','N','S','S','N');
Insert into CONFIGURACION_AUTORIZACIONES (ID_CFG_AUTORIZACIONES,TIPO_COMPETENCIA,COD_PERMISO,COD_VIA,ALTA_EXPEDIENTES,MOD_EXPEDIENTES,RES_EXPEDIENTE,RES_PROPUESTA_AGE,RES_PROPUESTA_CCAA,GEN_TASAS_TRABAJO,GEN_TASAS_RESIDENCIA,POR_DEFECTO) values (SQ_CONF_AUTORIZACIONES.NEXTVAL,'00002','FEI','EFO','S','S','S','N','N','S','S','N');
Insert into CONFIGURACION_AUTORIZACIONES (ID_CFG_AUTORIZACIONES,TIPO_COMPETENCIA,COD_PERMISO,COD_VIA,ALTA_EXPEDIENTES,MOD_EXPEDIENTES,RES_EXPEDIENTE,RES_PROPUESTA_AGE,RES_PROPUESTA_CCAA,GEN_TASAS_TRABAJO,GEN_TASAS_RESIDENCIA,POR_DEFECTO) values (SQ_CONF_AUTORIZACIONES.NEXTVAL,'00002','FEI','EFE','S','S','S','N','N','S','S','N');
Insert into CONFIGURACION_AUTORIZACIONES (ID_CFG_AUTORIZACIONES,TIPO_COMPETENCIA,COD_PERMISO,COD_VIA,ALTA_EXPEDIENTES,MOD_EXPEDIENTES,RES_EXPEDIENTE,RES_PROPUESTA_AGE,RES_PROPUESTA_CCAA,GEN_TASAS_TRABAJO,GEN_TASAS_RESIDENCIA,POR_DEFECTO) values (SQ_CONF_AUTORIZACIONES.NEXTVAL,'00002','FEI','DT4','S','S','S','N','N','S','S','N');
Insert into CONFIGURACION_AUTORIZACIONES (ID_CFG_AUTORIZACIONES,TIPO_COMPETENCIA,COD_PERMISO,COD_VIA,ALTA_EXPEDIENTES,MOD_EXPEDIENTES,RES_EXPEDIENTE,RES_PROPUESTA_AGE,RES_PROPUESTA_CCAA,GEN_TASAS_TRABAJO,GEN_TASAS_RESIDENCIA,POR_DEFECTO) values (SQ_CONF_AUTORIZACIONES.NEXTVAL,'00002','FRV','EFR','S','S','S','N','N','S','S','N');
Insert into CONFIGURACION_AUTORIZACIONES (ID_CFG_AUTORIZACIONES,TIPO_COMPETENCIA,COD_PERMISO,COD_VIA,ALTA_EXPEDIENTES,MOD_EXPEDIENTES,RES_EXPEDIENTE,RES_PROPUESTA_AGE,RES_PROPUESTA_CCAA,GEN_TASAS_TRABAJO,GEN_TASAS_RESIDENCIA,POR_DEFECTO) values (SQ_CONF_AUTORIZACIONES.NEXTVAL,'00002','FIN','EFI','S','S','S','N','N','S','S','N');
Insert into CONFIGURACION_AUTORIZACIONES (ID_CFG_AUTORIZACIONES,TIPO_COMPETENCIA,COD_PERMISO,COD_VIA,ALTA_EXPEDIENTES,MOD_EXPEDIENTES,RES_EXPEDIENTE,RES_PROPUESTA_AGE,RES_PROPUESTA_CCAA,GEN_TASAS_TRABAJO,GEN_TASAS_RESIDENCIA,POR_DEFECTO) values (SQ_CONF_AUTORIZACIONES.NEXTVAL,'00003','FEI','EES','S','S','S','N','N','S','S','N');
Insert into CONFIGURACION_AUTORIZACIONES (ID_CFG_AUTORIZACIONES,TIPO_COMPETENCIA,COD_PERMISO,COD_VIA,ALTA_EXPEDIENTES,MOD_EXPEDIENTES,RES_EXPEDIENTE,RES_PROPUESTA_AGE,RES_PROPUESTA_CCAA,GEN_TASAS_TRABAJO,GEN_TASAS_RESIDENCIA,POR_DEFECTO) values (SQ_CONF_AUTORIZACIONES.NEXTVAL,'00003','FEI','EFO','S','S','S','N','N','S','S','N');
Insert into CONFIGURACION_AUTORIZACIONES (ID_CFG_AUTORIZACIONES,TIPO_COMPETENCIA,COD_PERMISO,COD_VIA,ALTA_EXPEDIENTES,MOD_EXPEDIENTES,RES_EXPEDIENTE,RES_PROPUESTA_AGE,RES_PROPUESTA_CCAA,GEN_TASAS_TRABAJO,GEN_TASAS_RESIDENCIA,POR_DEFECTO) values (SQ_CONF_AUTORIZACIONES.NEXTVAL,'00003','FEI','EFE','S','S','S','N','N','S','S','N');
Insert into CONFIGURACION_AUTORIZACIONES (ID_CFG_AUTORIZACIONES,TIPO_COMPETENCIA,COD_PERMISO,COD_VIA,ALTA_EXPEDIENTES,MOD_EXPEDIENTES,RES_EXPEDIENTE,RES_PROPUESTA_AGE,RES_PROPUESTA_CCAA,GEN_TASAS_TRABAJO,GEN_TASAS_RESIDENCIA,POR_DEFECTO) values (SQ_CONF_AUTORIZACIONES.NEXTVAL,'00003','FEI','DT4','S','S','S','N','N','S','S','N');
Insert into CONFIGURACION_AUTORIZACIONES (ID_CFG_AUTORIZACIONES,TIPO_COMPETENCIA,COD_PERMISO,COD_VIA,ALTA_EXPEDIENTES,MOD_EXPEDIENTES,RES_EXPEDIENTE,RES_PROPUESTA_AGE,RES_PROPUESTA_CCAA,GEN_TASAS_TRABAJO,GEN_TASAS_RESIDENCIA,POR_DEFECTO) values (SQ_CONF_AUTORIZACIONES.NEXTVAL,'00003','FRV','EFR','S','S','S','N','N','S','S','N');
Insert into CONFIGURACION_AUTORIZACIONES (ID_CFG_AUTORIZACIONES,TIPO_COMPETENCIA,COD_PERMISO,COD_VIA,ALTA_EXPEDIENTES,MOD_EXPEDIENTES,RES_EXPEDIENTE,RES_PROPUESTA_AGE,RES_PROPUESTA_CCAA,GEN_TASAS_TRABAJO,GEN_TASAS_RESIDENCIA,POR_DEFECTO) values (SQ_CONF_AUTORIZACIONES.NEXTVAL,'00003','FIN','EFI','S','S','S','N','N','S','S','N');

commit;
-- EX00

--   PERMISOS
Insert into PERMISOS (EPEPER,EPENOM,EPELUC,EPECOM,EPECAP,EPEFCO,EPEFEX,EPERES,EPEVAL,EPEGRP,EPETIP,EPEFLAGS,EPEVIA,EPEMVA,EPEREG,EPECARTASMTAS,EPENOMBRESEDE,EXCLUDESEDE) values ('ELI','AUTORIZACIÓN DE ESTANCIA DE LARGA DURACIÓN INICIAL POR ESTUDIOS, MOVILIDAD DE ALUMNOS, SERVICIOS DE VOLUNTARIADO O ACTIVIDADES FORMATIVAS','N',' ','N','N','N','S','S','PER','TJ','SSNCNNNSNNNNNNN',null,'12','RD1155','N',null,'N');
Insert into PERMISOS (EPEPER,EPENOM,EPELUC,EPECOM,EPECAP,EPEFCO,EPEFEX,EPERES,EPEVAL,EPEGRP,EPETIP,EPEFLAGS,EPEVIA,EPEMVA,EPEREG,EPECARTASMTAS,EPENOMBRESEDE,EXCLUDESEDE) values ('EAI','AUTORIZACIÓN DE TRABAJO POR CUENTA AJENA INICIAL PARA TITULAR DE ESTANCIA DE LARGA DURACIÓN','N',' ','N','N','N','S','S','PER','TJ','SSNCNNNSNNNNNNN',null,'12','RD1155','N',null,'N');
Insert into PERMISOS (EPEPER,EPENOM,EPELUC,EPECOM,EPECAP,EPEFCO,EPEFEX,EPERES,EPEVAL,EPEGRP,EPETIP,EPEFLAGS,EPEVIA,EPEMVA,EPEREG,EPECARTASMTAS,EPENOMBRESEDE,EXCLUDESEDE) values ('EPI','AUTORIZACIÓN DE TRABAJO POR CUENTA PROPIA INICIAL PARA TITULAR DE ESTANCIA DE LARGA DURACIÓN ','N',' ','N','N','N','S','S','PER','TJ','SSNCNNNSNNNNNNN',null,'12','RD1155','N',null,'N');
Insert into PERMISOS (EPEPER,EPENOM,EPELUC,EPECOM,EPECAP,EPEFCO,EPEFEX,EPERES,EPEVAL,EPEGRP,EPETIP,EPEFLAGS,EPEVIA,EPEMVA,EPEREG,EPECARTASMTAS,EPENOMBRESEDE,EXCLUDESEDE) values ('ELP','AUTORIZACIÓN DE ESTANCIA DE LARGA DURACIÓN PRORROGADA POR ESTUDIOS, MOVILIDAD DE ALUMNOS, SERVICIOS DE VOLUNTARIADO O ACTIVIDADES FORMATIVAS','N',' ','N','N','N','S','S','PER','TJ','SSNCNNNSNNNNNNN',null,'12','RD1155','N',null,'N');
Insert into PERMISOS (EPEPER,EPENOM,EPELUC,EPECOM,EPECAP,EPEFCO,EPEFEX,EPERES,EPEVAL,EPEGRP,EPETIP,EPEFLAGS,EPEVIA,EPEMVA,EPEREG,EPECARTASMTAS,EPENOMBRESEDE,EXCLUDESEDE) values ('EAR','AUTORIZACIÓN DE TRABAJO POR CUENTA AJENA PARA TITULAR DE ESTANCIA DE LARGA DURACIÓN PRORROGADA','N',' ','N','N','N','S','S','PER','TJ','SSNCNNNSNNNNNNN',null,'12','RD1155','N',null,'N');
Insert into PERMISOS (EPEPER,EPENOM,EPELUC,EPECOM,EPECAP,EPEFCO,EPEFEX,EPERES,EPEVAL,EPEGRP,EPETIP,EPEFLAGS,EPEVIA,EPEMVA,EPEREG,EPECARTASMTAS,EPENOMBRESEDE,EXCLUDESEDE) values ('EPR','AUTORIZACIÓN DE TRABAJO POR CUENTA PROPIA PARA TITULAR DE ESTANCIA DE LARGA DURACIÓN PRORROGADA','N',' ','N','N','N','S','S','PER','TJ','SSNCNNNSNNNNNNN',null,'12','RD1155','N',null,'N');

-- VIA_ACCESO

Insert into VIA_ACCESO (EVICOD,EVIDES,EVICER,EVIGEN) values ('ESE','AUTORIZACIÓN DE ESTANCIA INICIAL PARA LA REALIZACIÓN DE ESTUDIOS SUPERIORES. ART. 52.1.A. SOLICITADA EN ESPAÑA','N','S');
Insert into VIA_ACCESO (EVICOD,EVIDES,EVICER,EVIGEN) values ('ESI','AUTORIZACIÓN DE ESTANCIA INICIAL PARA LA REALIZACIÓN DE ESTUDIOS SUPERIORES (ART.52.1.A) SOLICITADA PARA PERSONA EN SITUACIÓN REGULAR EN ESPAÑA POR INSTITUCIÓN O CENTRO DE ENSEÑANZA SUPERIOR. ART. 54.6 ','N','S');
Insert into VIA_ACCESO (EVICOD,EVIDES,EVICER,EVIGEN) values ('EPE','AUTORIZACIÓN DE ESTANCIA INICIAL PARA LA REALIZACIÓN DE ESTUDIOS DE EDUCACIÓN SECUNDARIA POSTOBLIGATORIA. ART. 52.1.B. SOLICITADA EN ESPAÑA','N','S');
Insert into VIA_ACCESO (EVICOD,EVIDES,EVICER,EVIGEN) values ('EPC','AUTORIZACIÓN DE ESTANCIA INICIAL PARA LA REALIZACIÓN DE ESTUDIOS DE EDUCACIÓN SECUNDARIA POSTOBLIGATORIA. ART. 52.1.B. SOLICITADA EN OFICINA CONSULAR','N','S');
Insert into VIA_ACCESO (EVICOD,EVIDES,EVICER,EVIGEN) values ('PME','AUTORIZACIÓN DE ESTANCIA PARA LA PARTICIPACIÓN EN PROGRAMAS DE MOVILIDAD DE ALUMNOS, PROGRAMA DE ESO O POSTOBLIGATORIA. ART. 52.1.C. SOLICITADA EN ESPAÑA','N','S');
Insert into VIA_ACCESO (EVICOD,EVIDES,EVICER,EVIGEN) values ('PMC','AUTORIZACIÓN DE ESTANCIA PARA LA PARTICIPACIÓN EN PROGRAMAS DE MOVILIDAD DE ALUMNOS, PROGRAMA DE ESO O POSTOBLIGATORIA. ART. 52.1.C. SOLICITADA EN OFICINA CONSULAR','N','S');
Insert into VIA_ACCESO (EVICOD,EVIDES,EVICER,EVIGEN) values ('EVE','AUTORIZACIÓN DE ESTANCIA INICIAL PARA LA PRESTACIÓN DE SERVICIOS DE VOLUNTARIADO. ART. 52.1.D. SOLICITADA EN ESPAÑA','N','S');
Insert into VIA_ACCESO (EVICOD,EVIDES,EVICER,EVIGEN) values ('EVC','AUTORIZACIÓN DE ESTANCIA INICIAL PARA LA PRESTACIÓN DE SERVICIOS DE VOLUNTARIADO. ART. 52.1.D. SOLICITADA EN OFICINA CONSULAR','N','S');
Insert into VIA_ACCESO (EVICOD,EVIDES,EVICER,EVIGEN) values ('FOE','AUTORIZACIÓN DE ESTANCIA INICIAL PARA LA REALIZACIÓN DE ACTIVIDADES FORMATIVAS. ART. 52.1.E. SOLICITADA EN ESPAÑA','N','S');
Insert into VIA_ACCESO (EVICOD,EVIDES,EVICER,EVIGEN) values ('FOC','AUTORIZACIÓN DE ESTANCIA INICIAL PARA LA REALIZACIÓN DE ACTIVIDADES FORMATIVAS. ART. 52.1.E. SOLICITADA EN OFICINA CONSULAR','N','S');
Insert into VIA_ACCESO (EVICOD,EVIDES,EVICER,EVIGEN) values ('FIE','AUTORIZACIÓN INICIAL DE ESTANCIA DE FAMILIAR DE LA PERSONA TITULAR DE UNA AUTORIZACIÓN DE ESTANCIA DE LARGA DURACIÓN POR ESTUDIOS SUPERIORES. ART. 56.1. SOLICITADA EN ESPAÑA','N','S');
Insert into VIA_ACCESO (EVICOD,EVIDES,EVICER,EVIGEN) values ('FIC','AUTORIZACIÓN INICIAL DE ESTANCIA DE FAMILIAR DE LA PERSONA TITULAR DE UNA AUTORIZACIÓN DE ESTANCIA DE LARGA DURACIÓN POR ESTUDIOS SUPERIORES. ART. 56.1. SOLICITADA EN OFICINA CONSULAR','N','S');
Insert into VIA_ACCESO (EVICOD,EVIDES,EVICER,EVIGEN) values ('TAI','AUTORIZACIÓN INICIAL PARA TRABAJAR POR CUENTA AJENA . ART. 57.1','N','S');
Insert into VIA_ACCESO (EVICOD,EVIDES,EVICER,EVIGEN) values ('TPI','AUTORIZACIÓN INICIAL PARA TRABAJAR POR CUENTA PROPIA. ART. 57.1','N','S');
Insert into VIA_ACCESO (EVICOD,EVIDES,EVICER,EVIGEN) values ('ASE','AUTORIZACIÓN DE ESTANCIAS INICIAL PARA LA REALIZACIÓN DE ESTUDIOS DE ESPECIALIZACIÓN EN EL AMBITO SANITARIO. ART. 58. SOLICITADA EN ESPAÑA','N','S');
Insert into VIA_ACCESO (EVICOD,EVIDES,EVICER,EVIGEN) values ('ASC','AUTORIZACIÓN DE ESTANCIAS INICIAL PARA LA REALIZACIÓN DE ESTUDIOS DE ESPECIALIZACIÓN EN EL AMBITO SANITARIO. ART. 58. SOLICITADA EN OFICINA CONSULAR','N','S');
Insert into VIA_ACCESO (EVICOD,EVIDES,EVICER,EVIGEN) values ('SFE','AUTORIZACIÓN DE ESTANCIA INICIAL DE FAMILIAR DE TITULAR DE ESTANCIA POR ESTUDIOS DE ESPECIALIZACIÓN EN EL AMBITO SANITARIO. ART. 56.1. SOLICITADA EN ESPAÑA','N','S');
Insert into VIA_ACCESO (EVICOD,EVIDES,EVICER,EVIGEN) values ('SFC','AUTORIZACIÓN DE ESTANCIA INICIAL DE FAMILIAR DE TITULAR DE ESTANCIA POR ESTUDIOS DE ESPECIALIZACIÓN EN EL AMBITO SANITARIO. ART. 56.1. SOLICITADA EN OFICINA CONSULAR','N','S');
Insert into VIA_ACCESO (EVICOD,EVIDES,EVICER,EVIGEN) values ('CDE','COMUNICACIÓN DE DESPLAZAMIENTO POR ESTUDIOS SUPERIORES. ART. 59.2','N','S');
Insert into VIA_ACCESO (EVICOD,EVIDES,EVICER,EVIGEN) values ('MUE','MOVILIDAD DE ESTUDIANTES DENTRO DE LA UNIÓN EUROPEA. ART. 59.3. ','N','S');
Insert into VIA_ACCESO (EVICOD,EVIDES,EVICER,EVIGEN) values ('AUP','ESTANCIA COMO AU PAIR (ART. 33.5 LOEX)','N','S');
Insert into VIA_ACCESO (EVICOD,EVIDES,EVICER,EVIGEN) values ('ESP','AUTORIZACIÓN DE ESTANCIAS PRORROGADA PARA LA REALIZACIÓN DE ESTUDIOS SUPERIORES. ART. 52.1.A,','N','S');
Insert into VIA_ACCESO (EVICOD,EVIDES,EVICER,EVIGEN) values ('EPP','AUTORIZACIÓN DE ESTANCIAS PRORROGADA PARA LA REALIZACIÓN DE ESTUDIOS DE EDUCACIÓN SECUNDARIA POSTOBLIGATORIA. ART. 52.1.B','N','S');
Insert into VIA_ACCESO (EVICOD,EVIDES,EVICER,EVIGEN) values ('EVP','AUTORIZACIÓN DE ESTANCIAS PRORROGADA PARA LA PRESTACIÓN DE SERVICIOS DE VOLUNTARIADO. ART. 52.1.D','N','S');
Insert into VIA_ACCESO (EVICOD,EVIDES,EVICER,EVIGEN) values ('FOP','AUTORIZACIÓN DE ESTANCIAS PRORROGADA PARA LA REALIZACIÓN DE ACTIVIDADES FORMATIVAS. ART. 52.1.E','N','S');
Insert into VIA_ACCESO (EVICOD,EVIDES,EVICER,EVIGEN) values ('FEP','AUTORIZACIÓN DE ESTANCIA PRORROGADA DE FAMILIAR DE LA PERSONA TITULAR DE UNA AUTORIZACIÓN DE ESTANCIA DE LARGA DURACIÓN POR ESTUDIOS SUPERIORES. ART. 56','N','S');
Insert into VIA_ACCESO (EVICOD,EVIDES,EVICER,EVIGEN) values ('TAP','AUTORIZACIÓN PRORROGADA PARA TRABAJAR POR CUENTA AJENA. ART. 57.4','N','S');
Insert into VIA_ACCESO (EVICOD,EVIDES,EVICER,EVIGEN) values ('ESC','AUTORIZACIÓN DE ESTANCIA PARA LA REALIZACIÓN DE ESTUDIOS SUPERIORES. ART. 52.1.A. SOLICITADA EN OFICINA CONSULAR','N','S');
Insert into VIA_ACCESO (EVICOD,EVIDES,EVICER,EVIGEN) values ('TPP','AUTORIZACIÓN PRORROGADA PARA TRABAJAR POR CUENTA PROPIA. ART. 57.4','N','S');



-- AUTORIZAC


Insert into AUTORIZAC (AUTCOD,AUTDES,AUTFLAGS,AUTVAL,AUTGRP,AUTCLA,AUTMOD,AUTTIP,AUTDES_CAT,AUTDES_CAT_CAS,AUTDES_UMI,AUTJERAR,AUTCLAS) values ('A1I000','AUTORIZACIÓN DE ESTANCIA DE LARGA DURACIÓN INICIAL POR ESTUDIOS, MOVILIDAD DE ALUMNOS, SERVICIOS DE VOLUNTARIADO O ACTIVIDADES FORMATIVAS	AUTORIZACIÓN DE ESTANCIA INICIAL PARA LA REALIZACIÓN DE ESTUDIOS SUPERIORES. ART. 52.1.A. SOLICITADA EN ESPAÑA',null,'S',null,null,null,null,null,null,null,null,null);
Insert into AUTORIZAC (AUTCOD,AUTDES,AUTFLAGS,AUTVAL,AUTGRP,AUTCLA,AUTMOD,AUTTIP,AUTDES_CAT,AUTDES_CAT_CAS,AUTDES_UMI,AUTJERAR,AUTCLAS) values ('A1I001','AUTORIZACIÓN DE ESTANCIA DE LARGA DURACIÓN INICIAL POR ESTUDIOS, MOVILIDAD DE ALUMNOS, SERVICIOS DE VOLUNTARIADO O ACTIVIDADES FORMATIVAS	AUTORIZACIÓN DE ESTANCIA PARA LA REALIZACIÓN DE ESTUDIOS SUPERIORES. ART. 52.1.A. SOLICITADA EN OFICINA CONSULAR',null,'S',null,null,null,null,null,null,null,null,null);
Insert into AUTORIZAC (AUTCOD,AUTDES,AUTFLAGS,AUTVAL,AUTGRP,AUTCLA,AUTMOD,AUTTIP,AUTDES_CAT,AUTDES_CAT_CAS,AUTDES_UMI,AUTJERAR,AUTCLAS) values ('A1I002','AUTORIZACIÓN DE ESTANCIA DE LARGA DURACIÓN INICIAL POR ESTUDIOS, MOVILIDAD DE ALUMNOS, SERVICIOS DE VOLUNTARIADO O ACTIVIDADES FORMATIVAS	AUTORIZACIÓN DE ESTANCIA INICIAL PARA LA REALIZACIÓN DE ESTUDIOS SUPERIORES (ART.52.1.A) SOLICITADA PARA PERSONA EN SITUACIÓN REGULAR EN ESPAÑA POR INSTITUCIÓN O CENTRO DE ENSEÑANZA SUPERIOR. ART. 54.6        ',null,'S',null,null,null,null,null,null,null,null,null);
Insert into AUTORIZAC (AUTCOD,AUTDES,AUTFLAGS,AUTVAL,AUTGRP,AUTCLA,AUTMOD,AUTTIP,AUTDES_CAT,AUTDES_CAT_CAS,AUTDES_UMI,AUTJERAR,AUTCLAS) values ('A1I003','AUTORIZACIÓN DE ESTANCIA DE LARGA DURACIÓN INICIAL POR ESTUDIOS, MOVILIDAD DE ALUMNOS, SERVICIOS DE VOLUNTARIADO O ACTIVIDADES FORMATIVAS	AUTORIZACIÓN DE ESTANCIA INICIAL PARA LA REALIZACIÓN DE ESTUDIOS DE EDUCACIÓN SECUNDARIA POSTOBLIGATORIA. ART. 52.1.B. SOLICITADA EN ESPAÑA',null,'S',null,null,null,null,null,null,null,null,null);
Insert into AUTORIZAC (AUTCOD,AUTDES,AUTFLAGS,AUTVAL,AUTGRP,AUTCLA,AUTMOD,AUTTIP,AUTDES_CAT,AUTDES_CAT_CAS,AUTDES_UMI,AUTJERAR,AUTCLAS) values ('A1I004','AUTORIZACIÓN DE ESTANCIA DE LARGA DURACIÓN INICIAL POR ESTUDIOS, MOVILIDAD DE ALUMNOS, SERVICIOS DE VOLUNTARIADO O ACTIVIDADES FORMATIVAS	AUTORIZACIÓN DE ESTANCIA INICIAL PARA LA REALIZACIÓN DE ESTUDIOS DE EDUCACIÓN SECUNDARIA POSTOBLIGATORIA. ART. 52.1.B. SOLICITADA EN OFICINA CONSULAR',null,'S',null,null,null,null,null,null,null,null,null);
Insert into AUTORIZAC (AUTCOD,AUTDES,AUTFLAGS,AUTVAL,AUTGRP,AUTCLA,AUTMOD,AUTTIP,AUTDES_CAT,AUTDES_CAT_CAS,AUTDES_UMI,AUTJERAR,AUTCLAS) values ('A1I005','AUTORIZACIÓN DE ESTANCIA DE LARGA DURACIÓN INICIAL POR ESTUDIOS, MOVILIDAD DE ALUMNOS, SERVICIOS DE VOLUNTARIADO O ACTIVIDADES FORMATIVAS	AUTORIZACIÓN DE ESTANCIA PARA LA PARTICIPACIÓN EN PROGRAMAS DE MOVILIDAD DE ALUMNOS, PROGRAMA DE ESO O POSTOBLIGATORIA. ART. 52.1.C. SOLICITADA EN ESPAÑA',null,'S',null,null,null,null,null,null,null,null,null);
Insert into AUTORIZAC (AUTCOD,AUTDES,AUTFLAGS,AUTVAL,AUTGRP,AUTCLA,AUTMOD,AUTTIP,AUTDES_CAT,AUTDES_CAT_CAS,AUTDES_UMI,AUTJERAR,AUTCLAS) values ('A1I006','AUTORIZACIÓN DE ESTANCIA DE LARGA DURACIÓN INICIAL POR ESTUDIOS, MOVILIDAD DE ALUMNOS, SERVICIOS DE VOLUNTARIADO O ACTIVIDADES FORMATIVAS	AUTORIZACIÓN DE ESTANCIA PARA LA PARTICIPACIÓN EN PROGRAMAS DE MOVILIDAD DE ALUMNOS, PROGRAMA DE ESO O POSTOBLIGATORIA. ART. 52.1.C. SOLICITADA EN OFICINA CONSULAR',null,'S',null,null,null,null,null,null,null,null,null);
Insert into AUTORIZAC (AUTCOD,AUTDES,AUTFLAGS,AUTVAL,AUTGRP,AUTCLA,AUTMOD,AUTTIP,AUTDES_CAT,AUTDES_CAT_CAS,AUTDES_UMI,AUTJERAR,AUTCLAS) values ('A1I007','AUTORIZACIÓN DE ESTANCIA DE LARGA DURACIÓN INICIAL POR ESTUDIOS, MOVILIDAD DE ALUMNOS, SERVICIOS DE VOLUNTARIADO O ACTIVIDADES FORMATIVAS	AUTORIZACIÓN DE ESTANCIA INICIAL PARA LA PRESTACIÓN DE SERVICIOS DE VOLUNTARIADO. ART. 52.1.D. SOLICITADA EN ESPAÑA',null,'S',null,null,null,null,null,null,null,null,null);
Insert into AUTORIZAC (AUTCOD,AUTDES,AUTFLAGS,AUTVAL,AUTGRP,AUTCLA,AUTMOD,AUTTIP,AUTDES_CAT,AUTDES_CAT_CAS,AUTDES_UMI,AUTJERAR,AUTCLAS) values ('A1I008','AUTORIZACIÓN DE ESTANCIA DE LARGA DURACIÓN INICIAL POR ESTUDIOS, MOVILIDAD DE ALUMNOS, SERVICIOS DE VOLUNTARIADO O ACTIVIDADES FORMATIVAS	AUTORIZACIÓN DE ESTANCIA INICIAL PARA LA PRESTACIÓN DE SERVICIOS DE VOLUNTARIADO. ART. 52.1.D. SOLICITADA EN OFICINA CONSULAR',null,'S',null,null,null,null,null,null,null,null,null);
Insert into AUTORIZAC (AUTCOD,AUTDES,AUTFLAGS,AUTVAL,AUTGRP,AUTCLA,AUTMOD,AUTTIP,AUTDES_CAT,AUTDES_CAT_CAS,AUTDES_UMI,AUTJERAR,AUTCLAS) values ('A1I009','AUTORIZACIÓN DE ESTANCIA DE LARGA DURACIÓN INICIAL POR ESTUDIOS, MOVILIDAD DE ALUMNOS, SERVICIOS DE VOLUNTARIADO O ACTIVIDADES FORMATIVAS	AUTORIZACIÓN DE ESTANCIA INICIAL PARA LA REALIZACIÓN DE ACTIVIDADES FORMATIVAS. ART. 52.1.E. SOLICITADA EN ESPAÑA',null,'S',null,null,null,null,null,null,null,null,null);
Insert into AUTORIZAC (AUTCOD,AUTDES,AUTFLAGS,AUTVAL,AUTGRP,AUTCLA,AUTMOD,AUTTIP,AUTDES_CAT,AUTDES_CAT_CAS,AUTDES_UMI,AUTJERAR,AUTCLAS) values ('A1I010','AUTORIZACIÓN DE ESTANCIA DE LARGA DURACIÓN INICIAL POR ESTUDIOS, MOVILIDAD DE ALUMNOS, SERVICIOS DE VOLUNTARIADO O ACTIVIDADES FORMATIVAS	AUTORIZACIÓN DE ESTANCIA INICIAL PARA LA REALIZACIÓN DE ACTIVIDADES FORMATIVAS. ART. 52.1.E.  SOLICITADA EN OFICINA CONSULAR',null,'S',null,null,null,null,null,null,null,null,null);
Insert into AUTORIZAC (AUTCOD,AUTDES,AUTFLAGS,AUTVAL,AUTGRP,AUTCLA,AUTMOD,AUTTIP,AUTDES_CAT,AUTDES_CAT_CAS,AUTDES_UMI,AUTJERAR,AUTCLAS) values ('A1I011','AUTORIZACIÓN DE ESTANCIA DE LARGA DURACIÓN INICIAL POR ESTUDIOS, MOVILIDAD DE ALUMNOS, SERVICIOS DE VOLUNTARIADO O ACTIVIDADES FORMATIVAS	AUTORIZACIÓN INICIAL DE ESTANCIA DE FAMILIAR DE LA PERSONA TITULAR DE UNA AUTORIZACIÓN DE ESTANCIA DE LARGA DURACIÓN POR ESTUDIOS SUPERIORES. ART. 56.1. SOLICITADA EN ESPAÑA',null,'S',null,null,null,null,null,null,null,null,null);
Insert into AUTORIZAC (AUTCOD,AUTDES,AUTFLAGS,AUTVAL,AUTGRP,AUTCLA,AUTMOD,AUTTIP,AUTDES_CAT,AUTDES_CAT_CAS,AUTDES_UMI,AUTJERAR,AUTCLAS) values ('A1I012','AUTORIZACIÓN DE ESTANCIA DE LARGA DURACIÓN INICIAL POR ESTUDIOS, MOVILIDAD DE ALUMNOS, SERVICIOS DE VOLUNTARIADO O ACTIVIDADES FORMATIVAS	AUTORIZACIÓN INICIAL DE ESTANCIA DE FAMILIAR DE LA PERSONA TITULAR DE UNA AUTORIZACIÓN DE ESTANCIA DE LARGA DURACIÓN POR ESTUDIOS SUPERIORES. ART. 56.1. SOLICITADA EN OFICINA CONSULAR',null,'S',null,null,null,null,null,null,null,null,null);
Insert into AUTORIZAC (AUTCOD,AUTDES,AUTFLAGS,AUTVAL,AUTGRP,AUTCLA,AUTMOD,AUTTIP,AUTDES_CAT,AUTDES_CAT_CAS,AUTDES_UMI,AUTJERAR,AUTCLAS) values ('J0I001','AUTORIZACIÓN DE TRABAJO POR CUENTA AJENA INICIAL PARA TITULAR DE ESTANCIA DE LARGA DURACIÓN	AUTORIZACIÓN INICIAL PARA TRABAJAR POR CUENTA AJENA . ART. 57.1',null,'S',null,null,null,null,null,null,null,null,null);
Insert into AUTORIZAC (AUTCOD,AUTDES,AUTFLAGS,AUTVAL,AUTGRP,AUTCLA,AUTMOD,AUTTIP,AUTDES_CAT,AUTDES_CAT_CAS,AUTDES_UMI,AUTJERAR,AUTCLAS) values ('J1I001','AUTORIZACIÓN DE TRABAJO POR CUENTA PROPIA INICIAL PARA TITULAR DE ESTANCIA DE LARGA DURACIÓN 	AUTORIZACIÓN INICIAL PARA TRABAJAR POR CUENTA  PROPIA.  ART. 57.1',null,'S',null,null,null,null,null,null,null,null,null);
Insert into AUTORIZAC (AUTCOD,AUTDES,AUTFLAGS,AUTVAL,AUTGRP,AUTCLA,AUTMOD,AUTTIP,AUTDES_CAT,AUTDES_CAT_CAS,AUTDES_UMI,AUTJERAR,AUTCLAS) values ('A1I013','AUTORIZACIÓN DE ESTANCIA DE LARGA DURACIÓN INICIAL POR ESTUDIOS, MOVILIDAD DE ALUMNOS, SERVICIOS DE VOLUNTARIADO O ACTIVIDADES FORMATIVAS	AUTORIZACIÓN DE ESTANCIAS INICIAL PARA LA REALIZACIÓN DE ESTUDIOS DE ESPECIALIZACIÓN EN EL AMBITO SANITARIO. ART. 58. SOLICITADA EN ESPAÑA',null,'S',null,null,null,null,null,null,null,null,null);
Insert into AUTORIZAC (AUTCOD,AUTDES,AUTFLAGS,AUTVAL,AUTGRP,AUTCLA,AUTMOD,AUTTIP,AUTDES_CAT,AUTDES_CAT_CAS,AUTDES_UMI,AUTJERAR,AUTCLAS) values ('A1I014','AUTORIZACIÓN DE ESTANCIA DE LARGA DURACIÓN INICIAL POR ESTUDIOS, MOVILIDAD DE ALUMNOS, SERVICIOS DE VOLUNTARIADO O ACTIVIDADES FORMATIVAS	AUTORIZACIÓN DE ESTANCIAS INICIAL PARA LA REALIZACIÓN DE ESTUDIOS DE ESPECIALIZACIÓN EN EL AMBITO SANITARIO. ART. 58. SOLICITADA EN OFICINA CONSULAR',null,'S',null,null,null,null,null,null,null,null,null);
Insert into AUTORIZAC (AUTCOD,AUTDES,AUTFLAGS,AUTVAL,AUTGRP,AUTCLA,AUTMOD,AUTTIP,AUTDES_CAT,AUTDES_CAT_CAS,AUTDES_UMI,AUTJERAR,AUTCLAS) values ('A1I015','AUTORIZACIÓN DE ESTANCIA DE LARGA DURACIÓN INICIAL POR ESTUDIOS, MOVILIDAD DE ALUMNOS, SERVICIOS DE VOLUNTARIADO O ACTIVIDADES FORMATIVAS	AUTORIZACIÓN DE ESTANCIA INICIAL DE FAMILIAR DE TITULAR DE ESTANCIA POR ESTUDIOS DE ESPECIALIZACIÓN EN EL AMBITO SANITARIO. ART. 56.1. SOLICITADA EN ESPAÑA',null,'S',null,null,null,null,null,null,null,null,null);
Insert into AUTORIZAC (AUTCOD,AUTDES,AUTFLAGS,AUTVAL,AUTGRP,AUTCLA,AUTMOD,AUTTIP,AUTDES_CAT,AUTDES_CAT_CAS,AUTDES_UMI,AUTJERAR,AUTCLAS) values ('A1I016','AUTORIZACIÓN DE ESTANCIA DE LARGA DURACIÓN INICIAL POR ESTUDIOS, MOVILIDAD DE ALUMNOS, SERVICIOS DE VOLUNTARIADO O ACTIVIDADES FORMATIVAS	AUTORIZACIÓN DE ESTANCIA INICIAL DE FAMILIAR DE TITULAR DE ESTANCIA POR ESTUDIOS DE ESPECIALIZACIÓN EN EL AMBITO SANITARIO. ART. 56.1. SOLICITADA EN OFICINA CONSULAR',null,'S',null,null,null,null,null,null,null,null,null);
Insert into AUTORIZAC (AUTCOD,AUTDES,AUTFLAGS,AUTVAL,AUTGRP,AUTCLA,AUTMOD,AUTTIP,AUTDES_CAT,AUTDES_CAT_CAS,AUTDES_UMI,AUTJERAR,AUTCLAS) values ('A1I017','AUTORIZACIÓN DE ESTANCIA DE LARGA DURACIÓN INICIAL POR ESTUDIOS, MOVILIDAD DE ALUMNOS, SERVICIOS DE VOLUNTARIADO O ACTIVIDADES FORMATIVAS	COMUNICACIÓN DE DESPLAZAMIENTO POR ESTUDIOS SUPERIORES. ART. 59,2',null,'S',null,null,null,null,null,null,null,null,null);
Insert into AUTORIZAC (AUTCOD,AUTDES,AUTFLAGS,AUTVAL,AUTGRP,AUTCLA,AUTMOD,AUTTIP,AUTDES_CAT,AUTDES_CAT_CAS,AUTDES_UMI,AUTJERAR,AUTCLAS) values ('A1I018','AUTORIZACIÓN DE ESTANCIA DE LARGA DURACIÓN INICIAL POR ESTUDIOS, MOVILIDAD DE ALUMNOS, SERVICIOS DE VOLUNTARIADO O ACTIVIDADES FORMATIVAS	MOVILIDAD DE ESTUDIANTES DENTRO DE LA UNIÓN EUROPEA. ART. 59,3. ',null,'S',null,null,null,null,null,null,null,null,null);
Insert into AUTORIZAC (AUTCOD,AUTDES,AUTFLAGS,AUTVAL,AUTGRP,AUTCLA,AUTMOD,AUTTIP,AUTDES_CAT,AUTDES_CAT_CAS,AUTDES_UMI,AUTJERAR,AUTCLAS) values ('A1I019','AUTORIZACIÓN DE ESTANCIA DE LARGA DURACIÓN INICIAL POR ESTUDIOS, MOVILIDAD DE ALUMNOS, SERVICIOS DE VOLUNTARIADO O ACTIVIDADES FORMATIVAS	ESTANCIA POR ESTUDIOS CONVENIO ANDORRA',null,'S',null,null,null,null,null,null,null,null,null);
Insert into AUTORIZAC (AUTCOD,AUTDES,AUTFLAGS,AUTVAL,AUTGRP,AUTCLA,AUTMOD,AUTTIP,AUTDES_CAT,AUTDES_CAT_CAS,AUTDES_UMI,AUTJERAR,AUTCLAS) values ('A1I020','AUTORIZACIÓN DE ESTANCIA DE LARGA DURACIÓN INICIAL POR ESTUDIOS, MOVILIDAD DE ALUMNOS, SERVICIOS DE VOLUNTARIADO O ACTIVIDADES FORMATIVAS	FAMILIAR DE TITULAR DE AUTORIZACIÓN DE ESTANCIA POR ESTUDIOS CONVENIO ANDORRA',null,'S',null,null,null,null,null,null,null,null,null);
Insert into AUTORIZAC (AUTCOD,AUTDES,AUTFLAGS,AUTVAL,AUTGRP,AUTCLA,AUTMOD,AUTTIP,AUTDES_CAT,AUTDES_CAT_CAS,AUTDES_UMI,AUTJERAR,AUTCLAS) values ('A1I021','AUTORIZACIÓN DE ESTANCIA DE LARGA DURACIÓN INICIAL POR ESTUDIOS, MOVILIDAD DE ALUMNOS, SERVICIOS DE VOLUNTARIADO O ACTIVIDADES FORMATIVAS	ESTANCIA COMO AU PAIR (ART. 33.5 LOEX)',null,'S',null,null,null,null,null,null,null,null,null);
Insert into AUTORIZAC (AUTCOD,AUTDES,AUTFLAGS,AUTVAL,AUTGRP,AUTCLA,AUTMOD,AUTTIP,AUTDES_CAT,AUTDES_CAT_CAS,AUTDES_UMI,AUTJERAR,AUTCLAS) values ('A1P000','AUTORIZACIÓN DE ESTANCIA DE LARGA DURACIÓN PRORROGADA POR ESTUDIOS, MOVILIDAD DE ALUMNOS, SERVICIOS DE VOLUNTARIADO O ACTIVIDADES FORMATIVAS	AUTORIZACIÓN DE ESTANCIAS PRORROGADA PARA LA REALIZACIÓN DE ESTUDIOS SUPERIORES. ART. 52.1.A,',null,'S',null,null,null,null,null,null,null,null,null);
Insert into AUTORIZAC (AUTCOD,AUTDES,AUTFLAGS,AUTVAL,AUTGRP,AUTCLA,AUTMOD,AUTTIP,AUTDES_CAT,AUTDES_CAT_CAS,AUTDES_UMI,AUTJERAR,AUTCLAS) values ('A1P001','AUTORIZACIÓN DE ESTANCIA DE LARGA DURACIÓN PRORROGADA POR ESTUDIOS, MOVILIDAD DE ALUMNOS, SERVICIOS DE VOLUNTARIADO O ACTIVIDADES FORMATIVAS	AUTORIZACIÓN DE ESTANCIAS PRORROGADA PARA LA REALIZACIÓN DE ESTUDIOS DE EDUCACIÓN SECUNDARIA POSTOBLIGATORIA. ART. 52.1.B',null,'S',null,null,null,null,null,null,null,null,null);
Insert into AUTORIZAC (AUTCOD,AUTDES,AUTFLAGS,AUTVAL,AUTGRP,AUTCLA,AUTMOD,AUTTIP,AUTDES_CAT,AUTDES_CAT_CAS,AUTDES_UMI,AUTJERAR,AUTCLAS) values ('A1P002','AUTORIZACIÓN DE ESTANCIA DE LARGA DURACIÓN PRORROGADA POR ESTUDIOS, MOVILIDAD DE ALUMNOS, SERVICIOS DE VOLUNTARIADO O ACTIVIDADES FORMATIVAS	AUTORIZACIÓN DE ESTANCIAS PRORROGADA PARA LA PRESTACIÓN DE SERVICIOS DE VOLUNTARIADO. ART. 52.1.D',null,'S',null,null,null,null,null,null,null,null,null);
Insert into AUTORIZAC (AUTCOD,AUTDES,AUTFLAGS,AUTVAL,AUTGRP,AUTCLA,AUTMOD,AUTTIP,AUTDES_CAT,AUTDES_CAT_CAS,AUTDES_UMI,AUTJERAR,AUTCLAS) values ('A1P003','AUTORIZACIÓN DE ESTANCIA DE LARGA DURACIÓN PRORROGADA POR ESTUDIOS, MOVILIDAD DE ALUMNOS, SERVICIOS DE VOLUNTARIADO O ACTIVIDADES FORMATIVAS	AUTORIZACIÓN DE ESTANCIAS PRORROGADA PARA LA REALIZACIÓN DE ACTIVIDADES FORMATIVAS. ART. 52.1.E',null,'S',null,null,null,null,null,null,null,null,null);
Insert into AUTORIZAC (AUTCOD,AUTDES,AUTFLAGS,AUTVAL,AUTGRP,AUTCLA,AUTMOD,AUTTIP,AUTDES_CAT,AUTDES_CAT_CAS,AUTDES_UMI,AUTJERAR,AUTCLAS) values ('A1P004','AUTORIZACIÓN DE ESTANCIA DE LARGA DURACIÓN PRORROGADA POR ESTUDIOS, MOVILIDAD DE ALUMNOS, SERVICIOS DE VOLUNTARIADO O ACTIVIDADES FORMATIVAS	AUTORIZACIÓN DE ESTANCIA PRORROGADA DE FAMILIAR DE LA PERSONA TITULAR DE UNA AUTORIZACIÓN DE ESTANCIA DE LARGA DURACIÓN POR ESTUDIOS SUPERIORES. ART. 56',null,'S',null,null,null,null,null,null,null,null,null);
Insert into AUTORIZAC (AUTCOD,AUTDES,AUTFLAGS,AUTVAL,AUTGRP,AUTCLA,AUTMOD,AUTTIP,AUTDES_CAT,AUTDES_CAT_CAS,AUTDES_UMI,AUTJERAR,AUTCLAS) values ('J0P001','AUTORIZACIÓN DE TRABAJO POR CUENTA AJENA PARA TITULAR DE ESTANCIA DE LARGA DURACIÓN PRORROGADA	AUTORIZACIÓN PRORROGADA PARA TRABAJAR POR CUENTA AJENA.  ART. 57.4',null,'S',null,null,null,null,null,null,null,null,null);
Insert into AUTORIZAC (AUTCOD,AUTDES,AUTFLAGS,AUTVAL,AUTGRP,AUTCLA,AUTMOD,AUTTIP,AUTDES_CAT,AUTDES_CAT_CAS,AUTDES_UMI,AUTJERAR,AUTCLAS) values ('J1P001','AUTORIZACIÓN DE TRABAJO POR CUENTA PROPIA PARA TITULAR DE ESTANCIA DE LARGA DURACIÓN PRORROGADA	AUTORIZACIÓN PRORROGDA PARA TRABAJAR POR CUENTA  PROPIA.  ART. 57.4',null,'S',null,null,null,null,null,null,null,null,null);


-- VIA_PERMISO

Insert into VIA_PERMISO (EVPPER,EVPVIA,EVPFLAGS,EVPVAL,EVPMTAS,EVPFECINI,EVPFECFIN,EVPFORMULARIO,EVPESCCOS,EVPFGR,EVPVERRES,CODIGO_SIA,IGUALDAD,EVPDGPTJ,EVPETIQUETAFAM,EVPPROMOTOR,EVPTRANSFRONTERIZO,EVPFAMILIAR,EVPNACIONALIDAD,EVPNIVELESTUDIOS,EVPCENTROESTUDIOS,EVPAMBITO,EVPVISADODESCESP,EVPRECUPERALD,EVPIGUALDAD,EVPTIPOTITULAR,EVPRESSINPAGTASR,EVPNSOPORTEUE,EVPCNED,EVPADJDOCRESUELTO,EVPPERMANENTE,EVPNUMPLAZO,EVPTIPPLAZO,EVPTIPESTIMACION,EVPLEYENDA,EVPINITASAS) values ('ELI','ESC','S60NNANSNNNNNNCNNNNSN O N          N NND','S','A1I000',to_date('20/05/25','DD/MM/RR'),null,'EX00','S',to_date('11/04/25','DD/MM/RR'),'S','201321','N','S','F','N','N','N',null,'N','N',null,'N','N','N','G','N','N','N','N','N','2','M','D','N','N');
Insert into VIA_PERMISO (EVPPER,EVPVIA,EVPFLAGS,EVPVAL,EVPMTAS,EVPFECINI,EVPFECFIN,EVPFORMULARIO,EVPESCCOS,EVPFGR,EVPVERRES,CODIGO_SIA,IGUALDAD,EVPDGPTJ,EVPETIQUETAFAM,EVPPROMOTOR,EVPTRANSFRONTERIZO,EVPFAMILIAR,EVPNACIONALIDAD,EVPNIVELESTUDIOS,EVPCENTROESTUDIOS,EVPAMBITO,EVPVISADODESCESP,EVPRECUPERALD,EVPIGUALDAD,EVPTIPOTITULAR,EVPRESSINPAGTASR,EVPNSOPORTEUE,EVPCNED,EVPADJDOCRESUELTO,EVPPERMANENTE,EVPNUMPLAZO,EVPTIPPLAZO,EVPTIPESTIMACION,EVPLEYENDA,EVPINITASAS) values ('ELI','ESI','S60NNANSNNNNNNCNNNNSN O N          N NND','S','A1I001',to_date('20/05/25','DD/MM/RR'),null,'EX00','S',to_date('11/04/25','DD/MM/RR'),'S','201321','N','S','F','N','N','N',null,'N','N',null,'N','N','N','G','N','N','N','N','N','15','D','D','N','N');
Insert into VIA_PERMISO (EVPPER,EVPVIA,EVPFLAGS,EVPVAL,EVPMTAS,EVPFECINI,EVPFECFIN,EVPFORMULARIO,EVPESCCOS,EVPFGR,EVPVERRES,CODIGO_SIA,IGUALDAD,EVPDGPTJ,EVPETIQUETAFAM,EVPPROMOTOR,EVPTRANSFRONTERIZO,EVPFAMILIAR,EVPNACIONALIDAD,EVPNIVELESTUDIOS,EVPCENTROESTUDIOS,EVPAMBITO,EVPVISADODESCESP,EVPRECUPERALD,EVPIGUALDAD,EVPTIPOTITULAR,EVPRESSINPAGTASR,EVPNSOPORTEUE,EVPCNED,EVPADJDOCRESUELTO,EVPPERMANENTE,EVPNUMPLAZO,EVPTIPPLAZO,EVPTIPESTIMACION,EVPLEYENDA,EVPINITASAS) values ('ELI','EPE','S60NNANSNNNNNNCNNNNSN O N          N NND','S','A1I002',to_date('20/05/25','DD/MM/RR'),null,'EX00','S',to_date('11/04/25','DD/MM/RR'),'S','201321','N','S','F','N','N','N',null,'N','N',null,'N','N','N','G','N','N','N','N','N','2','M','D','N','N');
Insert into VIA_PERMISO (EVPPER,EVPVIA,EVPFLAGS,EVPVAL,EVPMTAS,EVPFECINI,EVPFECFIN,EVPFORMULARIO,EVPESCCOS,EVPFGR,EVPVERRES,CODIGO_SIA,IGUALDAD,EVPDGPTJ,EVPETIQUETAFAM,EVPPROMOTOR,EVPTRANSFRONTERIZO,EVPFAMILIAR,EVPNACIONALIDAD,EVPNIVELESTUDIOS,EVPCENTROESTUDIOS,EVPAMBITO,EVPVISADODESCESP,EVPRECUPERALD,EVPIGUALDAD,EVPTIPOTITULAR,EVPRESSINPAGTASR,EVPNSOPORTEUE,EVPCNED,EVPADJDOCRESUELTO,EVPPERMANENTE,EVPNUMPLAZO,EVPTIPPLAZO,EVPTIPESTIMACION,EVPLEYENDA,EVPINITASAS) values ('ELI','EPC','S60NNANSNNNNNNCNNNNSN O N          N NND','S','A1I003',to_date('20/05/25','DD/MM/RR'),null,'EX00','S',to_date('11/04/25','DD/MM/RR'),'S','201321','N','S','F','N','N','N',null,'N','N',null,'N','N','N','G','N','N','N','N','N','2','M','D','N','N');
Insert into VIA_PERMISO (EVPPER,EVPVIA,EVPFLAGS,EVPVAL,EVPMTAS,EVPFECINI,EVPFECFIN,EVPFORMULARIO,EVPESCCOS,EVPFGR,EVPVERRES,CODIGO_SIA,IGUALDAD,EVPDGPTJ,EVPETIQUETAFAM,EVPPROMOTOR,EVPTRANSFRONTERIZO,EVPFAMILIAR,EVPNACIONALIDAD,EVPNIVELESTUDIOS,EVPCENTROESTUDIOS,EVPAMBITO,EVPVISADODESCESP,EVPRECUPERALD,EVPIGUALDAD,EVPTIPOTITULAR,EVPRESSINPAGTASR,EVPNSOPORTEUE,EVPCNED,EVPADJDOCRESUELTO,EVPPERMANENTE,EVPNUMPLAZO,EVPTIPPLAZO,EVPTIPESTIMACION,EVPLEYENDA,EVPINITASAS) values ('ELI','PME','S60NNANSNNNNNNCNNNNSN O N          N NND','S','A1I004',to_date('20/05/25','DD/MM/RR'),null,'EX00','S',to_date('11/04/25','DD/MM/RR'),'S','201321','N','S','F','N','N','N',null,'N','N',null,'N','N','N','G','N','N','N','N','N','2','M','D','N','N');
Insert into VIA_PERMISO (EVPPER,EVPVIA,EVPFLAGS,EVPVAL,EVPMTAS,EVPFECINI,EVPFECFIN,EVPFORMULARIO,EVPESCCOS,EVPFGR,EVPVERRES,CODIGO_SIA,IGUALDAD,EVPDGPTJ,EVPETIQUETAFAM,EVPPROMOTOR,EVPTRANSFRONTERIZO,EVPFAMILIAR,EVPNACIONALIDAD,EVPNIVELESTUDIOS,EVPCENTROESTUDIOS,EVPAMBITO,EVPVISADODESCESP,EVPRECUPERALD,EVPIGUALDAD,EVPTIPOTITULAR,EVPRESSINPAGTASR,EVPNSOPORTEUE,EVPCNED,EVPADJDOCRESUELTO,EVPPERMANENTE,EVPNUMPLAZO,EVPTIPPLAZO,EVPTIPESTIMACION,EVPLEYENDA,EVPINITASAS) values ('ELI','PMC','S60NNANSNNNNNNCNNNNSN O N          N NND','S','A1I005',to_date('20/05/25','DD/MM/RR'),null,'EX00','S',to_date('11/04/25','DD/MM/RR'),'S','201321','N','S','F','N','N','N',null,'N','N',null,'N','N','N','G','N','N','N','N','N','2','M','D','N','N');
Insert into VIA_PERMISO (EVPPER,EVPVIA,EVPFLAGS,EVPVAL,EVPMTAS,EVPFECINI,EVPFECFIN,EVPFORMULARIO,EVPESCCOS,EVPFGR,EVPVERRES,CODIGO_SIA,IGUALDAD,EVPDGPTJ,EVPETIQUETAFAM,EVPPROMOTOR,EVPTRANSFRONTERIZO,EVPFAMILIAR,EVPNACIONALIDAD,EVPNIVELESTUDIOS,EVPCENTROESTUDIOS,EVPAMBITO,EVPVISADODESCESP,EVPRECUPERALD,EVPIGUALDAD,EVPTIPOTITULAR,EVPRESSINPAGTASR,EVPNSOPORTEUE,EVPCNED,EVPADJDOCRESUELTO,EVPPERMANENTE,EVPNUMPLAZO,EVPTIPPLAZO,EVPTIPESTIMACION,EVPLEYENDA,EVPINITASAS) values ('ELI','EVE','S60NNANSNNNNNNCNNNNSN O N          N NND','S','A1I006',to_date('20/05/25','DD/MM/RR'),null,'EX00','S',to_date('11/04/25','DD/MM/RR'),'S','201321','N','S','F','N','N','N',null,'N','N',null,'N','N','N','G','N','N','N','N','N','2','M','D','N','N');
Insert into VIA_PERMISO (EVPPER,EVPVIA,EVPFLAGS,EVPVAL,EVPMTAS,EVPFECINI,EVPFECFIN,EVPFORMULARIO,EVPESCCOS,EVPFGR,EVPVERRES,CODIGO_SIA,IGUALDAD,EVPDGPTJ,EVPETIQUETAFAM,EVPPROMOTOR,EVPTRANSFRONTERIZO,EVPFAMILIAR,EVPNACIONALIDAD,EVPNIVELESTUDIOS,EVPCENTROESTUDIOS,EVPAMBITO,EVPVISADODESCESP,EVPRECUPERALD,EVPIGUALDAD,EVPTIPOTITULAR,EVPRESSINPAGTASR,EVPNSOPORTEUE,EVPCNED,EVPADJDOCRESUELTO,EVPPERMANENTE,EVPNUMPLAZO,EVPTIPPLAZO,EVPTIPESTIMACION,EVPLEYENDA,EVPINITASAS) values ('ELI','EVC','S60NNANSNNNNNNCNNNNSN O N          N NND','S','A1I007',to_date('20/05/25','DD/MM/RR'),null,'EX00','S',to_date('11/04/25','DD/MM/RR'),'S','201321','N','S','F','N','N','N',null,'N','N',null,'N','N','N','G','N','N','N','N','N','2','M','D','N','N');
Insert into VIA_PERMISO (EVPPER,EVPVIA,EVPFLAGS,EVPVAL,EVPMTAS,EVPFECINI,EVPFECFIN,EVPFORMULARIO,EVPESCCOS,EVPFGR,EVPVERRES,CODIGO_SIA,IGUALDAD,EVPDGPTJ,EVPETIQUETAFAM,EVPPROMOTOR,EVPTRANSFRONTERIZO,EVPFAMILIAR,EVPNACIONALIDAD,EVPNIVELESTUDIOS,EVPCENTROESTUDIOS,EVPAMBITO,EVPVISADODESCESP,EVPRECUPERALD,EVPIGUALDAD,EVPTIPOTITULAR,EVPRESSINPAGTASR,EVPNSOPORTEUE,EVPCNED,EVPADJDOCRESUELTO,EVPPERMANENTE,EVPNUMPLAZO,EVPTIPPLAZO,EVPTIPESTIMACION,EVPLEYENDA,EVPINITASAS) values ('ELI','FOE','S60NNANSNNNNNNCNNNNSN O N          N NND','S','A1I008',to_date('20/05/25','DD/MM/RR'),null,'EX00','S',to_date('11/04/25','DD/MM/RR'),'S','201321','N','S','F','N','N','N',null,'N','N',null,'N','N','N','G','N','N','N','N','N','2','M','D','N','N');
Insert into VIA_PERMISO (EVPPER,EVPVIA,EVPFLAGS,EVPVAL,EVPMTAS,EVPFECINI,EVPFECFIN,EVPFORMULARIO,EVPESCCOS,EVPFGR,EVPVERRES,CODIGO_SIA,IGUALDAD,EVPDGPTJ,EVPETIQUETAFAM,EVPPROMOTOR,EVPTRANSFRONTERIZO,EVPFAMILIAR,EVPNACIONALIDAD,EVPNIVELESTUDIOS,EVPCENTROESTUDIOS,EVPAMBITO,EVPVISADODESCESP,EVPRECUPERALD,EVPIGUALDAD,EVPTIPOTITULAR,EVPRESSINPAGTASR,EVPNSOPORTEUE,EVPCNED,EVPADJDOCRESUELTO,EVPPERMANENTE,EVPNUMPLAZO,EVPTIPPLAZO,EVPTIPESTIMACION,EVPLEYENDA,EVPINITASAS) values ('ELI','FOC','S60NNANSNNNNNNCNNNNSN O N          N NND','S','A1I009',to_date('20/05/25','DD/MM/RR'),null,'EX00','S',to_date('11/04/25','DD/MM/RR'),'S','201321','N','S','F','N','N','N',null,'N','N',null,'N','N','N','G','N','N','N','N','N','2','M','D','N','N');
Insert into VIA_PERMISO (EVPPER,EVPVIA,EVPFLAGS,EVPVAL,EVPMTAS,EVPFECINI,EVPFECFIN,EVPFORMULARIO,EVPESCCOS,EVPFGR,EVPVERRES,CODIGO_SIA,IGUALDAD,EVPDGPTJ,EVPETIQUETAFAM,EVPPROMOTOR,EVPTRANSFRONTERIZO,EVPFAMILIAR,EVPNACIONALIDAD,EVPNIVELESTUDIOS,EVPCENTROESTUDIOS,EVPAMBITO,EVPVISADODESCESP,EVPRECUPERALD,EVPIGUALDAD,EVPTIPOTITULAR,EVPRESSINPAGTASR,EVPNSOPORTEUE,EVPCNED,EVPADJDOCRESUELTO,EVPPERMANENTE,EVPNUMPLAZO,EVPTIPPLAZO,EVPTIPESTIMACION,EVPLEYENDA,EVPINITASAS) values ('ELI','FIE','S60NNANSNNNNNNCNNNNSN O N          N NND','S','A1I010',to_date('20/05/25','DD/MM/RR'),null,'EX00','S',to_date('11/04/25','DD/MM/RR'),'S','201321','N','S','F','N','N','N',null,'N','N',null,'N','N','N','G','N','N','N','N','N','2','M','D','N','N');
Insert into VIA_PERMISO (EVPPER,EVPVIA,EVPFLAGS,EVPVAL,EVPMTAS,EVPFECINI,EVPFECFIN,EVPFORMULARIO,EVPESCCOS,EVPFGR,EVPVERRES,CODIGO_SIA,IGUALDAD,EVPDGPTJ,EVPETIQUETAFAM,EVPPROMOTOR,EVPTRANSFRONTERIZO,EVPFAMILIAR,EVPNACIONALIDAD,EVPNIVELESTUDIOS,EVPCENTROESTUDIOS,EVPAMBITO,EVPVISADODESCESP,EVPRECUPERALD,EVPIGUALDAD,EVPTIPOTITULAR,EVPRESSINPAGTASR,EVPNSOPORTEUE,EVPCNED,EVPADJDOCRESUELTO,EVPPERMANENTE,EVPNUMPLAZO,EVPTIPPLAZO,EVPTIPESTIMACION,EVPLEYENDA,EVPINITASAS) values ('ELI','FIC','S60NNANSNNNNNNCNNNNSN O N          N NND','S','A1I011',to_date('20/05/25','DD/MM/RR'),null,'EX00','S',to_date('11/04/25','DD/MM/RR'),'S','201321','N','S','F','N','N','N',null,'N','N',null,'N','N','N','G','N','N','N','N','N','2','M','D','N','N');
Insert into VIA_PERMISO (EVPPER,EVPVIA,EVPFLAGS,EVPVAL,EVPMTAS,EVPFECINI,EVPFECFIN,EVPFORMULARIO,EVPESCCOS,EVPFGR,EVPVERRES,CODIGO_SIA,IGUALDAD,EVPDGPTJ,EVPETIQUETAFAM,EVPPROMOTOR,EVPTRANSFRONTERIZO,EVPFAMILIAR,EVPNACIONALIDAD,EVPNIVELESTUDIOS,EVPCENTROESTUDIOS,EVPAMBITO,EVPVISADODESCESP,EVPRECUPERALD,EVPIGUALDAD,EVPTIPOTITULAR,EVPRESSINPAGTASR,EVPNSOPORTEUE,EVPCNED,EVPADJDOCRESUELTO,EVPPERMANENTE,EVPNUMPLAZO,EVPTIPPLAZO,EVPTIPESTIMACION,EVPLEYENDA,EVPINITASAS) values ('ELI','TAI','S60NNANSNNNNNNCNNNNSN O N          N NND','S','A1I012',to_date('20/05/25','DD/MM/RR'),null,'EX00','S',to_date('11/04/25','DD/MM/RR'),'S','201321','N','S','F','N','N','N',null,'N','N',null,'N','N','N','G','N','N','N','N','N','3','M','E','N','N');
Insert into VIA_PERMISO (EVPPER,EVPVIA,EVPFLAGS,EVPVAL,EVPMTAS,EVPFECINI,EVPFECFIN,EVPFORMULARIO,EVPESCCOS,EVPFGR,EVPVERRES,CODIGO_SIA,IGUALDAD,EVPDGPTJ,EVPETIQUETAFAM,EVPPROMOTOR,EVPTRANSFRONTERIZO,EVPFAMILIAR,EVPNACIONALIDAD,EVPNIVELESTUDIOS,EVPCENTROESTUDIOS,EVPAMBITO,EVPVISADODESCESP,EVPRECUPERALD,EVPIGUALDAD,EVPTIPOTITULAR,EVPRESSINPAGTASR,EVPNSOPORTEUE,EVPCNED,EVPADJDOCRESUELTO,EVPPERMANENTE,EVPNUMPLAZO,EVPTIPPLAZO,EVPTIPESTIMACION,EVPLEYENDA,EVPINITASAS) values ('EAI','TPI','S60NNANSNNNNNNCNNNNSN O N          N NND','S','J0I001',to_date('20/05/25','DD/MM/RR'),null,'EX00','S',to_date('11/04/25','DD/MM/RR'),'S','201321','N','S','F','N','N','N',null,'N','N',null,'N','N','N','G','N','N','N','N','N','3','M','E','N','N');
Insert into VIA_PERMISO (EVPPER,EVPVIA,EVPFLAGS,EVPVAL,EVPMTAS,EVPFECINI,EVPFECFIN,EVPFORMULARIO,EVPESCCOS,EVPFGR,EVPVERRES,CODIGO_SIA,IGUALDAD,EVPDGPTJ,EVPETIQUETAFAM,EVPPROMOTOR,EVPTRANSFRONTERIZO,EVPFAMILIAR,EVPNACIONALIDAD,EVPNIVELESTUDIOS,EVPCENTROESTUDIOS,EVPAMBITO,EVPVISADODESCESP,EVPRECUPERALD,EVPIGUALDAD,EVPTIPOTITULAR,EVPRESSINPAGTASR,EVPNSOPORTEUE,EVPCNED,EVPADJDOCRESUELTO,EVPPERMANENTE,EVPNUMPLAZO,EVPTIPPLAZO,EVPTIPESTIMACION,EVPLEYENDA,EVPINITASAS) values ('EPI','ASE','S60NNANSNNNNNNCNNNNSN O N          N NND','S','J1I001',to_date('20/05/25','DD/MM/RR'),null,'EX00','S',to_date('11/04/25','DD/MM/RR'),'S','201321','N','S','F','N','N','N',null,'N','N',null,'N','N','N','G','N','N','N','N','N','2','M','D','N','N');
Insert into VIA_PERMISO (EVPPER,EVPVIA,EVPFLAGS,EVPVAL,EVPMTAS,EVPFECINI,EVPFECFIN,EVPFORMULARIO,EVPESCCOS,EVPFGR,EVPVERRES,CODIGO_SIA,IGUALDAD,EVPDGPTJ,EVPETIQUETAFAM,EVPPROMOTOR,EVPTRANSFRONTERIZO,EVPFAMILIAR,EVPNACIONALIDAD,EVPNIVELESTUDIOS,EVPCENTROESTUDIOS,EVPAMBITO,EVPVISADODESCESP,EVPRECUPERALD,EVPIGUALDAD,EVPTIPOTITULAR,EVPRESSINPAGTASR,EVPNSOPORTEUE,EVPCNED,EVPADJDOCRESUELTO,EVPPERMANENTE,EVPNUMPLAZO,EVPTIPPLAZO,EVPTIPESTIMACION,EVPLEYENDA,EVPINITASAS) values ('ELI','ASC','S60NNANSNNNNNNCNNNNSN O N          N NND','S','A1I013',to_date('20/05/25','DD/MM/RR'),null,'EX00','S',to_date('11/04/25','DD/MM/RR'),'S','201321','N','S','F','N','N','N',null,'N','N',null,'N','N','N','G','N','N','N','N','N','2','M','D','N','N');
Insert into VIA_PERMISO (EVPPER,EVPVIA,EVPFLAGS,EVPVAL,EVPMTAS,EVPFECINI,EVPFECFIN,EVPFORMULARIO,EVPESCCOS,EVPFGR,EVPVERRES,CODIGO_SIA,IGUALDAD,EVPDGPTJ,EVPETIQUETAFAM,EVPPROMOTOR,EVPTRANSFRONTERIZO,EVPFAMILIAR,EVPNACIONALIDAD,EVPNIVELESTUDIOS,EVPCENTROESTUDIOS,EVPAMBITO,EVPVISADODESCESP,EVPRECUPERALD,EVPIGUALDAD,EVPTIPOTITULAR,EVPRESSINPAGTASR,EVPNSOPORTEUE,EVPCNED,EVPADJDOCRESUELTO,EVPPERMANENTE,EVPNUMPLAZO,EVPTIPPLAZO,EVPTIPESTIMACION,EVPLEYENDA,EVPINITASAS) values ('ELI','SFE','S60NNANSNNNNNNCNNNNSN O N          N NND','S','A1I014',to_date('20/05/25','DD/MM/RR'),null,'EX00','S',to_date('11/04/25','DD/MM/RR'),'S','201321','N','S','F','N','N','N',null,'N','N',null,'N','N','N','G','N','N','N','N','N','2','M','D','N','N');
Insert into VIA_PERMISO (EVPPER,EVPVIA,EVPFLAGS,EVPVAL,EVPMTAS,EVPFECINI,EVPFECFIN,EVPFORMULARIO,EVPESCCOS,EVPFGR,EVPVERRES,CODIGO_SIA,IGUALDAD,EVPDGPTJ,EVPETIQUETAFAM,EVPPROMOTOR,EVPTRANSFRONTERIZO,EVPFAMILIAR,EVPNACIONALIDAD,EVPNIVELESTUDIOS,EVPCENTROESTUDIOS,EVPAMBITO,EVPVISADODESCESP,EVPRECUPERALD,EVPIGUALDAD,EVPTIPOTITULAR,EVPRESSINPAGTASR,EVPNSOPORTEUE,EVPCNED,EVPADJDOCRESUELTO,EVPPERMANENTE,EVPNUMPLAZO,EVPTIPPLAZO,EVPTIPESTIMACION,EVPLEYENDA,EVPINITASAS) values ('ELI','SFC','S60NNANSNNNNNNCNNNNSN O N          N NND','S','A1I015',to_date('20/05/25','DD/MM/RR'),null,'EX00','S',to_date('11/04/25','DD/MM/RR'),'S','201321','N','S','F','N','N','N',null,'N','N',null,'N','N','N','G','N','N','N','N','N','2','M','D','N','N');
Insert into VIA_PERMISO (EVPPER,EVPVIA,EVPFLAGS,EVPVAL,EVPMTAS,EVPFECINI,EVPFECFIN,EVPFORMULARIO,EVPESCCOS,EVPFGR,EVPVERRES,CODIGO_SIA,IGUALDAD,EVPDGPTJ,EVPETIQUETAFAM,EVPPROMOTOR,EVPTRANSFRONTERIZO,EVPFAMILIAR,EVPNACIONALIDAD,EVPNIVELESTUDIOS,EVPCENTROESTUDIOS,EVPAMBITO,EVPVISADODESCESP,EVPRECUPERALD,EVPIGUALDAD,EVPTIPOTITULAR,EVPRESSINPAGTASR,EVPNSOPORTEUE,EVPCNED,EVPADJDOCRESUELTO,EVPPERMANENTE,EVPNUMPLAZO,EVPTIPPLAZO,EVPTIPESTIMACION,EVPLEYENDA,EVPINITASAS) values ('ELI','CDE','S60NNANSNNNNNNCNNNNSN O N          N NND','S','A1I016',to_date('20/05/25','DD/MM/RR'),null,'EX00','S',to_date('11/04/25','DD/MM/RR'),'S','201321','N','S','F','N','N','N',null,'N','N',null,'N','N','N','G','N','N','N','N','N','30','D','E','N','N');
Insert into VIA_PERMISO (EVPPER,EVPVIA,EVPFLAGS,EVPVAL,EVPMTAS,EVPFECINI,EVPFECFIN,EVPFORMULARIO,EVPESCCOS,EVPFGR,EVPVERRES,CODIGO_SIA,IGUALDAD,EVPDGPTJ,EVPETIQUETAFAM,EVPPROMOTOR,EVPTRANSFRONTERIZO,EVPFAMILIAR,EVPNACIONALIDAD,EVPNIVELESTUDIOS,EVPCENTROESTUDIOS,EVPAMBITO,EVPVISADODESCESP,EVPRECUPERALD,EVPIGUALDAD,EVPTIPOTITULAR,EVPRESSINPAGTASR,EVPNSOPORTEUE,EVPCNED,EVPADJDOCRESUELTO,EVPPERMANENTE,EVPNUMPLAZO,EVPTIPPLAZO,EVPTIPESTIMACION,EVPLEYENDA,EVPINITASAS) values ('ELI','MUE','S60NNANSNNNNNNCNNNNSN O N          N NND','S','A1I017',to_date('20/05/25','DD/MM/RR'),null,'EX00','S',to_date('11/04/25','DD/MM/RR'),'S','201321','N','S','F','N','N','N',null,'N','N',null,'N','N','N','G','N','N','N','N','N','1','M','E','N','N');
Insert into VIA_PERMISO (EVPPER,EVPVIA,EVPFLAGS,EVPVAL,EVPMTAS,EVPFECINI,EVPFECFIN,EVPFORMULARIO,EVPESCCOS,EVPFGR,EVPVERRES,CODIGO_SIA,IGUALDAD,EVPDGPTJ,EVPETIQUETAFAM,EVPPROMOTOR,EVPTRANSFRONTERIZO,EVPFAMILIAR,EVPNACIONALIDAD,EVPNIVELESTUDIOS,EVPCENTROESTUDIOS,EVPAMBITO,EVPVISADODESCESP,EVPRECUPERALD,EVPIGUALDAD,EVPTIPOTITULAR,EVPRESSINPAGTASR,EVPNSOPORTEUE,EVPCNED,EVPADJDOCRESUELTO,EVPPERMANENTE,EVPNUMPLAZO,EVPTIPPLAZO,EVPTIPESTIMACION,EVPLEYENDA,EVPINITASAS) values ('ELI','VP','S60NNANSNNNNNNCNNNNSN O N          N NND','S','A1I018',to_date('20/05/25','DD/MM/RR'),null,'EX00','S',to_date('11/04/25','DD/MM/RR'),'S','201321','N','S','F','N','N','N',null,'N','N',null,'N','N','N','G','N','N','N','N','N','1','M','D','N','N');
Insert into VIA_PERMISO (EVPPER,EVPVIA,EVPFLAGS,EVPVAL,EVPMTAS,EVPFECINI,EVPFECFIN,EVPFORMULARIO,EVPESCCOS,EVPFGR,EVPVERRES,CODIGO_SIA,IGUALDAD,EVPDGPTJ,EVPETIQUETAFAM,EVPPROMOTOR,EVPTRANSFRONTERIZO,EVPFAMILIAR,EVPNACIONALIDAD,EVPNIVELESTUDIOS,EVPCENTROESTUDIOS,EVPAMBITO,EVPVISADODESCESP,EVPRECUPERALD,EVPIGUALDAD,EVPTIPOTITULAR,EVPRESSINPAGTASR,EVPNSOPORTEUE,EVPCNED,EVPADJDOCRESUELTO,EVPPERMANENTE,EVPNUMPLAZO,EVPTIPPLAZO,EVPTIPESTIMACION,EVPLEYENDA,EVPINITASAS) values ('ELI','KH','S60NNANSNNNNNNCNNNNSN O N          N NND','S','A1I019',to_date('20/05/25','DD/MM/RR'),null,'EX00','S',to_date('11/04/25','DD/MM/RR'),'S','201321','N','S','F','N','N','N',null,'N','N',null,'N','N','N','G','N','N','N','N','N','1','M','D','N','N');
Insert into VIA_PERMISO (EVPPER,EVPVIA,EVPFLAGS,EVPVAL,EVPMTAS,EVPFECINI,EVPFECFIN,EVPFORMULARIO,EVPESCCOS,EVPFGR,EVPVERRES,CODIGO_SIA,IGUALDAD,EVPDGPTJ,EVPETIQUETAFAM,EVPPROMOTOR,EVPTRANSFRONTERIZO,EVPFAMILIAR,EVPNACIONALIDAD,EVPNIVELESTUDIOS,EVPCENTROESTUDIOS,EVPAMBITO,EVPVISADODESCESP,EVPRECUPERALD,EVPIGUALDAD,EVPTIPOTITULAR,EVPRESSINPAGTASR,EVPNSOPORTEUE,EVPCNED,EVPADJDOCRESUELTO,EVPPERMANENTE,EVPNUMPLAZO,EVPTIPPLAZO,EVPTIPESTIMACION,EVPLEYENDA,EVPINITASAS) values ('ELI','AUP','S60NNANSNNNNNNCNNNNSN O N          N NND','S','A1I020',to_date('20/05/25','DD/MM/RR'),null,'EX00','S',to_date('11/04/25','DD/MM/RR'),'S','201321','N','S','F','N','N','N',null,'N','N',null,'N','N','N','G','N','N','N','N','N','1','M','D','N','N');
Insert into VIA_PERMISO (EVPPER,EVPVIA,EVPFLAGS,EVPVAL,EVPMTAS,EVPFECINI,EVPFECFIN,EVPFORMULARIO,EVPESCCOS,EVPFGR,EVPVERRES,CODIGO_SIA,IGUALDAD,EVPDGPTJ,EVPETIQUETAFAM,EVPPROMOTOR,EVPTRANSFRONTERIZO,EVPFAMILIAR,EVPNACIONALIDAD,EVPNIVELESTUDIOS,EVPCENTROESTUDIOS,EVPAMBITO,EVPVISADODESCESP,EVPRECUPERALD,EVPIGUALDAD,EVPTIPOTITULAR,EVPRESSINPAGTASR,EVPNSOPORTEUE,EVPCNED,EVPADJDOCRESUELTO,EVPPERMANENTE,EVPNUMPLAZO,EVPTIPPLAZO,EVPTIPESTIMACION,EVPLEYENDA,EVPINITASAS) values ('ELI','ESE','S60NNANSNNNNNNCNNNNSN O N          N NND','S','A1I021',to_date('20/05/25','DD/MM/RR'),null,'EX00','S',to_date('11/04/25','DD/MM/RR'),'S','201321','N','S','F','N','N','N',null,'N','N',null,'N','N','N','G','N','N','N','N','N','2','M','D','N','N');
Insert into VIA_PERMISO (EVPPER,EVPVIA,EVPFLAGS,EVPVAL,EVPMTAS,EVPFECINI,EVPFECFIN,EVPFORMULARIO,EVPESCCOS,EVPFGR,EVPVERRES,CODIGO_SIA,IGUALDAD,EVPDGPTJ,EVPETIQUETAFAM,EVPPROMOTOR,EVPTRANSFRONTERIZO,EVPFAMILIAR,EVPNACIONALIDAD,EVPNIVELESTUDIOS,EVPCENTROESTUDIOS,EVPAMBITO,EVPVISADODESCESP,EVPRECUPERALD,EVPIGUALDAD,EVPTIPOTITULAR,EVPRESSINPAGTASR,EVPNSOPORTEUE,EVPCNED,EVPADJDOCRESUELTO,EVPPERMANENTE,EVPNUMPLAZO,EVPTIPPLAZO,EVPTIPESTIMACION,EVPLEYENDA,EVPINITASAS) values ('ELP','ESP','S60NNANSNNNNNNCNNNNSN O N          N NND','S','A1P000',to_date('20/05/25','DD/MM/RR'),null,'EX00','S',to_date('11/04/25','DD/MM/RR'),'S','201321','N','S','F','N','N','N',null,'N','N',null,'N','N','N','G','N','N','N','N','N','1','M','D','N','N');
Insert into VIA_PERMISO (EVPPER,EVPVIA,EVPFLAGS,EVPVAL,EVPMTAS,EVPFECINI,EVPFECFIN,EVPFORMULARIO,EVPESCCOS,EVPFGR,EVPVERRES,CODIGO_SIA,IGUALDAD,EVPDGPTJ,EVPETIQUETAFAM,EVPPROMOTOR,EVPTRANSFRONTERIZO,EVPFAMILIAR,EVPNACIONALIDAD,EVPNIVELESTUDIOS,EVPCENTROESTUDIOS,EVPAMBITO,EVPVISADODESCESP,EVPRECUPERALD,EVPIGUALDAD,EVPTIPOTITULAR,EVPRESSINPAGTASR,EVPNSOPORTEUE,EVPCNED,EVPADJDOCRESUELTO,EVPPERMANENTE,EVPNUMPLAZO,EVPTIPPLAZO,EVPTIPESTIMACION,EVPLEYENDA,EVPINITASAS) values ('ELP','EPP','S60NNANSNNNNNNCNNNNSN O N          N NND','S','A1P001',to_date('20/05/25','DD/MM/RR'),null,'EX00','S',to_date('11/04/25','DD/MM/RR'),'S','201321','N','S','F','N','N','N',null,'N','N',null,'N','N','N','G','N','N','N','N','N','1','M','D','N','N');
Insert into VIA_PERMISO (EVPPER,EVPVIA,EVPFLAGS,EVPVAL,EVPMTAS,EVPFECINI,EVPFECFIN,EVPFORMULARIO,EVPESCCOS,EVPFGR,EVPVERRES,CODIGO_SIA,IGUALDAD,EVPDGPTJ,EVPETIQUETAFAM,EVPPROMOTOR,EVPTRANSFRONTERIZO,EVPFAMILIAR,EVPNACIONALIDAD,EVPNIVELESTUDIOS,EVPCENTROESTUDIOS,EVPAMBITO,EVPVISADODESCESP,EVPRECUPERALD,EVPIGUALDAD,EVPTIPOTITULAR,EVPRESSINPAGTASR,EVPNSOPORTEUE,EVPCNED,EVPADJDOCRESUELTO,EVPPERMANENTE,EVPNUMPLAZO,EVPTIPPLAZO,EVPTIPESTIMACION,EVPLEYENDA,EVPINITASAS) values ('ELP','EVP','S60NNANSNNNNNNCNNNNSN O N          N NND','S','A1P002',to_date('20/05/25','DD/MM/RR'),null,'EX00','S',to_date('11/04/25','DD/MM/RR'),'S','201321','N','S','F','N','N','N',null,'N','N',null,'N','N','N','G','N','N','N','N','N','1','M','D','N','N');
Insert into VIA_PERMISO (EVPPER,EVPVIA,EVPFLAGS,EVPVAL,EVPMTAS,EVPFECINI,EVPFECFIN,EVPFORMULARIO,EVPESCCOS,EVPFGR,EVPVERRES,CODIGO_SIA,IGUALDAD,EVPDGPTJ,EVPETIQUETAFAM,EVPPROMOTOR,EVPTRANSFRONTERIZO,EVPFAMILIAR,EVPNACIONALIDAD,EVPNIVELESTUDIOS,EVPCENTROESTUDIOS,EVPAMBITO,EVPVISADODESCESP,EVPRECUPERALD,EVPIGUALDAD,EVPTIPOTITULAR,EVPRESSINPAGTASR,EVPNSOPORTEUE,EVPCNED,EVPADJDOCRESUELTO,EVPPERMANENTE,EVPNUMPLAZO,EVPTIPPLAZO,EVPTIPESTIMACION,EVPLEYENDA,EVPINITASAS) values ('ELP','FOP','S60NNANSNNNNNNCNNNNSN O N          N NND','S','A1P003',to_date('20/05/25','DD/MM/RR'),null,'EX00','S',to_date('11/04/25','DD/MM/RR'),'S','201321','N','S','F','N','N','N',null,'N','N',null,'N','N','N','G','N','N','N','N','N','1','M','D','N','N');
Insert into VIA_PERMISO (EVPPER,EVPVIA,EVPFLAGS,EVPVAL,EVPMTAS,EVPFECINI,EVPFECFIN,EVPFORMULARIO,EVPESCCOS,EVPFGR,EVPVERRES,CODIGO_SIA,IGUALDAD,EVPDGPTJ,EVPETIQUETAFAM,EVPPROMOTOR,EVPTRANSFRONTERIZO,EVPFAMILIAR,EVPNACIONALIDAD,EVPNIVELESTUDIOS,EVPCENTROESTUDIOS,EVPAMBITO,EVPVISADODESCESP,EVPRECUPERALD,EVPIGUALDAD,EVPTIPOTITULAR,EVPRESSINPAGTASR,EVPNSOPORTEUE,EVPCNED,EVPADJDOCRESUELTO,EVPPERMANENTE,EVPNUMPLAZO,EVPTIPPLAZO,EVPTIPESTIMACION,EVPLEYENDA,EVPINITASAS) values ('ELP','FEP','S60NNANSNNNNNNCNNNNSN O N          N NND','S','A1P004',to_date('20/05/25','DD/MM/RR'),null,'EX00','S',to_date('11/04/25','DD/MM/RR'),'S','201321','N','S','F','N','N','N',null,'N','N',null,'N','N','N','G','N','N','N','N','N','1','M','D','N','N');
Insert into VIA_PERMISO (EVPPER,EVPVIA,EVPFLAGS,EVPVAL,EVPMTAS,EVPFECINI,EVPFECFIN,EVPFORMULARIO,EVPESCCOS,EVPFGR,EVPVERRES,CODIGO_SIA,IGUALDAD,EVPDGPTJ,EVPETIQUETAFAM,EVPPROMOTOR,EVPTRANSFRONTERIZO,EVPFAMILIAR,EVPNACIONALIDAD,EVPNIVELESTUDIOS,EVPCENTROESTUDIOS,EVPAMBITO,EVPVISADODESCESP,EVPRECUPERALD,EVPIGUALDAD,EVPTIPOTITULAR,EVPRESSINPAGTASR,EVPNSOPORTEUE,EVPCNED,EVPADJDOCRESUELTO,EVPPERMANENTE,EVPNUMPLAZO,EVPTIPPLAZO,EVPTIPESTIMACION,EVPLEYENDA,EVPINITASAS) values ('EAR','TAP','S60NNANSNNNNNNCNNNNSN O N          N NND','S','J0P001',to_date('20/05/25','DD/MM/RR'),null,'EX00','S',to_date('11/04/25','DD/MM/RR'),'S','201321','N','S','F','N','N','N',null,'N','N',null,'N','N','N','G','N','N','N','N','N','1','M','D','N','N');
Insert into VIA_PERMISO (EVPPER,EVPVIA,EVPFLAGS,EVPVAL,EVPMTAS,EVPFECINI,EVPFECFIN,EVPFORMULARIO,EVPESCCOS,EVPFGR,EVPVERRES,CODIGO_SIA,IGUALDAD,EVPDGPTJ,EVPETIQUETAFAM,EVPPROMOTOR,EVPTRANSFRONTERIZO,EVPFAMILIAR,EVPNACIONALIDAD,EVPNIVELESTUDIOS,EVPCENTROESTUDIOS,EVPAMBITO,EVPVISADODESCESP,EVPRECUPERALD,EVPIGUALDAD,EVPTIPOTITULAR,EVPRESSINPAGTASR,EVPNSOPORTEUE,EVPCNED,EVPADJDOCRESUELTO,EVPPERMANENTE,EVPNUMPLAZO,EVPTIPPLAZO,EVPTIPESTIMACION,EVPLEYENDA,EVPINITASAS) values ('EPR','TPP','S60NNANSNNNNNNCNNNNSN O N          N NND','S','J1P001',to_date('20/05/25','DD/MM/RR'),null,'EX00','S',to_date('11/04/25','DD/MM/RR'),'S','201321','N','S','F','N','N','N',null,'N','N',null,'N','N','N','G','N','N','N','N','N','1','M','D','N','N');

--  CONFIGURACION_AUTORIZACIONES


Insert into CONFIGURACION_AUTORIZACIONES (ID_CFG_AUTORIZACIONES,TIPO_COMPETENCIA,COD_PERMISO,COD_VIA,ALTA_EXPEDIENTES,MOD_EXPEDIENTES,RES_EXPEDIENTE,RES_PROPUESTA_AGE,RES_PROPUESTA_CCAA,GEN_TASAS_TRABAJO,GEN_TASAS_RESIDENCIA,POR_DEFECTO) values (SQ_CONF_AUTORIZACIONES.NEXTVAL,'00002','ELI','ESC','S','S','S','N','N','S','S','N');
Insert into CONFIGURACION_AUTORIZACIONES (ID_CFG_AUTORIZACIONES,TIPO_COMPETENCIA,COD_PERMISO,COD_VIA,ALTA_EXPEDIENTES,MOD_EXPEDIENTES,RES_EXPEDIENTE,RES_PROPUESTA_AGE,RES_PROPUESTA_CCAA,GEN_TASAS_TRABAJO,GEN_TASAS_RESIDENCIA,POR_DEFECTO) values (SQ_CONF_AUTORIZACIONES.NEXTVAL,'00002','ELI','ESI','S','S','S','N','N','S','S','N');
Insert into CONFIGURACION_AUTORIZACIONES (ID_CFG_AUTORIZACIONES,TIPO_COMPETENCIA,COD_PERMISO,COD_VIA,ALTA_EXPEDIENTES,MOD_EXPEDIENTES,RES_EXPEDIENTE,RES_PROPUESTA_AGE,RES_PROPUESTA_CCAA,GEN_TASAS_TRABAJO,GEN_TASAS_RESIDENCIA,POR_DEFECTO) values (SQ_CONF_AUTORIZACIONES.NEXTVAL,'00002','ELI','EPE','S','S','S','N','N','S','S','N');
Insert into CONFIGURACION_AUTORIZACIONES (ID_CFG_AUTORIZACIONES,TIPO_COMPETENCIA,COD_PERMISO,COD_VIA,ALTA_EXPEDIENTES,MOD_EXPEDIENTES,RES_EXPEDIENTE,RES_PROPUESTA_AGE,RES_PROPUESTA_CCAA,GEN_TASAS_TRABAJO,GEN_TASAS_RESIDENCIA,POR_DEFECTO) values (SQ_CONF_AUTORIZACIONES.NEXTVAL,'00002','ELI','EPC','S','S','S','N','N','S','S','N');
Insert into CONFIGURACION_AUTORIZACIONES (ID_CFG_AUTORIZACIONES,TIPO_COMPETENCIA,COD_PERMISO,COD_VIA,ALTA_EXPEDIENTES,MOD_EXPEDIENTES,RES_EXPEDIENTE,RES_PROPUESTA_AGE,RES_PROPUESTA_CCAA,GEN_TASAS_TRABAJO,GEN_TASAS_RESIDENCIA,POR_DEFECTO) values (SQ_CONF_AUTORIZACIONES.NEXTVAL,'00002','ELI','PME','S','S','S','N','N','S','S','N');
Insert into CONFIGURACION_AUTORIZACIONES (ID_CFG_AUTORIZACIONES,TIPO_COMPETENCIA,COD_PERMISO,COD_VIA,ALTA_EXPEDIENTES,MOD_EXPEDIENTES,RES_EXPEDIENTE,RES_PROPUESTA_AGE,RES_PROPUESTA_CCAA,GEN_TASAS_TRABAJO,GEN_TASAS_RESIDENCIA,POR_DEFECTO) values (SQ_CONF_AUTORIZACIONES.NEXTVAL,'00002','ELI','PMC','S','S','S','N','N','S','S','N');
Insert into CONFIGURACION_AUTORIZACIONES (ID_CFG_AUTORIZACIONES,TIPO_COMPETENCIA,COD_PERMISO,COD_VIA,ALTA_EXPEDIENTES,MOD_EXPEDIENTES,RES_EXPEDIENTE,RES_PROPUESTA_AGE,RES_PROPUESTA_CCAA,GEN_TASAS_TRABAJO,GEN_TASAS_RESIDENCIA,POR_DEFECTO) values (SQ_CONF_AUTORIZACIONES.NEXTVAL,'00002','ELI','EVE','S','S','S','N','N','S','S','N');
Insert into CONFIGURACION_AUTORIZACIONES (ID_CFG_AUTORIZACIONES,TIPO_COMPETENCIA,COD_PERMISO,COD_VIA,ALTA_EXPEDIENTES,MOD_EXPEDIENTES,RES_EXPEDIENTE,RES_PROPUESTA_AGE,RES_PROPUESTA_CCAA,GEN_TASAS_TRABAJO,GEN_TASAS_RESIDENCIA,POR_DEFECTO) values (SQ_CONF_AUTORIZACIONES.NEXTVAL,'00002','ELI','EVC','S','S','S','N','N','S','S','N');
Insert into CONFIGURACION_AUTORIZACIONES (ID_CFG_AUTORIZACIONES,TIPO_COMPETENCIA,COD_PERMISO,COD_VIA,ALTA_EXPEDIENTES,MOD_EXPEDIENTES,RES_EXPEDIENTE,RES_PROPUESTA_AGE,RES_PROPUESTA_CCAA,GEN_TASAS_TRABAJO,GEN_TASAS_RESIDENCIA,POR_DEFECTO) values (SQ_CONF_AUTORIZACIONES.NEXTVAL,'00002','ELI','FOE','S','S','S','N','N','S','S','N');
Insert into CONFIGURACION_AUTORIZACIONES (ID_CFG_AUTORIZACIONES,TIPO_COMPETENCIA,COD_PERMISO,COD_VIA,ALTA_EXPEDIENTES,MOD_EXPEDIENTES,RES_EXPEDIENTE,RES_PROPUESTA_AGE,RES_PROPUESTA_CCAA,GEN_TASAS_TRABAJO,GEN_TASAS_RESIDENCIA,POR_DEFECTO) values (SQ_CONF_AUTORIZACIONES.NEXTVAL,'00002','ELI','FOC','S','S','S','N','N','S','S','N');
Insert into CONFIGURACION_AUTORIZACIONES (ID_CFG_AUTORIZACIONES,TIPO_COMPETENCIA,COD_PERMISO,COD_VIA,ALTA_EXPEDIENTES,MOD_EXPEDIENTES,RES_EXPEDIENTE,RES_PROPUESTA_AGE,RES_PROPUESTA_CCAA,GEN_TASAS_TRABAJO,GEN_TASAS_RESIDENCIA,POR_DEFECTO) values (SQ_CONF_AUTORIZACIONES.NEXTVAL,'00002','ELI','FIE','S','S','S','N','N','S','S','N');
Insert into CONFIGURACION_AUTORIZACIONES (ID_CFG_AUTORIZACIONES,TIPO_COMPETENCIA,COD_PERMISO,COD_VIA,ALTA_EXPEDIENTES,MOD_EXPEDIENTES,RES_EXPEDIENTE,RES_PROPUESTA_AGE,RES_PROPUESTA_CCAA,GEN_TASAS_TRABAJO,GEN_TASAS_RESIDENCIA,POR_DEFECTO) values (SQ_CONF_AUTORIZACIONES.NEXTVAL,'00002','ELI','FIC','S','S','S','N','N','S','S','N');
Insert into CONFIGURACION_AUTORIZACIONES (ID_CFG_AUTORIZACIONES,TIPO_COMPETENCIA,COD_PERMISO,COD_VIA,ALTA_EXPEDIENTES,MOD_EXPEDIENTES,RES_EXPEDIENTE,RES_PROPUESTA_AGE,RES_PROPUESTA_CCAA,GEN_TASAS_TRABAJO,GEN_TASAS_RESIDENCIA,POR_DEFECTO) values (SQ_CONF_AUTORIZACIONES.NEXTVAL,'00002','ELI','TAI','S','S','S','N','N','S','S','N');
Insert into CONFIGURACION_AUTORIZACIONES (ID_CFG_AUTORIZACIONES,TIPO_COMPETENCIA,COD_PERMISO,COD_VIA,ALTA_EXPEDIENTES,MOD_EXPEDIENTES,RES_EXPEDIENTE,RES_PROPUESTA_AGE,RES_PROPUESTA_CCAA,GEN_TASAS_TRABAJO,GEN_TASAS_RESIDENCIA,POR_DEFECTO) values (SQ_CONF_AUTORIZACIONES.NEXTVAL,'00002','EAI','TPI','S','S','S','N','N','S','S','N');
Insert into CONFIGURACION_AUTORIZACIONES (ID_CFG_AUTORIZACIONES,TIPO_COMPETENCIA,COD_PERMISO,COD_VIA,ALTA_EXPEDIENTES,MOD_EXPEDIENTES,RES_EXPEDIENTE,RES_PROPUESTA_AGE,RES_PROPUESTA_CCAA,GEN_TASAS_TRABAJO,GEN_TASAS_RESIDENCIA,POR_DEFECTO) values (SQ_CONF_AUTORIZACIONES.NEXTVAL,'00002','EPI','ASE','S','S','S','N','N','S','S','N');
Insert into CONFIGURACION_AUTORIZACIONES (ID_CFG_AUTORIZACIONES,TIPO_COMPETENCIA,COD_PERMISO,COD_VIA,ALTA_EXPEDIENTES,MOD_EXPEDIENTES,RES_EXPEDIENTE,RES_PROPUESTA_AGE,RES_PROPUESTA_CCAA,GEN_TASAS_TRABAJO,GEN_TASAS_RESIDENCIA,POR_DEFECTO) values (SQ_CONF_AUTORIZACIONES.NEXTVAL,'00002','ELI','ASC','S','S','S','N','N','S','S','N');
Insert into CONFIGURACION_AUTORIZACIONES (ID_CFG_AUTORIZACIONES,TIPO_COMPETENCIA,COD_PERMISO,COD_VIA,ALTA_EXPEDIENTES,MOD_EXPEDIENTES,RES_EXPEDIENTE,RES_PROPUESTA_AGE,RES_PROPUESTA_CCAA,GEN_TASAS_TRABAJO,GEN_TASAS_RESIDENCIA,POR_DEFECTO) values (SQ_CONF_AUTORIZACIONES.NEXTVAL,'00002','ELI','SFE','S','S','S','N','N','S','S','N');
Insert into CONFIGURACION_AUTORIZACIONES (ID_CFG_AUTORIZACIONES,TIPO_COMPETENCIA,COD_PERMISO,COD_VIA,ALTA_EXPEDIENTES,MOD_EXPEDIENTES,RES_EXPEDIENTE,RES_PROPUESTA_AGE,RES_PROPUESTA_CCAA,GEN_TASAS_TRABAJO,GEN_TASAS_RESIDENCIA,POR_DEFECTO) values (SQ_CONF_AUTORIZACIONES.NEXTVAL,'00002','ELI','SFC','S','S','S','N','N','S','S','N');
Insert into CONFIGURACION_AUTORIZACIONES (ID_CFG_AUTORIZACIONES,TIPO_COMPETENCIA,COD_PERMISO,COD_VIA,ALTA_EXPEDIENTES,MOD_EXPEDIENTES,RES_EXPEDIENTE,RES_PROPUESTA_AGE,RES_PROPUESTA_CCAA,GEN_TASAS_TRABAJO,GEN_TASAS_RESIDENCIA,POR_DEFECTO) values (SQ_CONF_AUTORIZACIONES.NEXTVAL,'00002','ELI','CDE','S','S','S','N','N','S','S','N');
Insert into CONFIGURACION_AUTORIZACIONES (ID_CFG_AUTORIZACIONES,TIPO_COMPETENCIA,COD_PERMISO,COD_VIA,ALTA_EXPEDIENTES,MOD_EXPEDIENTES,RES_EXPEDIENTE,RES_PROPUESTA_AGE,RES_PROPUESTA_CCAA,GEN_TASAS_TRABAJO,GEN_TASAS_RESIDENCIA,POR_DEFECTO) values (SQ_CONF_AUTORIZACIONES.NEXTVAL,'00002','ELI','MUE','S','S','S','N','N','S','S','N');
Insert into CONFIGURACION_AUTORIZACIONES (ID_CFG_AUTORIZACIONES,TIPO_COMPETENCIA,COD_PERMISO,COD_VIA,ALTA_EXPEDIENTES,MOD_EXPEDIENTES,RES_EXPEDIENTE,RES_PROPUESTA_AGE,RES_PROPUESTA_CCAA,GEN_TASAS_TRABAJO,GEN_TASAS_RESIDENCIA,POR_DEFECTO) values (SQ_CONF_AUTORIZACIONES.NEXTVAL,'00002','ELI','VP','S','S','S','N','N','S','S','N');
Insert into CONFIGURACION_AUTORIZACIONES (ID_CFG_AUTORIZACIONES,TIPO_COMPETENCIA,COD_PERMISO,COD_VIA,ALTA_EXPEDIENTES,MOD_EXPEDIENTES,RES_EXPEDIENTE,RES_PROPUESTA_AGE,RES_PROPUESTA_CCAA,GEN_TASAS_TRABAJO,GEN_TASAS_RESIDENCIA,POR_DEFECTO) values (SQ_CONF_AUTORIZACIONES.NEXTVAL,'00002','ELI','KH','S','S','S','N','N','S','S','N');
Insert into CONFIGURACION_AUTORIZACIONES (ID_CFG_AUTORIZACIONES,TIPO_COMPETENCIA,COD_PERMISO,COD_VIA,ALTA_EXPEDIENTES,MOD_EXPEDIENTES,RES_EXPEDIENTE,RES_PROPUESTA_AGE,RES_PROPUESTA_CCAA,GEN_TASAS_TRABAJO,GEN_TASAS_RESIDENCIA,POR_DEFECTO) values (SQ_CONF_AUTORIZACIONES.NEXTVAL,'00002','ELI','AUP','S','S','S','N','N','S','S','N');
Insert into CONFIGURACION_AUTORIZACIONES (ID_CFG_AUTORIZACIONES,TIPO_COMPETENCIA,COD_PERMISO,COD_VIA,ALTA_EXPEDIENTES,MOD_EXPEDIENTES,RES_EXPEDIENTE,RES_PROPUESTA_AGE,RES_PROPUESTA_CCAA,GEN_TASAS_TRABAJO,GEN_TASAS_RESIDENCIA,POR_DEFECTO) values (SQ_CONF_AUTORIZACIONES.NEXTVAL,'00002','ELI','ESE','S','S','S','N','N','S','S','N');
Insert into CONFIGURACION_AUTORIZACIONES (ID_CFG_AUTORIZACIONES,TIPO_COMPETENCIA,COD_PERMISO,COD_VIA,ALTA_EXPEDIENTES,MOD_EXPEDIENTES,RES_EXPEDIENTE,RES_PROPUESTA_AGE,RES_PROPUESTA_CCAA,GEN_TASAS_TRABAJO,GEN_TASAS_RESIDENCIA,POR_DEFECTO) values (SQ_CONF_AUTORIZACIONES.NEXTVAL,'00002','ELP','ESP','S','S','S','N','N','S','S','N');
Insert into CONFIGURACION_AUTORIZACIONES (ID_CFG_AUTORIZACIONES,TIPO_COMPETENCIA,COD_PERMISO,COD_VIA,ALTA_EXPEDIENTES,MOD_EXPEDIENTES,RES_EXPEDIENTE,RES_PROPUESTA_AGE,RES_PROPUESTA_CCAA,GEN_TASAS_TRABAJO,GEN_TASAS_RESIDENCIA,POR_DEFECTO) values (SQ_CONF_AUTORIZACIONES.NEXTVAL,'00002','ELP','EPP','S','S','S','N','N','S','S','N');
Insert into CONFIGURACION_AUTORIZACIONES (ID_CFG_AUTORIZACIONES,TIPO_COMPETENCIA,COD_PERMISO,COD_VIA,ALTA_EXPEDIENTES,MOD_EXPEDIENTES,RES_EXPEDIENTE,RES_PROPUESTA_AGE,RES_PROPUESTA_CCAA,GEN_TASAS_TRABAJO,GEN_TASAS_RESIDENCIA,POR_DEFECTO) values (SQ_CONF_AUTORIZACIONES.NEXTVAL,'00002','ELP','EVP','S','S','S','N','N','S','S','N');
Insert into CONFIGURACION_AUTORIZACIONES (ID_CFG_AUTORIZACIONES,TIPO_COMPETENCIA,COD_PERMISO,COD_VIA,ALTA_EXPEDIENTES,MOD_EXPEDIENTES,RES_EXPEDIENTE,RES_PROPUESTA_AGE,RES_PROPUESTA_CCAA,GEN_TASAS_TRABAJO,GEN_TASAS_RESIDENCIA,POR_DEFECTO) values (SQ_CONF_AUTORIZACIONES.NEXTVAL,'00002','ELP','FOP','S','S','S','N','N','S','S','N');
Insert into CONFIGURACION_AUTORIZACIONES (ID_CFG_AUTORIZACIONES,TIPO_COMPETENCIA,COD_PERMISO,COD_VIA,ALTA_EXPEDIENTES,MOD_EXPEDIENTES,RES_EXPEDIENTE,RES_PROPUESTA_AGE,RES_PROPUESTA_CCAA,GEN_TASAS_TRABAJO,GEN_TASAS_RESIDENCIA,POR_DEFECTO) values (SQ_CONF_AUTORIZACIONES.NEXTVAL,'00002','ELP','FEP','S','S','S','N','N','S','S','N');
Insert into CONFIGURACION_AUTORIZACIONES (ID_CFG_AUTORIZACIONES,TIPO_COMPETENCIA,COD_PERMISO,COD_VIA,ALTA_EXPEDIENTES,MOD_EXPEDIENTES,RES_EXPEDIENTE,RES_PROPUESTA_AGE,RES_PROPUESTA_CCAA,GEN_TASAS_TRABAJO,GEN_TASAS_RESIDENCIA,POR_DEFECTO) values (SQ_CONF_AUTORIZACIONES.NEXTVAL,'00002','EAR','TAP','S','S','S','N','N','S','S','N');
Insert into CONFIGURACION_AUTORIZACIONES (ID_CFG_AUTORIZACIONES,TIPO_COMPETENCIA,COD_PERMISO,COD_VIA,ALTA_EXPEDIENTES,MOD_EXPEDIENTES,RES_EXPEDIENTE,RES_PROPUESTA_AGE,RES_PROPUESTA_CCAA,GEN_TASAS_TRABAJO,GEN_TASAS_RESIDENCIA,POR_DEFECTO) values (SQ_CONF_AUTORIZACIONES.NEXTVAL,'00002','EPR','TPP','S','S','S','N','N','S','S','N');
Insert into CONFIGURACION_AUTORIZACIONES (ID_CFG_AUTORIZACIONES,TIPO_COMPETENCIA,COD_PERMISO,COD_VIA,ALTA_EXPEDIENTES,MOD_EXPEDIENTES,RES_EXPEDIENTE,RES_PROPUESTA_AGE,RES_PROPUESTA_CCAA,GEN_TASAS_TRABAJO,GEN_TASAS_RESIDENCIA,POR_DEFECTO) values (SQ_CONF_AUTORIZACIONES.NEXTVAL,'00003','ELI','ESC','S','S','S','N','N','S','S','N');
Insert into CONFIGURACION_AUTORIZACIONES (ID_CFG_AUTORIZACIONES,TIPO_COMPETENCIA,COD_PERMISO,COD_VIA,ALTA_EXPEDIENTES,MOD_EXPEDIENTES,RES_EXPEDIENTE,RES_PROPUESTA_AGE,RES_PROPUESTA_CCAA,GEN_TASAS_TRABAJO,GEN_TASAS_RESIDENCIA,POR_DEFECTO) values (SQ_CONF_AUTORIZACIONES.NEXTVAL,'00003','ELI','ESI','S','S','S','N','N','S','S','N');
Insert into CONFIGURACION_AUTORIZACIONES (ID_CFG_AUTORIZACIONES,TIPO_COMPETENCIA,COD_PERMISO,COD_VIA,ALTA_EXPEDIENTES,MOD_EXPEDIENTES,RES_EXPEDIENTE,RES_PROPUESTA_AGE,RES_PROPUESTA_CCAA,GEN_TASAS_TRABAJO,GEN_TASAS_RESIDENCIA,POR_DEFECTO) values (SQ_CONF_AUTORIZACIONES.NEXTVAL,'00003','ELI','EPE','S','S','S','N','N','S','S','N');
Insert into CONFIGURACION_AUTORIZACIONES (ID_CFG_AUTORIZACIONES,TIPO_COMPETENCIA,COD_PERMISO,COD_VIA,ALTA_EXPEDIENTES,MOD_EXPEDIENTES,RES_EXPEDIENTE,RES_PROPUESTA_AGE,RES_PROPUESTA_CCAA,GEN_TASAS_TRABAJO,GEN_TASAS_RESIDENCIA,POR_DEFECTO) values (SQ_CONF_AUTORIZACIONES.NEXTVAL,'00003','ELI','EPC','S','S','S','N','N','S','S','N');
Insert into CONFIGURACION_AUTORIZACIONES (ID_CFG_AUTORIZACIONES,TIPO_COMPETENCIA,COD_PERMISO,COD_VIA,ALTA_EXPEDIENTES,MOD_EXPEDIENTES,RES_EXPEDIENTE,RES_PROPUESTA_AGE,RES_PROPUESTA_CCAA,GEN_TASAS_TRABAJO,GEN_TASAS_RESIDENCIA,POR_DEFECTO) values (SQ_CONF_AUTORIZACIONES.NEXTVAL,'00003','ELI','PME','S','S','S','N','N','S','S','N');
Insert into CONFIGURACION_AUTORIZACIONES (ID_CFG_AUTORIZACIONES,TIPO_COMPETENCIA,COD_PERMISO,COD_VIA,ALTA_EXPEDIENTES,MOD_EXPEDIENTES,RES_EXPEDIENTE,RES_PROPUESTA_AGE,RES_PROPUESTA_CCAA,GEN_TASAS_TRABAJO,GEN_TASAS_RESIDENCIA,POR_DEFECTO) values (SQ_CONF_AUTORIZACIONES.NEXTVAL,'00003','ELI','PMC','S','S','S','N','N','S','S','N');
Insert into CONFIGURACION_AUTORIZACIONES (ID_CFG_AUTORIZACIONES,TIPO_COMPETENCIA,COD_PERMISO,COD_VIA,ALTA_EXPEDIENTES,MOD_EXPEDIENTES,RES_EXPEDIENTE,RES_PROPUESTA_AGE,RES_PROPUESTA_CCAA,GEN_TASAS_TRABAJO,GEN_TASAS_RESIDENCIA,POR_DEFECTO) values (SQ_CONF_AUTORIZACIONES.NEXTVAL,'00003','ELI','EVE','S','S','S','N','N','S','S','N');
Insert into CONFIGURACION_AUTORIZACIONES (ID_CFG_AUTORIZACIONES,TIPO_COMPETENCIA,COD_PERMISO,COD_VIA,ALTA_EXPEDIENTES,MOD_EXPEDIENTES,RES_EXPEDIENTE,RES_PROPUESTA_AGE,RES_PROPUESTA_CCAA,GEN_TASAS_TRABAJO,GEN_TASAS_RESIDENCIA,POR_DEFECTO) values (SQ_CONF_AUTORIZACIONES.NEXTVAL,'00003','ELI','EVC','S','S','S','N','N','S','S','N');
Insert into CONFIGURACION_AUTORIZACIONES (ID_CFG_AUTORIZACIONES,TIPO_COMPETENCIA,COD_PERMISO,COD_VIA,ALTA_EXPEDIENTES,MOD_EXPEDIENTES,RES_EXPEDIENTE,RES_PROPUESTA_AGE,RES_PROPUESTA_CCAA,GEN_TASAS_TRABAJO,GEN_TASAS_RESIDENCIA,POR_DEFECTO) values (SQ_CONF_AUTORIZACIONES.NEXTVAL,'00003','ELI','FOE','S','S','S','N','N','S','S','N');
Insert into CONFIGURACION_AUTORIZACIONES (ID_CFG_AUTORIZACIONES,TIPO_COMPETENCIA,COD_PERMISO,COD_VIA,ALTA_EXPEDIENTES,MOD_EXPEDIENTES,RES_EXPEDIENTE,RES_PROPUESTA_AGE,RES_PROPUESTA_CCAA,GEN_TASAS_TRABAJO,GEN_TASAS_RESIDENCIA,POR_DEFECTO) values (SQ_CONF_AUTORIZACIONES.NEXTVAL,'00003','ELI','FOC','S','S','S','N','N','S','S','N');
Insert into CONFIGURACION_AUTORIZACIONES (ID_CFG_AUTORIZACIONES,TIPO_COMPETENCIA,COD_PERMISO,COD_VIA,ALTA_EXPEDIENTES,MOD_EXPEDIENTES,RES_EXPEDIENTE,RES_PROPUESTA_AGE,RES_PROPUESTA_CCAA,GEN_TASAS_TRABAJO,GEN_TASAS_RESIDENCIA,POR_DEFECTO) values (SQ_CONF_AUTORIZACIONES.NEXTVAL,'00003','ELI','FIE','S','S','S','N','N','S','S','N');
Insert into CONFIGURACION_AUTORIZACIONES (ID_CFG_AUTORIZACIONES,TIPO_COMPETENCIA,COD_PERMISO,COD_VIA,ALTA_EXPEDIENTES,MOD_EXPEDIENTES,RES_EXPEDIENTE,RES_PROPUESTA_AGE,RES_PROPUESTA_CCAA,GEN_TASAS_TRABAJO,GEN_TASAS_RESIDENCIA,POR_DEFECTO) values (SQ_CONF_AUTORIZACIONES.NEXTVAL,'00003','ELI','FIC','S','S','S','N','N','S','S','N');
Insert into CONFIGURACION_AUTORIZACIONES (ID_CFG_AUTORIZACIONES,TIPO_COMPETENCIA,COD_PERMISO,COD_VIA,ALTA_EXPEDIENTES,MOD_EXPEDIENTES,RES_EXPEDIENTE,RES_PROPUESTA_AGE,RES_PROPUESTA_CCAA,GEN_TASAS_TRABAJO,GEN_TASAS_RESIDENCIA,POR_DEFECTO) values (SQ_CONF_AUTORIZACIONES.NEXTVAL,'00003','ELI','TAI','S','S','S','N','N','S','S','N');
Insert into CONFIGURACION_AUTORIZACIONES (ID_CFG_AUTORIZACIONES,TIPO_COMPETENCIA,COD_PERMISO,COD_VIA,ALTA_EXPEDIENTES,MOD_EXPEDIENTES,RES_EXPEDIENTE,RES_PROPUESTA_AGE,RES_PROPUESTA_CCAA,GEN_TASAS_TRABAJO,GEN_TASAS_RESIDENCIA,POR_DEFECTO) values (SQ_CONF_AUTORIZACIONES.NEXTVAL,'00003','EAI','TPI','S','S','S','N','N','S','S','N');
Insert into CONFIGURACION_AUTORIZACIONES (ID_CFG_AUTORIZACIONES,TIPO_COMPETENCIA,COD_PERMISO,COD_VIA,ALTA_EXPEDIENTES,MOD_EXPEDIENTES,RES_EXPEDIENTE,RES_PROPUESTA_AGE,RES_PROPUESTA_CCAA,GEN_TASAS_TRABAJO,GEN_TASAS_RESIDENCIA,POR_DEFECTO) values (SQ_CONF_AUTORIZACIONES.NEXTVAL,'00003','EPI','ASE','S','S','S','N','N','S','S','N');
Insert into CONFIGURACION_AUTORIZACIONES (ID_CFG_AUTORIZACIONES,TIPO_COMPETENCIA,COD_PERMISO,COD_VIA,ALTA_EXPEDIENTES,MOD_EXPEDIENTES,RES_EXPEDIENTE,RES_PROPUESTA_AGE,RES_PROPUESTA_CCAA,GEN_TASAS_TRABAJO,GEN_TASAS_RESIDENCIA,POR_DEFECTO) values (SQ_CONF_AUTORIZACIONES.NEXTVAL,'00003','ELI','ASC','S','S','S','N','N','S','S','N');
Insert into CONFIGURACION_AUTORIZACIONES (ID_CFG_AUTORIZACIONES,TIPO_COMPETENCIA,COD_PERMISO,COD_VIA,ALTA_EXPEDIENTES,MOD_EXPEDIENTES,RES_EXPEDIENTE,RES_PROPUESTA_AGE,RES_PROPUESTA_CCAA,GEN_TASAS_TRABAJO,GEN_TASAS_RESIDENCIA,POR_DEFECTO) values (SQ_CONF_AUTORIZACIONES.NEXTVAL,'00003','ELI','SFE','S','S','S','N','N','S','S','N');
Insert into CONFIGURACION_AUTORIZACIONES (ID_CFG_AUTORIZACIONES,TIPO_COMPETENCIA,COD_PERMISO,COD_VIA,ALTA_EXPEDIENTES,MOD_EXPEDIENTES,RES_EXPEDIENTE,RES_PROPUESTA_AGE,RES_PROPUESTA_CCAA,GEN_TASAS_TRABAJO,GEN_TASAS_RESIDENCIA,POR_DEFECTO) values (SQ_CONF_AUTORIZACIONES.NEXTVAL,'00003','ELI','SFC','S','S','S','N','N','S','S','N');
Insert into CONFIGURACION_AUTORIZACIONES (ID_CFG_AUTORIZACIONES,TIPO_COMPETENCIA,COD_PERMISO,COD_VIA,ALTA_EXPEDIENTES,MOD_EXPEDIENTES,RES_EXPEDIENTE,RES_PROPUESTA_AGE,RES_PROPUESTA_CCAA,GEN_TASAS_TRABAJO,GEN_TASAS_RESIDENCIA,POR_DEFECTO) values (SQ_CONF_AUTORIZACIONES.NEXTVAL,'00003','ELI','CDE','S','S','S','N','N','S','S','N');
Insert into CONFIGURACION_AUTORIZACIONES (ID_CFG_AUTORIZACIONES,TIPO_COMPETENCIA,COD_PERMISO,COD_VIA,ALTA_EXPEDIENTES,MOD_EXPEDIENTES,RES_EXPEDIENTE,RES_PROPUESTA_AGE,RES_PROPUESTA_CCAA,GEN_TASAS_TRABAJO,GEN_TASAS_RESIDENCIA,POR_DEFECTO) values (SQ_CONF_AUTORIZACIONES.NEXTVAL,'00003','ELI','MUE','S','S','S','N','N','S','S','N');
Insert into CONFIGURACION_AUTORIZACIONES (ID_CFG_AUTORIZACIONES,TIPO_COMPETENCIA,COD_PERMISO,COD_VIA,ALTA_EXPEDIENTES,MOD_EXPEDIENTES,RES_EXPEDIENTE,RES_PROPUESTA_AGE,RES_PROPUESTA_CCAA,GEN_TASAS_TRABAJO,GEN_TASAS_RESIDENCIA,POR_DEFECTO) values (SQ_CONF_AUTORIZACIONES.NEXTVAL,'00003','ELI','VP','S','S','S','N','N','S','S','N');
Insert into CONFIGURACION_AUTORIZACIONES (ID_CFG_AUTORIZACIONES,TIPO_COMPETENCIA,COD_PERMISO,COD_VIA,ALTA_EXPEDIENTES,MOD_EXPEDIENTES,RES_EXPEDIENTE,RES_PROPUESTA_AGE,RES_PROPUESTA_CCAA,GEN_TASAS_TRABAJO,GEN_TASAS_RESIDENCIA,POR_DEFECTO) values (SQ_CONF_AUTORIZACIONES.NEXTVAL,'00003','ELI','KH','S','S','S','N','N','S','S','N');
Insert into CONFIGURACION_AUTORIZACIONES (ID_CFG_AUTORIZACIONES,TIPO_COMPETENCIA,COD_PERMISO,COD_VIA,ALTA_EXPEDIENTES,MOD_EXPEDIENTES,RES_EXPEDIENTE,RES_PROPUESTA_AGE,RES_PROPUESTA_CCAA,GEN_TASAS_TRABAJO,GEN_TASAS_RESIDENCIA,POR_DEFECTO) values (SQ_CONF_AUTORIZACIONES.NEXTVAL,'00003','ELI','AUP','S','S','S','N','N','S','S','N');
Insert into CONFIGURACION_AUTORIZACIONES (ID_CFG_AUTORIZACIONES,TIPO_COMPETENCIA,COD_PERMISO,COD_VIA,ALTA_EXPEDIENTES,MOD_EXPEDIENTES,RES_EXPEDIENTE,RES_PROPUESTA_AGE,RES_PROPUESTA_CCAA,GEN_TASAS_TRABAJO,GEN_TASAS_RESIDENCIA,POR_DEFECTO) values (SQ_CONF_AUTORIZACIONES.NEXTVAL,'00003','ELI','ESE','S','S','S','N','N','S','S','N');
Insert into CONFIGURACION_AUTORIZACIONES (ID_CFG_AUTORIZACIONES,TIPO_COMPETENCIA,COD_PERMISO,COD_VIA,ALTA_EXPEDIENTES,MOD_EXPEDIENTES,RES_EXPEDIENTE,RES_PROPUESTA_AGE,RES_PROPUESTA_CCAA,GEN_TASAS_TRABAJO,GEN_TASAS_RESIDENCIA,POR_DEFECTO) values (SQ_CONF_AUTORIZACIONES.NEXTVAL,'00003','ELP','ESP','S','S','S','N','N','S','S','N');
Insert into CONFIGURACION_AUTORIZACIONES (ID_CFG_AUTORIZACIONES,TIPO_COMPETENCIA,COD_PERMISO,COD_VIA,ALTA_EXPEDIENTES,MOD_EXPEDIENTES,RES_EXPEDIENTE,RES_PROPUESTA_AGE,RES_PROPUESTA_CCAA,GEN_TASAS_TRABAJO,GEN_TASAS_RESIDENCIA,POR_DEFECTO) values (SQ_CONF_AUTORIZACIONES.NEXTVAL,'00003','ELP','EPP','S','S','S','N','N','S','S','N');
Insert into CONFIGURACION_AUTORIZACIONES (ID_CFG_AUTORIZACIONES,TIPO_COMPETENCIA,COD_PERMISO,COD_VIA,ALTA_EXPEDIENTES,MOD_EXPEDIENTES,RES_EXPEDIENTE,RES_PROPUESTA_AGE,RES_PROPUESTA_CCAA,GEN_TASAS_TRABAJO,GEN_TASAS_RESIDENCIA,POR_DEFECTO) values (SQ_CONF_AUTORIZACIONES.NEXTVAL,'00003','ELP','EVP','S','S','S','N','N','S','S','N');
Insert into CONFIGURACION_AUTORIZACIONES (ID_CFG_AUTORIZACIONES,TIPO_COMPETENCIA,COD_PERMISO,COD_VIA,ALTA_EXPEDIENTES,MOD_EXPEDIENTES,RES_EXPEDIENTE,RES_PROPUESTA_AGE,RES_PROPUESTA_CCAA,GEN_TASAS_TRABAJO,GEN_TASAS_RESIDENCIA,POR_DEFECTO) values (SQ_CONF_AUTORIZACIONES.NEXTVAL,'00003','ELP','FOP','S','S','S','N','N','S','S','N');
Insert into CONFIGURACION_AUTORIZACIONES (ID_CFG_AUTORIZACIONES,TIPO_COMPETENCIA,COD_PERMISO,COD_VIA,ALTA_EXPEDIENTES,MOD_EXPEDIENTES,RES_EXPEDIENTE,RES_PROPUESTA_AGE,RES_PROPUESTA_CCAA,GEN_TASAS_TRABAJO,GEN_TASAS_RESIDENCIA,POR_DEFECTO) values (SQ_CONF_AUTORIZACIONES.NEXTVAL,'00003','ELP','FEP','S','S','S','N','N','S','S','N');
Insert into CONFIGURACION_AUTORIZACIONES (ID_CFG_AUTORIZACIONES,TIPO_COMPETENCIA,COD_PERMISO,COD_VIA,ALTA_EXPEDIENTES,MOD_EXPEDIENTES,RES_EXPEDIENTE,RES_PROPUESTA_AGE,RES_PROPUESTA_CCAA,GEN_TASAS_TRABAJO,GEN_TASAS_RESIDENCIA,POR_DEFECTO) values (SQ_CONF_AUTORIZACIONES.NEXTVAL,'00003','EAR','TAP','S','S','S','N','N','S','S','N');
Insert into CONFIGURACION_AUTORIZACIONES (ID_CFG_AUTORIZACIONES,TIPO_COMPETENCIA,COD_PERMISO,COD_VIA,ALTA_EXPEDIENTES,MOD_EXPEDIENTES,RES_EXPEDIENTE,RES_PROPUESTA_AGE,RES_PROPUESTA_CCAA,GEN_TASAS_TRABAJO,GEN_TASAS_RESIDENCIA,POR_DEFECTO) values (SQ_CONF_AUTORIZACIONES.NEXTVAL,'00003','EPR','TPP','S','S','S','N','N','S','S','N');
 
commit;

-- EX01

-- PERMISOS
Insert into PERMISOS (EPEPER,EPENOM,EPELUC,EPECOM,EPECAP,EPEFCO,EPEFEX,EPERES,EPEVAL,EPEGRP,EPETIP,EPEFLAGS,EPEVIA,EPEMVA,EPEREG,EPECARTASMTAS,EPENOMBRESEDE,EXCLUDESEDE) values ('NLR','RESIDENCIA TEMPORAL NO LUCRATIVA RENOVACIÓN','N',' ','N',' ',' ','S','S','PER','RE','SSNCNNNSNNNNSNN','MER','12','RD1155','N',null,'N');
Insert into PERMISOS (EPEPER,EPENOM,EPELUC,EPECOM,EPECAP,EPEFCO,EPEFEX,EPERES,EPEVAL,EPEGRP,EPETIP,EPEFLAGS,EPEVIA,EPEMVA,EPEREG,EPECARTASMTAS,EPENOMBRESEDE,EXCLUDESEDE) values ('NLI','RESIDENCIA TEMPORAL NO LUCRATIVA INICIAL','N',' ','N',' ',' ','S','S','PER','RE','SSNCNNNSNNNNSNN','MEI','12','RD1155','N',null,'N');

--VIA_ACCESO
Insert into VIA_ACCESO (EVICOD,EVIDES,EVICER,EVIGEN) values ('MEI','TITULAR DE LOS MEDIOS ECONÓMICOS DE LA AUTORIZACIÓN','N','S');
Insert into VIA_ACCESO (EVICOD,EVIDES,EVICER,EVIGEN) values ('FMI','FAMILIAR DEL TITULAR DE LOS MEDIOS ECONÓMICOS DE LA AUTORIZACIÓN','N','S');
Insert into VIA_ACCESO (EVICOD,EVIDES,EVICER,EVIGEN) values ('MER','TITULAR DE LOS MEDIOS ECONÓMICOS DE LA AUTORIZACIÓN','N','S');
Insert into VIA_ACCESO (EVICOD,EVIDES,EVICER,EVIGEN) values ('FMR','FAMILIAR DEL TITULAR DE LOS MEDIOS ECONÓMICOS DE LA AUTORIZACIÓN','N','S');

-- AUTORIZAC
Insert into AUTORIZAC (AUTCOD,AUTDES,AUTFLAGS,AUTVAL,AUTGRP,AUTCLA,AUTMOD,AUTTIP,AUTDES_CAT,AUTDES_CAT_CAS,AUTDES_UMI,AUTJERAR,AUTCLAS) values ('B0I000','Residencia temporal No Lucrativa de titular Inicial Titular de los medios económicos de la autorización',null,'N',null,null,null,null,null,null,null,null,null);
Insert into AUTORIZAC (AUTCOD,AUTDES,AUTFLAGS,AUTVAL,AUTGRP,AUTCLA,AUTMOD,AUTTIP,AUTDES_CAT,AUTDES_CAT_CAS,AUTDES_UMI,AUTJERAR,AUTCLAS) values ('B0I001','Residencia temporal No Lucrativa de familiar Inicial Familiar del titular de los medios económicos de la autorización',null,'N',null,null,null,null,null,null,null,null,null);
Insert into AUTORIZAC (AUTCOD,AUTDES,AUTFLAGS,AUTVAL,AUTGRP,AUTCLA,AUTMOD,AUTTIP,AUTDES_CAT,AUTDES_CAT_CAS,AUTDES_UMI,AUTJERAR,AUTCLAS) values ('B0R000','Residencia temporal No Lucrativa de titular Renovación Titular de los medios económicos de la autorización',null,'N',null,null,null,null,null,null,null,null,null);
Insert into AUTORIZAC (AUTCOD,AUTDES,AUTFLAGS,AUTVAL,AUTGRP,AUTCLA,AUTMOD,AUTTIP,AUTDES_CAT,AUTDES_CAT_CAS,AUTDES_UMI,AUTJERAR,AUTCLAS) values ('B0R001','Residencia temporal No Lucrativa de familiar Renovación Familiar del titular de los medios económicos de la autorización',null,'N',null,null,null,null,null,null,null,null,null);

-- VIA_PERMISO
Insert into VIA_PERMISO (EVPPER,EVPVIA,EVPFLAGS,EVPVAL,EVPMTAS,EVPFECINI,EVPFECFIN,EVPFORMULARIO,EVPESCCOS,EVPFGR,EVPVERRES,CODIGO_SIA,IGUALDAD,EVPDGPTJ,EVPETIQUETAFAM,EVPPROMOTOR,EVPTRANSFRONTERIZO,EVPFAMILIAR,EVPNACIONALIDAD,EVPNIVELESTUDIOS,EVPCENTROESTUDIOS,EVPAMBITO,EVPVISADODESCESP,EVPRECUPERALD,EVPIGUALDAD,EVPTIPOTITULAR,EVPRESSINPAGTASR,EVPNSOPORTEUE,EVPCNED,EVPADJDOCRESUELTO,EVPPERMANENTE,EVPNUMPLAZO,EVPTIPPLAZO,EVPTIPESTIMACION,EVPLEYENDA,EVPINITASAS) values ('NLR','FMR','NDEDNNNSNNNNNNNNNNNSN O S          N NND','S','B0R001',to_date('20/05/25','DD/MM/RR'),null,'EX01','S',to_date('23/04/25','DD/MM/RR'),'S','201321','N','S','F','N','N','N',null,'N','N',null,'N','N','N','G','N','N','N','N','S','3','M','E','S','N');
Insert into VIA_PERMISO (EVPPER,EVPVIA,EVPFLAGS,EVPVAL,EVPMTAS,EVPFECINI,EVPFECFIN,EVPFORMULARIO,EVPESCCOS,EVPFGR,EVPVERRES,CODIGO_SIA,IGUALDAD,EVPDGPTJ,EVPETIQUETAFAM,EVPPROMOTOR,EVPTRANSFRONTERIZO,EVPFAMILIAR,EVPNACIONALIDAD,EVPNIVELESTUDIOS,EVPCENTROESTUDIOS,EVPAMBITO,EVPVISADODESCESP,EVPRECUPERALD,EVPIGUALDAD,EVPTIPOTITULAR,EVPRESSINPAGTASR,EVPNSOPORTEUE,EVPCNED,EVPADJDOCRESUELTO,EVPPERMANENTE,EVPNUMPLAZO,EVPTIPPLAZO,EVPTIPESTIMACION,EVPLEYENDA,EVPINITASAS) values ('NLI','MEI','N12DNNSSNNNNNNNNNNSNN O S              A','S','B0I000',to_date('20/05/25','DD/MM/RR'),null,'EX01','S',to_date('23/04/25','DD/MM/RR'),'S','201321','N','S','F','N','N','N',null,'N','N',null,'N','N','N','G','N','N','N','N','S','1','M','D','N','N');
Insert into VIA_PERMISO (EVPPER,EVPVIA,EVPFLAGS,EVPVAL,EVPMTAS,EVPFECINI,EVPFECFIN,EVPFORMULARIO,EVPESCCOS,EVPFGR,EVPVERRES,CODIGO_SIA,IGUALDAD,EVPDGPTJ,EVPETIQUETAFAM,EVPPROMOTOR,EVPTRANSFRONTERIZO,EVPFAMILIAR,EVPNACIONALIDAD,EVPNIVELESTUDIOS,EVPCENTROESTUDIOS,EVPAMBITO,EVPVISADODESCESP,EVPRECUPERALD,EVPIGUALDAD,EVPTIPOTITULAR,EVPRESSINPAGTASR,EVPNSOPORTEUE,EVPCNED,EVPADJDOCRESUELTO,EVPPERMANENTE,EVPNUMPLAZO,EVPTIPPLAZO,EVPTIPESTIMACION,EVPLEYENDA,EVPINITASAS) values ('NLI','FMI','N12DNNSSNNNNNNNNNNSNN O S              A','S','B0I001',to_date('20/05/25','DD/MM/RR'),null,'EX01','S',to_date('23/04/25','DD/MM/RR'),'S','201321','N','S','F','N','N','N',null,'N','N',null,'N','N','N','G','N','N','N','N','S','1','M','D','N','N');
Insert into VIA_PERMISO (EVPPER,EVPVIA,EVPFLAGS,EVPVAL,EVPMTAS,EVPFECINI,EVPFECFIN,EVPFORMULARIO,EVPESCCOS,EVPFGR,EVPVERRES,CODIGO_SIA,IGUALDAD,EVPDGPTJ,EVPETIQUETAFAM,EVPPROMOTOR,EVPTRANSFRONTERIZO,EVPFAMILIAR,EVPNACIONALIDAD,EVPNIVELESTUDIOS,EVPCENTROESTUDIOS,EVPAMBITO,EVPVISADODESCESP,EVPRECUPERALD,EVPIGUALDAD,EVPTIPOTITULAR,EVPRESSINPAGTASR,EVPNSOPORTEUE,EVPCNED,EVPADJDOCRESUELTO,EVPPERMANENTE,EVPNUMPLAZO,EVPTIPPLAZO,EVPTIPESTIMACION,EVPLEYENDA,EVPINITASAS) values ('NLR','MER','NDEDNNNSNNNNNNNNNNNSN O S          N NND','S','B0R000',to_date('20/05/25','DD/MM/RR'),null,'EX01','S',to_date('23/04/25','DD/MM/RR'),'S','201321','N','S','F','N','N','N',null,'N','N',null,'N','N','N','G','N','N','N','N','S','3','M','E','S','N');

-- CONFIGURACION_AUTORIZACIONES
Insert into CONFIGURACION_AUTORIZACIONES (ID_CFG_AUTORIZACIONES,TIPO_COMPETENCIA,COD_PERMISO,COD_VIA,ALTA_EXPEDIENTES,MOD_EXPEDIENTES,RES_EXPEDIENTE,RES_PROPUESTA_AGE,RES_PROPUESTA_CCAA,GEN_TASAS_TRABAJO,GEN_TASAS_RESIDENCIA,POR_DEFECTO) values (SQ_CONF_AUTORIZACIONES.NEXTVAL,'00002','NLI','MEI','S','S','S','N','N','N','N','N');
Insert into CONFIGURACION_AUTORIZACIONES (ID_CFG_AUTORIZACIONES,TIPO_COMPETENCIA,COD_PERMISO,COD_VIA,ALTA_EXPEDIENTES,MOD_EXPEDIENTES,RES_EXPEDIENTE,RES_PROPUESTA_AGE,RES_PROPUESTA_CCAA,GEN_TASAS_TRABAJO,GEN_TASAS_RESIDENCIA,POR_DEFECTO) values (SQ_CONF_AUTORIZACIONES.NEXTVAL,'00002','NLI','FMI','S','S','S','N','N','N','N','N');
Insert into CONFIGURACION_AUTORIZACIONES (ID_CFG_AUTORIZACIONES,TIPO_COMPETENCIA,COD_PERMISO,COD_VIA,ALTA_EXPEDIENTES,MOD_EXPEDIENTES,RES_EXPEDIENTE,RES_PROPUESTA_AGE,RES_PROPUESTA_CCAA,GEN_TASAS_TRABAJO,GEN_TASAS_RESIDENCIA,POR_DEFECTO) values (SQ_CONF_AUTORIZACIONES.NEXTVAL,'00002','NLR','MER','S','S','S','N','N','N','N','N');
Insert into CONFIGURACION_AUTORIZACIONES (ID_CFG_AUTORIZACIONES,TIPO_COMPETENCIA,COD_PERMISO,COD_VIA,ALTA_EXPEDIENTES,MOD_EXPEDIENTES,RES_EXPEDIENTE,RES_PROPUESTA_AGE,RES_PROPUESTA_CCAA,GEN_TASAS_TRABAJO,GEN_TASAS_RESIDENCIA,POR_DEFECTO) values (SQ_CONF_AUTORIZACIONES.NEXTVAL,'00002','NLR','FMR','S','S','S','N','N','N','N','N');
Insert into CONFIGURACION_AUTORIZACIONES (ID_CFG_AUTORIZACIONES,TIPO_COMPETENCIA,COD_PERMISO,COD_VIA,ALTA_EXPEDIENTES,MOD_EXPEDIENTES,RES_EXPEDIENTE,RES_PROPUESTA_AGE,RES_PROPUESTA_CCAA,GEN_TASAS_TRABAJO,GEN_TASAS_RESIDENCIA,POR_DEFECTO) values (SQ_CONF_AUTORIZACIONES.NEXTVAL,'00003','NLI','MEI','S','S','S','N','N','N','N','N');
Insert into CONFIGURACION_AUTORIZACIONES (ID_CFG_AUTORIZACIONES,TIPO_COMPETENCIA,COD_PERMISO,COD_VIA,ALTA_EXPEDIENTES,MOD_EXPEDIENTES,RES_EXPEDIENTE,RES_PROPUESTA_AGE,RES_PROPUESTA_CCAA,GEN_TASAS_TRABAJO,GEN_TASAS_RESIDENCIA,POR_DEFECTO) values (SQ_CONF_AUTORIZACIONES.NEXTVAL,'00003','NLI','FMI','S','S','S','N','N','N','N','N');
Insert into CONFIGURACION_AUTORIZACIONES (ID_CFG_AUTORIZACIONES,TIPO_COMPETENCIA,COD_PERMISO,COD_VIA,ALTA_EXPEDIENTES,MOD_EXPEDIENTES,RES_EXPEDIENTE,RES_PROPUESTA_AGE,RES_PROPUESTA_CCAA,GEN_TASAS_TRABAJO,GEN_TASAS_RESIDENCIA,POR_DEFECTO) values (SQ_CONF_AUTORIZACIONES.NEXTVAL,'00003','NLR','MER','S','S','S','N','N','N','N','N');
Insert into CONFIGURACION_AUTORIZACIONES (ID_CFG_AUTORIZACIONES,TIPO_COMPETENCIA,COD_PERMISO,COD_VIA,ALTA_EXPEDIENTES,MOD_EXPEDIENTES,RES_EXPEDIENTE,RES_PROPUESTA_AGE,RES_PROPUESTA_CCAA,GEN_TASAS_TRABAJO,GEN_TASAS_RESIDENCIA,POR_DEFECTO) values (SQ_CONF_AUTORIZACIONES.NEXTVAL,'00003','NLR','FMR','S','S','S','N','N','N','N','N');

commit;

-- EX04

-- PERMISOS
Insert into PERMISOS (EPEPER,EPENOM,EPELUC,EPECOM,EPECAP,EPEFCO,EPEFEX,EPERES,EPEVAL,EPEGRP,EPETIP,EPEFLAGS,EPEVIA,EPEMVA,EPEREG,EPECARTASMTAS,EPENOMBRESEDE,EXCLUDESEDE) values ('RPI','AUTORIZACIÓN DE RESIDENCIA INICIAL PARA PRÁCTICAS','S',null,'A',null,null,'S','S','PER','TB','SSNCSNNSSNSNSNN','AL9','60','RD557/2011','N',null,'N');
Insert into PERMISOS (EPEPER,EPENOM,EPELUC,EPECOM,EPECAP,EPEFCO,EPEFEX,EPERES,EPEVAL,EPEGRP,EPETIP,EPEFLAGS,EPEVIA,EPEMVA,EPEREG,EPECARTASMTAS,EPENOMBRESEDE,EXCLUDESEDE) values ('RPR','AUTORIZACIÓN DE RESIDENCIA RENOVADA PARA PRÁCTICAS','S',null,'A',null,null,'S','S','PER','TB','SSNCSNNSSNSNSNN','AMD','60','RD557/2011','N',null,'N');
Insert into PERMISOS (EPEPER,EPENOM,EPELUC,EPECOM,EPECAP,EPEFCO,EPEFEX,EPERES,EPEVAL,EPEGRP,EPETIP,EPEFLAGS,EPEVIA,EPEMVA,EPEREG,EPECARTASMTAS,EPENOMBRESEDE,EXCLUDESEDE) values ('RIF','AUTORIZACIÓN DE RESIDENCIA INICIAL PARA PRÁCTICAS DE FAMILIAR','N',null,'A',null,null,'S','S','PER','TB','SSNCSNNSSNSNSNN','FA1','60','RD1155','N',null,'N');
Insert into PERMISOS (EPEPER,EPENOM,EPELUC,EPECOM,EPECAP,EPEFCO,EPEFEX,EPERES,EPEVAL,EPEGRP,EPETIP,EPEFLAGS,EPEVIA,EPEMVA,EPEREG,EPECARTASMTAS,EPENOMBRESEDE,EXCLUDESEDE) values ('RRF','AUTORIZACIÓN DE RESIDENCIA INICIAL PARA PRÁCTICAS DE FAMILIAR','N',null,'A',null,null,'S','S','PER','TB','SSNCSNNSSNSNSNN','FA2','60','RD1155','N',null,'N');

-- VIA_ACCESO
Insert into VIA_ACCESO (EVICOD,EVIDES,EVICER,EVIGEN) values ('EX1','AUTORIZACIÓN DE RESIDENCIA INICIAL PARA PRÁCTICAS EN BASE A UN CONVENIO EN PRÁCTICAS, ENCONTRÁNDOSE LA PERSONA EXTRANJERA EN EL EXTERIOR DE ESPAÑA (DA 18ª LEY 14/2013)','N','S');
Insert into VIA_ACCESO (EVICOD,EVIDES,EVICER,EVIGEN) values ('EX2','AUTORIZACIÓN DE RESIDENCIA INICIAL PARA PRÁCTICAS EN BASE A UN CONTRATO DE TRABAJO ENCONTRÁNDOSE LA PERSONA EXTRANJERA EN EL EXTERIOR DE ESPAÑA (DA 18ª LEY 14/2013)','N','S');
Insert into VIA_ACCESO (EVICOD,EVIDES,EVICER,EVIGEN) values ('ES1','AUTORIZACIÓN DE RESIDENCIA INICIAL PARA PRÁCTICAS EN BASE A UN CONVENIO EN PRÁCTICAS ENCONTRÁNDOSE LA PERSONA EXTRANJERA EN ESPAÑA (DA 18ª LEY 14/2013)','N','S');
Insert into VIA_ACCESO (EVICOD,EVIDES,EVICER,EVIGEN) values ('ES2','AUTORIZACIÓN DE RESIDENCIA INICIAL PARA PRÁCTICAS EN BASE A UN CONTRATO DE TRABAJO ENCONTRÁNDOSE LA PERSONA EXTRANJERA EN ESPAÑA (DA 18ª LEY 14/2013)','N','S');
Insert into VIA_ACCESO (EVICOD,EVIDES,EVICER,EVIGEN) values ('FA1','AUTORIZACIÓN DE RESIDENCIA INICIAL DE FAMILIAR DEL TITULAR DE AUTORIZACIÓN DE RESIDENCIA PARA PRÁCTICAS, QUE PREVIAMENTE ERA TITULAR DE UNA ESTANCIA COMO FAMILIAR DEL QUE DEPENDE (DA 18ª LEY 14/2013 E INSTRUCCIÓN DGM 4/2018)','N','S');
Insert into VIA_ACCESO (EVICOD,EVIDES,EVICER,EVIGEN) values ('RE1','AUTORIZACIÓN DE RESIDENCIA RENOVADA PARA PRACTICAS EN BASE A UN CONVENIO EN PRÁCTICAS (DA 18ª LEY 14/2013)','N','S');
Insert into VIA_ACCESO (EVICOD,EVIDES,EVICER,EVIGEN) values ('RE2','AUTORIZACIÓN DE RESIDENCIA RENOVADA PARA PRACTICAS EN BASE A UN CONTRATO DE TRABAJO (DA 18ª LEY 14/2013)','N','S');
Insert into VIA_ACCESO (EVICOD,EVIDES,EVICER,EVIGEN) values ('FA2','AUTORIZACIÓN DE RESIDENCIA RENOVADA DEL FAMILIAR DEL TITULAR DE LA AUTORIZACIÓN DE RESIDENCIA PARA PRÁCTICAS DEL QUE DEPENDE (DA 18ª LEY 14/2013 E INSTRUCCIÓN DGM 4/2018)','N','S');

-- AUTORIZAC
Insert into AUTORIZAC (AUTCOD,AUTDES,AUTFLAGS,AUTVAL,AUTGRP,AUTCLA,AUTMOD,AUTTIP,AUTDES_CAT,AUTDES_CAT_CAS,AUTDES_UMI,AUTJERAR,AUTCLAS) values ('B9PI00','Autorización de residencia inicial para prácticas Autorización de residencia inicial para prácticas en base a un convenio en prácticas, encontrándose la persona extranjera en el exterior de España (DA 18ª Ley 14/2013)',null,'S',null,null,null,null,null,null,null,null,null);
Insert into AUTORIZAC (AUTCOD,AUTDES,AUTFLAGS,AUTVAL,AUTGRP,AUTCLA,AUTMOD,AUTTIP,AUTDES_CAT,AUTDES_CAT_CAS,AUTDES_UMI,AUTJERAR,AUTCLAS) values ('B9PI01','Autorización de residencia para prácticas Autorización de residencia inicial para prácticas en base a un contrato de trabajo encontrándose la persona extranjera en el exterior de España (DA 18ª Ley 14/2013)',null,'S',null,null,null,null,null,null,null,null,null);
Insert into AUTORIZAC (AUTCOD,AUTDES,AUTFLAGS,AUTVAL,AUTGRP,AUTCLA,AUTMOD,AUTTIP,AUTDES_CAT,AUTDES_CAT_CAS,AUTDES_UMI,AUTJERAR,AUTCLAS) values ('B9PI02','Autorización de residencia inicial para prácticas Autorización de residencia inicial para practicas en base a un convenio en prácticas encontrándose la persona extranjera en España (DA 18ª Ley 14/2013)',null,'S',null,null,null,null,null,null,null,null,null);
Insert into AUTORIZAC (AUTCOD,AUTDES,AUTFLAGS,AUTVAL,AUTGRP,AUTCLA,AUTMOD,AUTTIP,AUTDES_CAT,AUTDES_CAT_CAS,AUTDES_UMI,AUTJERAR,AUTCLAS) values ('B9PI03','Autorización de residencia inicial para prácticas Autorización de residencia inicial para practicas en base a un contrato de trabajo encontrándose la persona extranjera en España (DA 18ª Ley 14/2013)',null,'S',null,null,null,null,null,null,null,null,null);
Insert into AUTORIZAC (AUTCOD,AUTDES,AUTFLAGS,AUTVAL,AUTGRP,AUTCLA,AUTMOD,AUTTIP,AUTDES_CAT,AUTDES_CAT_CAS,AUTDES_UMI,AUTJERAR,AUTCLAS) values ('B9PI04','Autorización de residencia inicial para prácticas de familiar Autorización de residencia inicial de familiar del titular de autorización de residencia para prácticas, que previamente era titular de una estancia como familiar del que depende (DA 18ª Ley 14/2013 e Instrucción DGM 4/2018)',null,'S',null,null,null,null,null,null,null,null,null);
Insert into AUTORIZAC (AUTCOD,AUTDES,AUTFLAGS,AUTVAL,AUTGRP,AUTCLA,AUTMOD,AUTTIP,AUTDES_CAT,AUTDES_CAT_CAS,AUTDES_UMI,AUTJERAR,AUTCLAS) values ('B9PR00','Autorización de residencia renovada para prácticas Autorización de residencia renovada para practicas en base a un convenio en prácticas (DA 18ª Ley 14/2013)',null,'S',null,null,null,null,null,null,null,null,null);
Insert into AUTORIZAC (AUTCOD,AUTDES,AUTFLAGS,AUTVAL,AUTGRP,AUTCLA,AUTMOD,AUTTIP,AUTDES_CAT,AUTDES_CAT_CAS,AUTDES_UMI,AUTJERAR,AUTCLAS) values ('B9PR01','Autorización de residencia renovada para prácticas Autorización de residencia renovada para practicas en base a un contrato de trabajo (DA 18ª Ley 14/2013)',null,'S',null,null,null,null,null,null,null,null,null);
Insert into AUTORIZAC (AUTCOD,AUTDES,AUTFLAGS,AUTVAL,AUTGRP,AUTCLA,AUTMOD,AUTTIP,AUTDES_CAT,AUTDES_CAT_CAS,AUTDES_UMI,AUTJERAR,AUTCLAS) values ('B9PR02','Autorización de residencia renovada para prácticas de familiar Autorización de residencia renovada del familiar del titular de la autorización de residencia para prácticas del que depende (DA 18ª Ley 14/2013 e Instrucción DGM 4/2018)',null,'S',null,null,null,null,null,null,null,null,null);

-- VIA_PERMISO

Insert into VIA_PERMISO (EVPPER,EVPVIA,EVPFLAGS,EVPVAL,EVPMTAS,EVPFECINI,EVPFECFIN,EVPFORMULARIO,EVPESCCOS,EVPFGR,EVPVERRES,CODIGO_SIA,IGUALDAD,EVPDGPTJ,EVPETIQUETAFAM,EVPPROMOTOR,EVPTRANSFRONTERIZO,EVPFAMILIAR,EVPNACIONALIDAD,EVPNIVELESTUDIOS,EVPCENTROESTUDIOS,EVPAMBITO,EVPVISADODESCESP,EVPRECUPERALD,EVPIGUALDAD,EVPTIPOTITULAR,EVPRESSINPAGTASR,EVPNSOPORTEUE,EVPCNED,EVPADJDOCRESUELTO,EVPPERMANENTE,EVPNUMPLAZO,EVPTIPPLAZO,EVPTIPESTIMACION,EVPLEYENDA,EVPINITASAS) values ('RPI','EX1','N06DDDDSNNNNSNANNNNNNNON','S','B9PI00',to_date('20/05/25','DD/MM/RR'),null,'EX04','S',to_date('11/04/25','DD/MM/RR'),'S','201321','N','S','F','N','N','N',null,'N','N',null,'N','N','N','G','N','N','N','N','S','30','D','E','N','N');
Insert into VIA_PERMISO (EVPPER,EVPVIA,EVPFLAGS,EVPVAL,EVPMTAS,EVPFECINI,EVPFECFIN,EVPFORMULARIO,EVPESCCOS,EVPFGR,EVPVERRES,CODIGO_SIA,IGUALDAD,EVPDGPTJ,EVPETIQUETAFAM,EVPPROMOTOR,EVPTRANSFRONTERIZO,EVPFAMILIAR,EVPNACIONALIDAD,EVPNIVELESTUDIOS,EVPCENTROESTUDIOS,EVPAMBITO,EVPVISADODESCESP,EVPRECUPERALD,EVPIGUALDAD,EVPTIPOTITULAR,EVPRESSINPAGTASR,EVPNSOPORTEUE,EVPCNED,EVPADJDOCRESUELTO,EVPPERMANENTE,EVPNUMPLAZO,EVPTIPPLAZO,EVPTIPESTIMACION,EVPLEYENDA,EVPINITASAS) values ('RPI','EX2','S06DDDDSNNNNSNANNNNNNNON','S','B9PI01',to_date('20/05/25','DD/MM/RR'),null,'EX04','S',to_date('11/04/25','DD/MM/RR'),'S','201321','N','S','F','N','N','N',null,'N','N',null,'N','N','N','G','N','N','N','N','S','30','D','E','N','N');
Insert into VIA_PERMISO (EVPPER,EVPVIA,EVPFLAGS,EVPVAL,EVPMTAS,EVPFECINI,EVPFECFIN,EVPFORMULARIO,EVPESCCOS,EVPFGR,EVPVERRES,CODIGO_SIA,IGUALDAD,EVPDGPTJ,EVPETIQUETAFAM,EVPPROMOTOR,EVPTRANSFRONTERIZO,EVPFAMILIAR,EVPNACIONALIDAD,EVPNIVELESTUDIOS,EVPCENTROESTUDIOS,EVPAMBITO,EVPVISADODESCESP,EVPRECUPERALD,EVPIGUALDAD,EVPTIPOTITULAR,EVPRESSINPAGTASR,EVPNSOPORTEUE,EVPCNED,EVPADJDOCRESUELTO,EVPPERMANENTE,EVPNUMPLAZO,EVPTIPPLAZO,EVPTIPESTIMACION,EVPLEYENDA,EVPINITASAS) values ('RPI','ES1','P06DDDDSNNNNSNANNNNNNNON','S','B9PI02',to_date('20/05/25','DD/MM/RR'),null,'EX04','S',to_date('11/04/25','DD/MM/RR'),'S','201321','N','S','F','N','N','N',null,'N','N',null,'N','N','N','G','N','N','N','N','S','30','D','E','N','N');
Insert into VIA_PERMISO (EVPPER,EVPVIA,EVPFLAGS,EVPVAL,EVPMTAS,EVPFECINI,EVPFECFIN,EVPFORMULARIO,EVPESCCOS,EVPFGR,EVPVERRES,CODIGO_SIA,IGUALDAD,EVPDGPTJ,EVPETIQUETAFAM,EVPPROMOTOR,EVPTRANSFRONTERIZO,EVPFAMILIAR,EVPNACIONALIDAD,EVPNIVELESTUDIOS,EVPCENTROESTUDIOS,EVPAMBITO,EVPVISADODESCESP,EVPRECUPERALD,EVPIGUALDAD,EVPTIPOTITULAR,EVPRESSINPAGTASR,EVPNSOPORTEUE,EVPCNED,EVPADJDOCRESUELTO,EVPPERMANENTE,EVPNUMPLAZO,EVPTIPPLAZO,EVPTIPESTIMACION,EVPLEYENDA,EVPINITASAS) values ('RIF','FA1','N06DDDDSNNNNSNANNNNNNNON','S','B9PI04',to_date('20/05/25','DD/MM/RR'),null,'EX04','S',to_date('11/04/25','DD/MM/RR'),'S','201321','N','S','F','N','N','N',null,'N','N',null,'N','N','N','G','N','N','N','N','S','30','D','E','N','N');
Insert into VIA_PERMISO (EVPPER,EVPVIA,EVPFLAGS,EVPVAL,EVPMTAS,EVPFECINI,EVPFECFIN,EVPFORMULARIO,EVPESCCOS,EVPFGR,EVPVERRES,CODIGO_SIA,IGUALDAD,EVPDGPTJ,EVPETIQUETAFAM,EVPPROMOTOR,EVPTRANSFRONTERIZO,EVPFAMILIAR,EVPNACIONALIDAD,EVPNIVELESTUDIOS,EVPCENTROESTUDIOS,EVPAMBITO,EVPVISADODESCESP,EVPRECUPERALD,EVPIGUALDAD,EVPTIPOTITULAR,EVPRESSINPAGTASR,EVPNSOPORTEUE,EVPCNED,EVPADJDOCRESUELTO,EVPPERMANENTE,EVPNUMPLAZO,EVPTIPPLAZO,EVPTIPESTIMACION,EVPLEYENDA,EVPINITASAS) values ('RRF','FA2','N06DDDDSNNNNSNANNNNNNNON','S','B9PR02',to_date('20/05/25','DD/MM/RR'),null,'EX04','S',to_date('11/04/25','DD/MM/RR'),'S','201321','N','S','F','N','N','N',null,'N','N',null,'N','N','N','G','N','N','N','N','S','3','M','E','N','N');
Insert into VIA_PERMISO (EVPPER,EVPVIA,EVPFLAGS,EVPVAL,EVPMTAS,EVPFECINI,EVPFECFIN,EVPFORMULARIO,EVPESCCOS,EVPFGR,EVPVERRES,CODIGO_SIA,IGUALDAD,EVPDGPTJ,EVPETIQUETAFAM,EVPPROMOTOR,EVPTRANSFRONTERIZO,EVPFAMILIAR,EVPNACIONALIDAD,EVPNIVELESTUDIOS,EVPCENTROESTUDIOS,EVPAMBITO,EVPVISADODESCESP,EVPRECUPERALD,EVPIGUALDAD,EVPTIPOTITULAR,EVPRESSINPAGTASR,EVPNSOPORTEUE,EVPCNED,EVPADJDOCRESUELTO,EVPPERMANENTE,EVPNUMPLAZO,EVPTIPPLAZO,EVPTIPESTIMACION,EVPLEYENDA,EVPINITASAS) values ('RPR','RE1','S06DDDDSNNNNSNANNNNNNNON','S','B9PR00',to_date('20/05/25','DD/MM/RR'),null,'EX04','S',to_date('11/04/25','DD/MM/RR'),'S','201321','N','S','F','N','N','N',null,'N','N',null,'N','N','N','G','N','N','N','N','S','3','M','E','N','N');
Insert into VIA_PERMISO (EVPPER,EVPVIA,EVPFLAGS,EVPVAL,EVPMTAS,EVPFECINI,EVPFECFIN,EVPFORMULARIO,EVPESCCOS,EVPFGR,EVPVERRES,CODIGO_SIA,IGUALDAD,EVPDGPTJ,EVPETIQUETAFAM,EVPPROMOTOR,EVPTRANSFRONTERIZO,EVPFAMILIAR,EVPNACIONALIDAD,EVPNIVELESTUDIOS,EVPCENTROESTUDIOS,EVPAMBITO,EVPVISADODESCESP,EVPRECUPERALD,EVPIGUALDAD,EVPTIPOTITULAR,EVPRESSINPAGTASR,EVPNSOPORTEUE,EVPCNED,EVPADJDOCRESUELTO,EVPPERMANENTE,EVPNUMPLAZO,EVPTIPPLAZO,EVPTIPESTIMACION,EVPLEYENDA,EVPINITASAS) values ('RPI','ES2','S06DDDDSNNNNSNANNNNNNNON','S','B9PI03',to_date('20/05/25','DD/MM/RR'),null,'EX04','S',to_date('11/04/25','DD/MM/RR'),'S','201321','N','S','F','N','N','N',null,'N','N',null,'N','N','N','G','N','N','N','N','S','30','D','E','N','N');
Insert into VIA_PERMISO (EVPPER,EVPVIA,EVPFLAGS,EVPVAL,EVPMTAS,EVPFECINI,EVPFECFIN,EVPFORMULARIO,EVPESCCOS,EVPFGR,EVPVERRES,CODIGO_SIA,IGUALDAD,EVPDGPTJ,EVPETIQUETAFAM,EVPPROMOTOR,EVPTRANSFRONTERIZO,EVPFAMILIAR,EVPNACIONALIDAD,EVPNIVELESTUDIOS,EVPCENTROESTUDIOS,EVPAMBITO,EVPVISADODESCESP,EVPRECUPERALD,EVPIGUALDAD,EVPTIPOTITULAR,EVPRESSINPAGTASR,EVPNSOPORTEUE,EVPCNED,EVPADJDOCRESUELTO,EVPPERMANENTE,EVPNUMPLAZO,EVPTIPPLAZO,EVPTIPESTIMACION,EVPLEYENDA,EVPINITASAS) values ('RPR','RE2','S06DDDDSNNNNSNANNNNNNNON','S','B9PR01',to_date('20/05/25','DD/MM/RR'),null,'EX04','S',to_date('11/04/25','DD/MM/RR'),'S','201321','N','S','F','N','N','N',null,'N','N',null,'N','N','N','G','N','N','N','N','S','3','M','E','N','N');

-- CONFIGURACION_AUTORIZACIONES
Insert into CONFIGURACION_AUTORIZACIONES (ID_CFG_AUTORIZACIONES,TIPO_COMPETENCIA,COD_PERMISO,COD_VIA,ALTA_EXPEDIENTES,MOD_EXPEDIENTES,RES_EXPEDIENTE,RES_PROPUESTA_AGE,RES_PROPUESTA_CCAA,GEN_TASAS_TRABAJO,GEN_TASAS_RESIDENCIA,POR_DEFECTO) values (SQ_CONF_AUTORIZACIONES.NEXTVAL,'00002','RPI','EX1','S','S','S','N','N','S','S','S');
Insert into CONFIGURACION_AUTORIZACIONES (ID_CFG_AUTORIZACIONES,TIPO_COMPETENCIA,COD_PERMISO,COD_VIA,ALTA_EXPEDIENTES,MOD_EXPEDIENTES,RES_EXPEDIENTE,RES_PROPUESTA_AGE,RES_PROPUESTA_CCAA,GEN_TASAS_TRABAJO,GEN_TASAS_RESIDENCIA,POR_DEFECTO) values (SQ_CONF_AUTORIZACIONES.NEXTVAL,'00002','RPI','EX2','S','S','S','N','N','S','S','N');
Insert into CONFIGURACION_AUTORIZACIONES (ID_CFG_AUTORIZACIONES,TIPO_COMPETENCIA,COD_PERMISO,COD_VIA,ALTA_EXPEDIENTES,MOD_EXPEDIENTES,RES_EXPEDIENTE,RES_PROPUESTA_AGE,RES_PROPUESTA_CCAA,GEN_TASAS_TRABAJO,GEN_TASAS_RESIDENCIA,POR_DEFECTO) values (SQ_CONF_AUTORIZACIONES.NEXTVAL,'00002','RPI','ES2','S','S','S','N','N','S','S','N');
Insert into CONFIGURACION_AUTORIZACIONES (ID_CFG_AUTORIZACIONES,TIPO_COMPETENCIA,COD_PERMISO,COD_VIA,ALTA_EXPEDIENTES,MOD_EXPEDIENTES,RES_EXPEDIENTE,RES_PROPUESTA_AGE,RES_PROPUESTA_CCAA,GEN_TASAS_TRABAJO,GEN_TASAS_RESIDENCIA,POR_DEFECTO) values (SQ_CONF_AUTORIZACIONES.NEXTVAL,'00002','RPI','ES1','S','S','S','N','N','S','S','N');
Insert into CONFIGURACION_AUTORIZACIONES (ID_CFG_AUTORIZACIONES,TIPO_COMPETENCIA,COD_PERMISO,COD_VIA,ALTA_EXPEDIENTES,MOD_EXPEDIENTES,RES_EXPEDIENTE,RES_PROPUESTA_AGE,RES_PROPUESTA_CCAA,GEN_TASAS_TRABAJO,GEN_TASAS_RESIDENCIA,POR_DEFECTO) values (SQ_CONF_AUTORIZACIONES.NEXTVAL,'00002','RIF','FA1','S','S','S','N','N','S','S','S');
Insert into CONFIGURACION_AUTORIZACIONES (ID_CFG_AUTORIZACIONES,TIPO_COMPETENCIA,COD_PERMISO,COD_VIA,ALTA_EXPEDIENTES,MOD_EXPEDIENTES,RES_EXPEDIENTE,RES_PROPUESTA_AGE,RES_PROPUESTA_CCAA,GEN_TASAS_TRABAJO,GEN_TASAS_RESIDENCIA,POR_DEFECTO) values (SQ_CONF_AUTORIZACIONES.NEXTVAL,'00002','RRF','FA2','S','S','S','N','N','S','S','S');
Insert into CONFIGURACION_AUTORIZACIONES (ID_CFG_AUTORIZACIONES,TIPO_COMPETENCIA,COD_PERMISO,COD_VIA,ALTA_EXPEDIENTES,MOD_EXPEDIENTES,RES_EXPEDIENTE,RES_PROPUESTA_AGE,RES_PROPUESTA_CCAA,GEN_TASAS_TRABAJO,GEN_TASAS_RESIDENCIA,POR_DEFECTO) values (SQ_CONF_AUTORIZACIONES.NEXTVAL,'00002','RPR','RE1','S','S','S','N','N','S','S','S');
Insert into CONFIGURACION_AUTORIZACIONES (ID_CFG_AUTORIZACIONES,TIPO_COMPETENCIA,COD_PERMISO,COD_VIA,ALTA_EXPEDIENTES,MOD_EXPEDIENTES,RES_EXPEDIENTE,RES_PROPUESTA_AGE,RES_PROPUESTA_CCAA,GEN_TASAS_TRABAJO,GEN_TASAS_RESIDENCIA,POR_DEFECTO) values (SQ_CONF_AUTORIZACIONES.NEXTVAL,'00002','RPR','RE2','S','S','S','N','N','S','S','N');
Insert into CONFIGURACION_AUTORIZACIONES (ID_CFG_AUTORIZACIONES,TIPO_COMPETENCIA,COD_PERMISO,COD_VIA,ALTA_EXPEDIENTES,MOD_EXPEDIENTES,RES_EXPEDIENTE,RES_PROPUESTA_AGE,RES_PROPUESTA_CCAA,GEN_TASAS_TRABAJO,GEN_TASAS_RESIDENCIA,POR_DEFECTO) values (SQ_CONF_AUTORIZACIONES.NEXTVAL,'00003','RPI','EX1','S','S','S','N','N','N','S','S');
Insert into CONFIGURACION_AUTORIZACIONES (ID_CFG_AUTORIZACIONES,TIPO_COMPETENCIA,COD_PERMISO,COD_VIA,ALTA_EXPEDIENTES,MOD_EXPEDIENTES,RES_EXPEDIENTE,RES_PROPUESTA_AGE,RES_PROPUESTA_CCAA,GEN_TASAS_TRABAJO,GEN_TASAS_RESIDENCIA,POR_DEFECTO) values (SQ_CONF_AUTORIZACIONES.NEXTVAL,'00003','RPI','EX2','S','S','S','N','N','N','S','N');
Insert into CONFIGURACION_AUTORIZACIONES (ID_CFG_AUTORIZACIONES,TIPO_COMPETENCIA,COD_PERMISO,COD_VIA,ALTA_EXPEDIENTES,MOD_EXPEDIENTES,RES_EXPEDIENTE,RES_PROPUESTA_AGE,RES_PROPUESTA_CCAA,GEN_TASAS_TRABAJO,GEN_TASAS_RESIDENCIA,POR_DEFECTO) values (SQ_CONF_AUTORIZACIONES.NEXTVAL,'00003','RPI','ES2','S','S','S','N','N','N','S','N');
Insert into CONFIGURACION_AUTORIZACIONES (ID_CFG_AUTORIZACIONES,TIPO_COMPETENCIA,COD_PERMISO,COD_VIA,ALTA_EXPEDIENTES,MOD_EXPEDIENTES,RES_EXPEDIENTE,RES_PROPUESTA_AGE,RES_PROPUESTA_CCAA,GEN_TASAS_TRABAJO,GEN_TASAS_RESIDENCIA,POR_DEFECTO) values (SQ_CONF_AUTORIZACIONES.NEXTVAL,'00003','RPI','ES1','S','S','S','N','N','N','S','N');
Insert into CONFIGURACION_AUTORIZACIONES (ID_CFG_AUTORIZACIONES,TIPO_COMPETENCIA,COD_PERMISO,COD_VIA,ALTA_EXPEDIENTES,MOD_EXPEDIENTES,RES_EXPEDIENTE,RES_PROPUESTA_AGE,RES_PROPUESTA_CCAA,GEN_TASAS_TRABAJO,GEN_TASAS_RESIDENCIA,POR_DEFECTO) values (SQ_CONF_AUTORIZACIONES.NEXTVAL,'00003','RIF','FA1','S','S','S','N','N','N','S','S');
Insert into CONFIGURACION_AUTORIZACIONES (ID_CFG_AUTORIZACIONES,TIPO_COMPETENCIA,COD_PERMISO,COD_VIA,ALTA_EXPEDIENTES,MOD_EXPEDIENTES,RES_EXPEDIENTE,RES_PROPUESTA_AGE,RES_PROPUESTA_CCAA,GEN_TASAS_TRABAJO,GEN_TASAS_RESIDENCIA,POR_DEFECTO) values (SQ_CONF_AUTORIZACIONES.NEXTVAL,'00003','RRF','FA2','S','S','S','N','N','N','S','S');
Insert into CONFIGURACION_AUTORIZACIONES (ID_CFG_AUTORIZACIONES,TIPO_COMPETENCIA,COD_PERMISO,COD_VIA,ALTA_EXPEDIENTES,MOD_EXPEDIENTES,RES_EXPEDIENTE,RES_PROPUESTA_AGE,RES_PROPUESTA_CCAA,GEN_TASAS_TRABAJO,GEN_TASAS_RESIDENCIA,POR_DEFECTO) values (SQ_CONF_AUTORIZACIONES.NEXTVAL,'00003','RPR','RE1','S','S','S','N','N','N','S','S');
Insert into CONFIGURACION_AUTORIZACIONES (ID_CFG_AUTORIZACIONES,TIPO_COMPETENCIA,COD_PERMISO,COD_VIA,ALTA_EXPEDIENTES,MOD_EXPEDIENTES,RES_EXPEDIENTE,RES_PROPUESTA_AGE,RES_PROPUESTA_CCAA,GEN_TASAS_TRABAJO,GEN_TASAS_RESIDENCIA,POR_DEFECTO) values (SQ_CONF_AUTORIZACIONES.NEXTVAL,'00003','RPR','RE2','S','S','S','N','N','N','S','N');

commit;
-- EX06

-- PERMISOS
Insert into PERMISOS (EPEPER,EPENOM,EPELUC,EPECOM,EPECAP,EPEFCO,EPEFEX,EPERES,EPEVAL,EPEGRP,EPETIP,EPEFLAGS,EPEVIA,EPEMVA,EPEREG,EPECARTASMTAS,EPENOMBRESEDE,EXCLUDESEDE) values ('RAI','RESIDENCIA Y TRABAJO PARA ACTIVIDADES DE TEMPORADA INICIAL','S',' ','A',' ',' ','S','S','PER','TB','SSNCSNNSSNSNSNN','XX1','12','RD1155','S',null,'N');
Insert into PERMISOS (EPEPER,EPENOM,EPELUC,EPECOM,EPECAP,EPEFCO,EPEFEX,EPERES,EPEVAL,EPEGRP,EPETIP,EPEFLAGS,EPEVIA,EPEMVA,EPEREG,EPECARTASMTAS,EPENOMBRESEDE,EXCLUDESEDE) values ('RAL','RESIDENCIA Y TRABAJO PARA ACTIVIDADES DE TEMPORADA LLAMAMIENTOS','S',' ','A',' ',' ','S','S','PER','TB','SSNCSNNSSNSNSNN','XX2','12','RD1155','S',null,'N');
Insert into PERMISOS (EPEPER,EPENOM,EPELUC,EPECOM,EPECAP,EPEFCO,EPEFEX,EPERES,EPEVAL,EPEGRP,EPETIP,EPEFLAGS,EPEVIA,EPEMVA,EPEREG,EPECARTASMTAS,EPENOMBRESEDE,EXCLUDESEDE) values ('RAT','RESIDENCIA Y TRABAJO PARA ACTIVIDADES DE TEMPORADA','S',' ','A',' ',' ','S','S','PER','TB','SSNCSNNSSNSNSNN','XX3','12','RD1155','S',null,'N');

-- VIA_ACCESO

Insert into VIA_ACCESO (EVICOD,EVIDES,EVICER,EVIGEN) values ('XX1','TRABAJADOR RESIDENTE FUERA DE ESPAÑA.(ART. 101)','N','S');
Insert into VIA_ACCESO (EVICOD,EVIDES,EVICER,EVIGEN) values ('XX2','TITULAR DE LA AUTORIZACIÓN DURANTE LA VIGENCIA DE LA AUTORIZACIÓN PLURIANUAL.(ART. 106)','N','S');
Insert into VIA_ACCESO (EVICOD,EVIDES,EVICER,EVIGEN) values ('XX3','TITULAR DE LA AUTORIZACIÓN DURANTE LA VIGENCIA DE LA AUTORIZACIÓN PLURIANUAL.(ART. 110) CAMBIO DE EMPLEADOR','N','S');
Insert into VIA_ACCESO (EVICOD,EVIDES,EVICER,EVIGEN) values ('XX4','TITULAR DE LA AUTORIZACIÓN DURANTE LA VIGENCIA DE LA AUTORIZACIÓN PLURIANUAL.(ART. 111) PRÓRROGA DE LA ACTIVIDAD','N','S');
Insert into VIA_ACCESO (EVICOD,EVIDES,EVICER,EVIGEN) values ('XX5','TITULAR DE LA AUTORIZACIÓN DURANTE LA VIGENCIA DE LA AUTORIZACIÓN PLURIANUAL.(ART. 112) RENOVACIÓN DE LA AUTORIZACIÓN','N','S');

-- AUTORIZAC
Insert into AUTORIZAC (AUTCOD,AUTDES,AUTFLAGS,AUTVAL,AUTGRP,AUTCLA,AUTMOD,AUTTIP,AUTDES_CAT,AUTDES_CAT_CAS,AUTDES_UMI,AUTJERAR,AUTCLAS) values ('C0I000','Residencia y Trabajo para Actividades de Temporada Inicial Trabajador residente fuera de Epaña.(art. 101)',null,'S',null,null,null,null,null,null,null,null,null);
Insert into AUTORIZAC (AUTCOD,AUTDES,AUTFLAGS,AUTVAL,AUTGRP,AUTCLA,AUTMOD,AUTTIP,AUTDES_CAT,AUTDES_CAT_CAS,AUTDES_UMI,AUTJERAR,AUTCLAS) values ('C0I001','Residencia y Trabajo para Actividades de Temporada Llamamientos Titular de la autorización durante la vigencia de la autorización plurianual.(art. 106)',null,'S',null,null,null,null,null,null,null,null,null);
Insert into AUTORIZAC (AUTCOD,AUTDES,AUTFLAGS,AUTVAL,AUTGRP,AUTCLA,AUTMOD,AUTTIP,AUTDES_CAT,AUTDES_CAT_CAS,AUTDES_UMI,AUTJERAR,AUTCLAS) values ('C0C000','Residencia y Trabajo para Actividades de Temporada Titular de la autorización durante la vigencia de la autorización plurianual.(art. 110) Cambio de empleador',null,'S',null,null,null,null,null,null,null,null,null);
Insert into AUTORIZAC (AUTCOD,AUTDES,AUTFLAGS,AUTVAL,AUTGRP,AUTCLA,AUTMOD,AUTTIP,AUTDES_CAT,AUTDES_CAT_CAS,AUTDES_UMI,AUTJERAR,AUTCLAS) values ('C0P000','Residencia y Trabajo para Actividades de Temporada Titular de la autorización durante la vigencia de la autorización plurianual.(art. 111) Prórroga de la actividad',null,'S',null,null,null,null,null,null,null,null,null);
Insert into AUTORIZAC (AUTCOD,AUTDES,AUTFLAGS,AUTVAL,AUTGRP,AUTCLA,AUTMOD,AUTTIP,AUTDES_CAT,AUTDES_CAT_CAS,AUTDES_UMI,AUTJERAR,AUTCLAS) values ('C0R000','Residencia y Trabajo para Actividades de Temporada Titular de la autorización durante la vigencia de la autorización plurianual.(art 112) Renovación de la autorización',null,'S',null,null,null,null,null,null,null,null,null);

-- VIA_PERMISO

Insert into VIA_PERMISO (EVPPER,EVPVIA,EVPFLAGS,EVPVAL,EVPMTAS,EVPFECINI,EVPFECFIN,EVPFORMULARIO,EVPESCCOS,EVPFGR,EVPVERRES,CODIGO_SIA,IGUALDAD,EVPDGPTJ,EVPETIQUETAFAM,EVPPROMOTOR,EVPTRANSFRONTERIZO,EVPFAMILIAR,EVPNACIONALIDAD,EVPNIVELESTUDIOS,EVPCENTROESTUDIOS,EVPAMBITO,EVPVISADODESCESP,EVPRECUPERALD,EVPIGUALDAD,EVPTIPOTITULAR,EVPRESSINPAGTASR,EVPNSOPORTEUE,EVPCNED,EVPADJDOCRESUELTO,EVPPERMANENTE,EVPNUMPLAZO,EVPTIPPLAZO,EVPTIPESTIMACION,EVPLEYENDA,EVPINITASAS) values ('RAI','XX1','S03LLSSSENSSSNASNNNNN O S          N NND','S','C0I000',to_date('20/05/25','DD/MM/RR'),null,'EX06','S',to_date('11/04/25','DD/MM/RR'),'S','201321','N','S','F','N','N','N',null,'N','N',null,'N','N','N','G','N','N','N','N','S','1','M','D','N','N');
Insert into VIA_PERMISO (EVPPER,EVPVIA,EVPFLAGS,EVPVAL,EVPMTAS,EVPFECINI,EVPFECFIN,EVPFORMULARIO,EVPESCCOS,EVPFGR,EVPVERRES,CODIGO_SIA,IGUALDAD,EVPDGPTJ,EVPETIQUETAFAM,EVPPROMOTOR,EVPTRANSFRONTERIZO,EVPFAMILIAR,EVPNACIONALIDAD,EVPNIVELESTUDIOS,EVPCENTROESTUDIOS,EVPAMBITO,EVPVISADODESCESP,EVPRECUPERALD,EVPIGUALDAD,EVPTIPOTITULAR,EVPRESSINPAGTASR,EVPNSOPORTEUE,EVPCNED,EVPADJDOCRESUELTO,EVPPERMANENTE,EVPNUMPLAZO,EVPTIPPLAZO,EVPTIPESTIMACION,EVPLEYENDA,EVPINITASAS) values ('RAL','XX2','S03LLSNSENSSSNASNNNNN O S          N NND','S','C0I001',to_date('20/05/25','DD/MM/RR'),null,'EX06','S',to_date('11/04/25','DD/MM/RR'),'S','201321','N','S','F','N','N','N',null,'N','N',null,'N','N','N','G','N','N','N','N','S','1','M','E','N','N');
Insert into VIA_PERMISO (EVPPER,EVPVIA,EVPFLAGS,EVPVAL,EVPMTAS,EVPFECINI,EVPFECFIN,EVPFORMULARIO,EVPESCCOS,EVPFGR,EVPVERRES,CODIGO_SIA,IGUALDAD,EVPDGPTJ,EVPETIQUETAFAM,EVPPROMOTOR,EVPTRANSFRONTERIZO,EVPFAMILIAR,EVPNACIONALIDAD,EVPNIVELESTUDIOS,EVPCENTROESTUDIOS,EVPAMBITO,EVPVISADODESCESP,EVPRECUPERALD,EVPIGUALDAD,EVPTIPOTITULAR,EVPRESSINPAGTASR,EVPNSOPORTEUE,EVPCNED,EVPADJDOCRESUELTO,EVPPERMANENTE,EVPNUMPLAZO,EVPTIPPLAZO,EVPTIPESTIMACION,EVPLEYENDA,EVPINITASAS) values ('RAT','XX3','S03LLSNSENSSSNASNNNNN O S          N NND','S','C0C000',to_date('20/05/25','DD/MM/RR'),null,'EX06','S',to_date('11/04/25','DD/MM/RR'),'S','201321','N','S','F','N','N','N',null,'N','N',null,'N','N','N','G','N','N','N','N','S','1','M','E','N','N');
Insert into VIA_PERMISO (EVPPER,EVPVIA,EVPFLAGS,EVPVAL,EVPMTAS,EVPFECINI,EVPFECFIN,EVPFORMULARIO,EVPESCCOS,EVPFGR,EVPVERRES,CODIGO_SIA,IGUALDAD,EVPDGPTJ,EVPETIQUETAFAM,EVPPROMOTOR,EVPTRANSFRONTERIZO,EVPFAMILIAR,EVPNACIONALIDAD,EVPNIVELESTUDIOS,EVPCENTROESTUDIOS,EVPAMBITO,EVPVISADODESCESP,EVPRECUPERALD,EVPIGUALDAD,EVPTIPOTITULAR,EVPRESSINPAGTASR,EVPNSOPORTEUE,EVPCNED,EVPADJDOCRESUELTO,EVPPERMANENTE,EVPNUMPLAZO,EVPTIPPLAZO,EVPTIPESTIMACION,EVPLEYENDA,EVPINITASAS) values ('RAT','XX4','S03LLSNSENSSSNASNNNNN O S          N NND','S','C0P000',to_date('20/05/25','DD/MM/RR'),null,'EX06','S',to_date('11/04/25','DD/MM/RR'),'S','201321','N','S','F','N','N','N',null,'N','N',null,'N','N','N','G','N','N','N','N','S','3','M','D','N','N');
Insert into VIA_PERMISO (EVPPER,EVPVIA,EVPFLAGS,EVPVAL,EVPMTAS,EVPFECINI,EVPFECFIN,EVPFORMULARIO,EVPESCCOS,EVPFGR,EVPVERRES,CODIGO_SIA,IGUALDAD,EVPDGPTJ,EVPETIQUETAFAM,EVPPROMOTOR,EVPTRANSFRONTERIZO,EVPFAMILIAR,EVPNACIONALIDAD,EVPNIVELESTUDIOS,EVPCENTROESTUDIOS,EVPAMBITO,EVPVISADODESCESP,EVPRECUPERALD,EVPIGUALDAD,EVPTIPOTITULAR,EVPRESSINPAGTASR,EVPNSOPORTEUE,EVPCNED,EVPADJDOCRESUELTO,EVPPERMANENTE,EVPNUMPLAZO,EVPTIPPLAZO,EVPTIPESTIMACION,EVPLEYENDA,EVPINITASAS) values ('RAT','XX5','S03LLSSSENSSSNASNNNNN O S          N NND','S','C0R000',to_date('20/05/25','DD/MM/RR'),null,'EX06','S',to_date('11/04/25','DD/MM/RR'),'S','201321','N','S','F','N','N','N',null,'N','N',null,'N','N','N','G','N','N','N','N','S','1','M','E','N','N');



-- CONFIGURACION_AUTORIZACIONES

Insert into CONFIGURACION_AUTORIZACIONES (ID_CFG_AUTORIZACIONES,TIPO_COMPETENCIA,COD_PERMISO,COD_VIA,ALTA_EXPEDIENTES,MOD_EXPEDIENTES,RES_EXPEDIENTE,RES_PROPUESTA_AGE,RES_PROPUESTA_CCAA,GEN_TASAS_TRABAJO,GEN_TASAS_RESIDENCIA,POR_DEFECTO) values (SQ_CONF_AUTORIZACIONES.NEXTVAL,'00002','RAI','XX1','S','S','S','N','N','S','S','S');
Insert into CONFIGURACION_AUTORIZACIONES (ID_CFG_AUTORIZACIONES,TIPO_COMPETENCIA,COD_PERMISO,COD_VIA,ALTA_EXPEDIENTES,MOD_EXPEDIENTES,RES_EXPEDIENTE,RES_PROPUESTA_AGE,RES_PROPUESTA_CCAA,GEN_TASAS_TRABAJO,GEN_TASAS_RESIDENCIA,POR_DEFECTO) values (SQ_CONF_AUTORIZACIONES.NEXTVAL,'00002','RAL','XX2','S','S','S','N','N','S','S','S');
Insert into CONFIGURACION_AUTORIZACIONES (ID_CFG_AUTORIZACIONES,TIPO_COMPETENCIA,COD_PERMISO,COD_VIA,ALTA_EXPEDIENTES,MOD_EXPEDIENTES,RES_EXPEDIENTE,RES_PROPUESTA_AGE,RES_PROPUESTA_CCAA,GEN_TASAS_TRABAJO,GEN_TASAS_RESIDENCIA,POR_DEFECTO) values (SQ_CONF_AUTORIZACIONES.NEXTVAL,'00002','RAT','XX3','S','S','S','N','N','S','S','S');
Insert into CONFIGURACION_AUTORIZACIONES (ID_CFG_AUTORIZACIONES,TIPO_COMPETENCIA,COD_PERMISO,COD_VIA,ALTA_EXPEDIENTES,MOD_EXPEDIENTES,RES_EXPEDIENTE,RES_PROPUESTA_AGE,RES_PROPUESTA_CCAA,GEN_TASAS_TRABAJO,GEN_TASAS_RESIDENCIA,POR_DEFECTO) values (SQ_CONF_AUTORIZACIONES.NEXTVAL,'00002','RAT','XX4','S','S','S','N','N','S','S','N');
Insert into CONFIGURACION_AUTORIZACIONES (ID_CFG_AUTORIZACIONES,TIPO_COMPETENCIA,COD_PERMISO,COD_VIA,ALTA_EXPEDIENTES,MOD_EXPEDIENTES,RES_EXPEDIENTE,RES_PROPUESTA_AGE,RES_PROPUESTA_CCAA,GEN_TASAS_TRABAJO,GEN_TASAS_RESIDENCIA,POR_DEFECTO) values (SQ_CONF_AUTORIZACIONES.NEXTVAL,'00002','RAT','XX5','S','S','S','N','N','S','S','S');
Insert into CONFIGURACION_AUTORIZACIONES (ID_CFG_AUTORIZACIONES,TIPO_COMPETENCIA,COD_PERMISO,COD_VIA,ALTA_EXPEDIENTES,MOD_EXPEDIENTES,RES_EXPEDIENTE,RES_PROPUESTA_AGE,RES_PROPUESTA_CCAA,GEN_TASAS_TRABAJO,GEN_TASAS_RESIDENCIA,POR_DEFECTO) values (SQ_CONF_AUTORIZACIONES.NEXTVAL,'00003','RAI','XX1','S','S','S','N','N','N','S','S');
Insert into CONFIGURACION_AUTORIZACIONES (ID_CFG_AUTORIZACIONES,TIPO_COMPETENCIA,COD_PERMISO,COD_VIA,ALTA_EXPEDIENTES,MOD_EXPEDIENTES,RES_EXPEDIENTE,RES_PROPUESTA_AGE,RES_PROPUESTA_CCAA,GEN_TASAS_TRABAJO,GEN_TASAS_RESIDENCIA,POR_DEFECTO) values (SQ_CONF_AUTORIZACIONES.NEXTVAL,'00003','RAL','XX2','S','S','S','N','N','N','S','S');
Insert into CONFIGURACION_AUTORIZACIONES (ID_CFG_AUTORIZACIONES,TIPO_COMPETENCIA,COD_PERMISO,COD_VIA,ALTA_EXPEDIENTES,MOD_EXPEDIENTES,RES_EXPEDIENTE,RES_PROPUESTA_AGE,RES_PROPUESTA_CCAA,GEN_TASAS_TRABAJO,GEN_TASAS_RESIDENCIA,POR_DEFECTO) values (SQ_CONF_AUTORIZACIONES.NEXTVAL,'00003','RAT','XX3','S','S','S','N','N','N','S','S');
Insert into CONFIGURACION_AUTORIZACIONES (ID_CFG_AUTORIZACIONES,TIPO_COMPETENCIA,COD_PERMISO,COD_VIA,ALTA_EXPEDIENTES,MOD_EXPEDIENTES,RES_EXPEDIENTE,RES_PROPUESTA_AGE,RES_PROPUESTA_CCAA,GEN_TASAS_TRABAJO,GEN_TASAS_RESIDENCIA,POR_DEFECTO) values (SQ_CONF_AUTORIZACIONES.NEXTVAL,'00003','RAT','XX4','S','S','S','N','N','N','S','N');
Insert into CONFIGURACION_AUTORIZACIONES (ID_CFG_AUTORIZACIONES,TIPO_COMPETENCIA,COD_PERMISO,COD_VIA,ALTA_EXPEDIENTES,MOD_EXPEDIENTES,RES_EXPEDIENTE,RES_PROPUESTA_AGE,RES_PROPUESTA_CCAA,GEN_TASAS_TRABAJO,GEN_TASAS_RESIDENCIA,POR_DEFECTO) values (SQ_CONF_AUTORIZACIONES.NEXTVAL,'00003','RAT','XX5','S','S','S','N','N','N','S','S');

commit;

-- EX09 

-- PERMISOS
Insert into PERMISOS (EPEPER,EPENOM,EPELUC,EPECOM,EPECAP,EPEFCO,EPEFEX,EPERES,EPEVAL,EPEGRP,EPETIP,EPEFLAGS,EPEVIA,EPEMVA,EPEREG,EPECARTASMTAS,EPENOMBRESEDE,EXCLUDESEDE) values ('ETI','RESIDENCIA TEMPORAL CON EXCEPCIÓN A LA AUTORIZACIÓN DE TRABAJO INICIAL (ART. 88)','N',' ','N',' ',' ','S','S','PER','RE','SSNCSNNSNNNNSNN','FA1','12','RD1155','S',null,'N');
Insert into PERMISOS (EPEPER,EPENOM,EPELUC,EPECOM,EPECAP,EPEFCO,EPEFEX,EPERES,EPEVAL,EPEGRP,EPETIP,EPEFLAGS,EPEVIA,EPEMVA,EPEREG,EPECARTASMTAS,EPENOMBRESEDE,EXCLUDESEDE) values ('ETA','RESIDENCIA TEMPORAL CON EXCEPCIÓN A LA AUTORIZACIÓN DE TRABAJO INICIAL (ART. 89.5)','N',' ','N',' ',' ','S','S','PER','RE','SSNCSNNSNNNNSNN','FA1','12','RD1155','S',null,'N');
Insert into PERMISOS (EPEPER,EPENOM,EPELUC,EPECOM,EPECAP,EPEFCO,EPEFEX,EPERES,EPEVAL,EPEGRP,EPETIP,EPEFLAGS,EPEVIA,EPEMVA,EPEREG,EPECARTASMTAS,EPENOMBRESEDE,EXCLUDESEDE) values ('ETR','RESIDENCIA TEMPORAL CON EXCEPCIÓN A LA AUTORIZACIÓN DE TRABAJO PRORROGADA (ART. 88.7)','N',' ','N',' ',' ','S','S','PER','RE','SSNCSNNSNNNNSNN','FA2','12','RD1155','S',null,'N');

-- VIA_ACCESO
Insert into VIA_ACCESO (EVICOD,EVIDES,EVICER,EVIGEN) values ('AQD','SUPUESTO GENERAL DE RESIDENTE FUERA DE ESPAÑA RELIGIOSO O MIEMBRO DE CONFESIONES Y COMUNIDADES RELIGIOSAS','N','S');
Insert into VIA_ACCESO (EVICOD,EVIDES,EVICER,EVIGEN) values ('AQE','SUPUESTO GENERAL DE RESIDENTE FUERA DE ESPAÑA OTROS','N','S');
Insert into VIA_ACCESO (EVICOD,EVIDES,EVICER,EVIGEN) values ('AQF','SUPUESTO SITUACIÓN REGULAR EN ESPAÑA RELIGIOSO O MIEMBRO DE CONFESIONES Y COMUNIDADES RELIGIOSAS','N','S');
Insert into VIA_ACCESO (EVICOD,EVIDES,EVICER,EVIGEN) values ('AQG','SUPUESTO SITUACIÓN REGULAR EN ESPAÑA. OTROS','N','S');
Insert into VIA_ACCESO (EVICOD,EVIDES,EVICER,EVIGEN) values ('AQH','TITULAR DE AUTORIZACIÓN DE RESIDENCIA TEMPORAL CON EXCEPCIÓN DE LA AUTORIZACIÓN DE TRABAJO INICIAL','N','S');

-- AUTORIZAC

Insert into AUTORIZAC (AUTCOD,AUTDES,AUTFLAGS,AUTVAL,AUTGRP,AUTCLA,AUTMOD,AUTTIP,AUTDES_CAT,AUTDES_CAT_CAS,AUTDES_UMI,AUTJERAR,AUTCLAS) values ('B4I000','Residencia Temporal con Excepción a la Autorización de Trabajo INICIAL (art. 88) Supuesto general de residente fuera de España Religioso o miembro de confesiones y comunidades religiosas',null,'S',null,null,null,null,null,null,null,null,null);
Insert into AUTORIZAC (AUTCOD,AUTDES,AUTFLAGS,AUTVAL,AUTGRP,AUTCLA,AUTMOD,AUTTIP,AUTDES_CAT,AUTDES_CAT_CAS,AUTDES_UMI,AUTJERAR,AUTCLAS) values ('B4I001','Residencia Temporal con Excepción a la Autorización de Trabajo INICIAL (art. 88) Supuesto general de residente fuera de España Otros',null,'S',null,null,null,null,null,null,null,null,null);
Insert into AUTORIZAC (AUTCOD,AUTDES,AUTFLAGS,AUTVAL,AUTGRP,AUTCLA,AUTMOD,AUTTIP,AUTDES_CAT,AUTDES_CAT_CAS,AUTDES_UMI,AUTJERAR,AUTCLAS) values ('B4I002','Residencia Temporal con Excepción a la Autorización de Trabajo INICIAL (art. 89.5) Supuesto situación regular en España Religioso o miembro de confesiones y comunidades religiosas',null,'S',null,null,null,null,null,null,null,null,null);
Insert into AUTORIZAC (AUTCOD,AUTDES,AUTFLAGS,AUTVAL,AUTGRP,AUTCLA,AUTMOD,AUTTIP,AUTDES_CAT,AUTDES_CAT_CAS,AUTDES_UMI,AUTJERAR,AUTCLAS) values ('B4I003','Residencia Temporal con Excepción a la Autorización de Trabajo INICIAL (art. 89.5) Supuesto situación regular en España. Otros',null,'S',null,null,null,null,null,null,null,null,null);
Insert into AUTORIZAC (AUTCOD,AUTDES,AUTFLAGS,AUTVAL,AUTGRP,AUTCLA,AUTMOD,AUTTIP,AUTDES_CAT,AUTDES_CAT_CAS,AUTDES_UMI,AUTJERAR,AUTCLAS) values ('B4P000','Residencia Temporal con Excepción a la Autorización de Trabajo PRORROGADA (art. 88.7) TITULAR de autorización de residencia temporal con excepción de la autorización de trabajo INICIAL',null,'S',null,null,null,null,null,null,null,null,null);

-- VIA_PERMISO
Insert into VIA_PERMISO (EVPPER,EVPVIA,EVPFLAGS,EVPVAL,EVPMTAS,EVPFECINI,EVPFECFIN,EVPFORMULARIO,EVPESCCOS,EVPFGR,EVPVERRES,CODIGO_SIA,IGUALDAD,EVPDGPTJ,EVPETIQUETAFAM,EVPPROMOTOR,EVPTRANSFRONTERIZO,EVPFAMILIAR,EVPNACIONALIDAD,EVPNIVELESTUDIOS,EVPCENTROESTUDIOS,EVPAMBITO,EVPVISADODESCESP,EVPRECUPERALD,EVPIGUALDAD,EVPTIPOTITULAR,EVPRESSINPAGTASR,EVPNSOPORTEUE,EVPCNED,EVPADJDOCRESUELTO,EVPPERMANENTE,EVPNUMPLAZO,EVPTIPPLAZO,EVPTIPESTIMACION,EVPLEYENDA,EVPINITASAS) values ('ETI','AQE','S12LNASSNNNNNNCDNNSNN O S              A','S','B4I001',to_date('20/05/25','DD/MM/RR'),null,'EX09','S',to_date('11/04/25','DD/MM/RR'),'S','201321','N','S','F','N','N','N',null,'N','N',null,'N','N','N','G','E','N','N','N','S','15','D','D','N','S');
Insert into VIA_PERMISO (EVPPER,EVPVIA,EVPFLAGS,EVPVAL,EVPMTAS,EVPFECINI,EVPFECFIN,EVPFORMULARIO,EVPESCCOS,EVPFGR,EVPVERRES,CODIGO_SIA,IGUALDAD,EVPDGPTJ,EVPETIQUETAFAM,EVPPROMOTOR,EVPTRANSFRONTERIZO,EVPFAMILIAR,EVPNACIONALIDAD,EVPNIVELESTUDIOS,EVPCENTROESTUDIOS,EVPAMBITO,EVPVISADODESCESP,EVPRECUPERALD,EVPIGUALDAD,EVPTIPOTITULAR,EVPRESSINPAGTASR,EVPNSOPORTEUE,EVPCNED,EVPADJDOCRESUELTO,EVPPERMANENTE,EVPNUMPLAZO,EVPTIPPLAZO,EVPTIPESTIMACION,EVPLEYENDA,EVPINITASAS) values ('ETA','AQF','S12LNASSNNNNNNCDNNSNN O S              A','S','B4I002',to_date('20/05/25','DD/MM/RR'),null,'EX09','S',to_date('11/04/25','DD/MM/RR'),'S','201321','N','S','F','N','N','N',null,'N','N',null,'N','N','N','G','E','N','N','N','S','2','M','D','N','S');
Insert into VIA_PERMISO (EVPPER,EVPVIA,EVPFLAGS,EVPVAL,EVPMTAS,EVPFECINI,EVPFECFIN,EVPFORMULARIO,EVPESCCOS,EVPFGR,EVPVERRES,CODIGO_SIA,IGUALDAD,EVPDGPTJ,EVPETIQUETAFAM,EVPPROMOTOR,EVPTRANSFRONTERIZO,EVPFAMILIAR,EVPNACIONALIDAD,EVPNIVELESTUDIOS,EVPCENTROESTUDIOS,EVPAMBITO,EVPVISADODESCESP,EVPRECUPERALD,EVPIGUALDAD,EVPTIPOTITULAR,EVPRESSINPAGTASR,EVPNSOPORTEUE,EVPCNED,EVPADJDOCRESUELTO,EVPPERMANENTE,EVPNUMPLAZO,EVPTIPPLAZO,EVPTIPESTIMACION,EVPLEYENDA,EVPINITASAS) values ('ETA','AQG','S12LNASSNNNNNNCDNNSNN O S              A','S','B4I003',to_date('20/05/25','DD/MM/RR'),null,'EX09','S',to_date('11/04/25','DD/MM/RR'),'S','201321','N','S','F','N','N','N',null,'N','N',null,'N','N','N','G','E','N','N','N','S','2','M','D','N','S');
Insert into VIA_PERMISO (EVPPER,EVPVIA,EVPFLAGS,EVPVAL,EVPMTAS,EVPFECINI,EVPFECFIN,EVPFORMULARIO,EVPESCCOS,EVPFGR,EVPVERRES,CODIGO_SIA,IGUALDAD,EVPDGPTJ,EVPETIQUETAFAM,EVPPROMOTOR,EVPTRANSFRONTERIZO,EVPFAMILIAR,EVPNACIONALIDAD,EVPNIVELESTUDIOS,EVPCENTROESTUDIOS,EVPAMBITO,EVPVISADODESCESP,EVPRECUPERALD,EVPIGUALDAD,EVPTIPOTITULAR,EVPRESSINPAGTASR,EVPNSOPORTEUE,EVPCNED,EVPADJDOCRESUELTO,EVPPERMANENTE,EVPNUMPLAZO,EVPTIPPLAZO,EVPTIPESTIMACION,EVPLEYENDA,EVPINITASAS) values ('ETI','AQD','S12LNASSNNNNNNCDNNSNN O S              A','S','B4I000',to_date('20/05/25','DD/MM/RR'),null,'EX09','S',to_date('11/04/25','DD/MM/RR'),'S','201321','N','S','F','N','N','N',null,'N','N',null,'N','N','N','G','E','N','N','N','S','15','D','D','N','S');
Insert into VIA_PERMISO (EVPPER,EVPVIA,EVPFLAGS,EVPVAL,EVPMTAS,EVPFECINI,EVPFECFIN,EVPFORMULARIO,EVPESCCOS,EVPFGR,EVPVERRES,CODIGO_SIA,IGUALDAD,EVPDGPTJ,EVPETIQUETAFAM,EVPPROMOTOR,EVPTRANSFRONTERIZO,EVPFAMILIAR,EVPNACIONALIDAD,EVPNIVELESTUDIOS,EVPCENTROESTUDIOS,EVPAMBITO,EVPVISADODESCESP,EVPRECUPERALD,EVPIGUALDAD,EVPTIPOTITULAR,EVPRESSINPAGTASR,EVPNSOPORTEUE,EVPCNED,EVPADJDOCRESUELTO,EVPPERMANENTE,EVPNUMPLAZO,EVPTIPPLAZO,EVPTIPESTIMACION,EVPLEYENDA,EVPINITASAS) values ('ETA','AQH','S48LNNNNNNNNNNCNNNNSNNOMS          N NND','S','B4P000',to_date('20/05/25','DD/MM/RR'),null,'EX09','S',to_date('11/04/25','DD/MM/RR'),'S','201321','N','S','F','N','N','N',null,'N','N',null,'N','N','N','G','E','N','N','N','S','3','M','D','N','S');



-- CONFIGURACION_AUTORIZACIONES

Insert into CONFIGURACION_AUTORIZACIONES (ID_CFG_AUTORIZACIONES,TIPO_COMPETENCIA,COD_PERMISO,COD_VIA,ALTA_EXPEDIENTES,MOD_EXPEDIENTES,RES_EXPEDIENTE,RES_PROPUESTA_AGE,RES_PROPUESTA_CCAA,GEN_TASAS_TRABAJO,GEN_TASAS_RESIDENCIA,POR_DEFECTO) values (SQ_CONF_AUTORIZACIONES.NEXTVAL,'00002','ETA','AQG','S','S','S','N','N','S','S','N');
Insert into CONFIGURACION_AUTORIZACIONES (ID_CFG_AUTORIZACIONES,TIPO_COMPETENCIA,COD_PERMISO,COD_VIA,ALTA_EXPEDIENTES,MOD_EXPEDIENTES,RES_EXPEDIENTE,RES_PROPUESTA_AGE,RES_PROPUESTA_CCAA,GEN_TASAS_TRABAJO,GEN_TASAS_RESIDENCIA,POR_DEFECTO) values (SQ_CONF_AUTORIZACIONES.NEXTVAL,'00002','ETA','AQH','S','S','S','N','N','S','S','S');
Insert into CONFIGURACION_AUTORIZACIONES (ID_CFG_AUTORIZACIONES,TIPO_COMPETENCIA,COD_PERMISO,COD_VIA,ALTA_EXPEDIENTES,MOD_EXPEDIENTES,RES_EXPEDIENTE,RES_PROPUESTA_AGE,RES_PROPUESTA_CCAA,GEN_TASAS_TRABAJO,GEN_TASAS_RESIDENCIA,POR_DEFECTO) values (SQ_CONF_AUTORIZACIONES.NEXTVAL,'00003','ETI','AQD','S','S','S','N','N','N','S','S');
Insert into CONFIGURACION_AUTORIZACIONES (ID_CFG_AUTORIZACIONES,TIPO_COMPETENCIA,COD_PERMISO,COD_VIA,ALTA_EXPEDIENTES,MOD_EXPEDIENTES,RES_EXPEDIENTE,RES_PROPUESTA_AGE,RES_PROPUESTA_CCAA,GEN_TASAS_TRABAJO,GEN_TASAS_RESIDENCIA,POR_DEFECTO) values (SQ_CONF_AUTORIZACIONES.NEXTVAL,'00003','ETI','AQE','S','S','S','N','N','N','S','N');
Insert into CONFIGURACION_AUTORIZACIONES (ID_CFG_AUTORIZACIONES,TIPO_COMPETENCIA,COD_PERMISO,COD_VIA,ALTA_EXPEDIENTES,MOD_EXPEDIENTES,RES_EXPEDIENTE,RES_PROPUESTA_AGE,RES_PROPUESTA_CCAA,GEN_TASAS_TRABAJO,GEN_TASAS_RESIDENCIA,POR_DEFECTO) values (SQ_CONF_AUTORIZACIONES.NEXTVAL,'00003','ETA','AQF','S','S','S','N','N','N','S','S');
Insert into CONFIGURACION_AUTORIZACIONES (ID_CFG_AUTORIZACIONES,TIPO_COMPETENCIA,COD_PERMISO,COD_VIA,ALTA_EXPEDIENTES,MOD_EXPEDIENTES,RES_EXPEDIENTE,RES_PROPUESTA_AGE,RES_PROPUESTA_CCAA,GEN_TASAS_TRABAJO,GEN_TASAS_RESIDENCIA,POR_DEFECTO) values (SQ_CONF_AUTORIZACIONES.NEXTVAL,'00003','ETA','AQG','S','S','S','N','N','N','S','N');
Insert into CONFIGURACION_AUTORIZACIONES (ID_CFG_AUTORIZACIONES,TIPO_COMPETENCIA,COD_PERMISO,COD_VIA,ALTA_EXPEDIENTES,MOD_EXPEDIENTES,RES_EXPEDIENTE,RES_PROPUESTA_AGE,RES_PROPUESTA_CCAA,GEN_TASAS_TRABAJO,GEN_TASAS_RESIDENCIA,POR_DEFECTO) values (SQ_CONF_AUTORIZACIONES.NEXTVAL,'00003','ETA','AQH','S','S','S','N','N','N','S','S');
Insert into CONFIGURACION_AUTORIZACIONES (ID_CFG_AUTORIZACIONES,TIPO_COMPETENCIA,COD_PERMISO,COD_VIA,ALTA_EXPEDIENTES,MOD_EXPEDIENTES,RES_EXPEDIENTE,RES_PROPUESTA_AGE,RES_PROPUESTA_CCAA,GEN_TASAS_TRABAJO,GEN_TASAS_RESIDENCIA,POR_DEFECTO) values (SQ_CONF_AUTORIZACIONES.NEXTVAL,'00002','ETI','AQD','S','S','S','N','N','S','S','S');
Insert into CONFIGURACION_AUTORIZACIONES (ID_CFG_AUTORIZACIONES,TIPO_COMPETENCIA,COD_PERMISO,COD_VIA,ALTA_EXPEDIENTES,MOD_EXPEDIENTES,RES_EXPEDIENTE,RES_PROPUESTA_AGE,RES_PROPUESTA_CCAA,GEN_TASAS_TRABAJO,GEN_TASAS_RESIDENCIA,POR_DEFECTO) values (SQ_CONF_AUTORIZACIONES.NEXTVAL,'00002','ETI','AQE','S','S','S','N','N','S','S','N');
Insert into CONFIGURACION_AUTORIZACIONES (ID_CFG_AUTORIZACIONES,TIPO_COMPETENCIA,COD_PERMISO,COD_VIA,ALTA_EXPEDIENTES,MOD_EXPEDIENTES,RES_EXPEDIENTE,RES_PROPUESTA_AGE,RES_PROPUESTA_CCAA,GEN_TASAS_TRABAJO,GEN_TASAS_RESIDENCIA,POR_DEFECTO) values (SQ_CONF_AUTORIZACIONES.NEXTVAL,'00002','ETA','AQF','S','S','S','N','N','S','S','S');

commit;
-- EX07

-- PERMISOS

Insert into PERMISOS (EPEPER,EPENOM,EPELUC,EPECOM,EPECAP,EPEFCO,EPEFEX,EPERES,EPEVAL,EPEGRP,EPETIP,EPEFLAGS,EPEVIA,EPEMVA,EPEREG,EPECARTASMTAS,EPENOMBRESEDE,EXCLUDESEDE) values ('CPI','RESIDENCIA TEMPORAL Y TRABAJO POR CUENTA PROPIA INICIAL','N',' ','N',' ',' ','S','S','PER','RE','SSNCSNNSNNNNSNN','FA1','12','RD1155','S',null,'N');
Insert into PERMISOS (EPEPER,EPENOM,EPELUC,EPECOM,EPECAP,EPEFCO,EPEFEX,EPERES,EPEVAL,EPEGRP,EPETIP,EPEFLAGS,EPEVIA,EPEMVA,EPEREG,EPECARTASMTAS,EPENOMBRESEDE,EXCLUDESEDE) values ('TPI','AUTORIZACION DE TRABAJO POR CUENTA PROPIA INICIAL','N',' ','N',' ',' ','S','S','PER','RE','SSNCSNNSNNNNSNN','FA1','12','RD1155','S',null,'N');
Insert into PERMISOS (EPEPER,EPENOM,EPELUC,EPECOM,EPECAP,EPEFCO,EPEFEX,EPERES,EPEVAL,EPEGRP,EPETIP,EPEFLAGS,EPEVIA,EPEMVA,EPEREG,EPECARTASMTAS,EPENOMBRESEDE,EXCLUDESEDE) values ('CP5','RESIDENCIA TEMPORAL Y TRABAJO POR CUENTA PROPIA RENOVADA','N',' ','N',' ',' ','S','S','PER','RE','SSNCSNNSNNNNSNN','FA2','12','RD1155','S',null,'N');
Insert into PERMISOS (EPEPER,EPENOM,EPELUC,EPECOM,EPECAP,EPEFCO,EPEFEX,EPERES,EPEVAL,EPEGRP,EPETIP,EPEFLAGS,EPEVIA,EPEMVA,EPEREG,EPECARTASMTAS,EPENOMBRESEDE,EXCLUDESEDE) values ('AP5','AUTORIZACIÓN PARA TRABAJAR POR CUENTA PROPIA INICIAL','N',' ','N',' ',' ','S','S','PER','RE','SSNCSNNSNNNNSNN','FA1','12','RD1155','S',null,'N');
Insert into PERMISOS (EPEPER,EPENOM,EPELUC,EPECOM,EPECAP,EPEFCO,EPEFEX,EPERES,EPEVAL,EPEGRP,EPETIP,EPEFLAGS,EPEVIA,EPEMVA,EPEREG,EPECARTASMTAS,EPENOMBRESEDE,EXCLUDESEDE) values ('AP6','AUTORIZACIÓN PARA TRABAJAR POR CUENTA PROPIA PRORROGADA','N',' ','N',' ',' ','S','S','PER','RE','SSNCSNNSNNNNSNN','FA2','12','RD1155','S',null,'N');

-- VIA_ACCESO

Insert into VIA_ACCESO (EVICOD,EVIDES,EVICER,EVIGEN) values ('RFE','SUPUESTO GENERAL DE RESIDENTE FUERA DE ESPAÑA (ART.85)','N','S');
Insert into VIA_ACCESO (EVICOD,EVIDES,EVICER,EVIGEN) values ('MAC','MISMA ACTIVIDAD EN VARIAS CCAA ( ART 85.6)','N','S');
Insert into VIA_ACCESO (EVICOD,EVIDES,EVICER,EVIGEN) values ('PAC','TITULAR DE AUTORIZACIÓN DE RESIDENCIA TEMPORAL Y TRABAJO POR CUENTA PROPIA INICIAL ( ART 86) - CONTINUIDAD ACTIVIDAD','N','S');
Insert into VIA_ACCESO (EVICOD,EVIDES,EVICER,EVIGEN) values ('POS','TITULAR DE AUTORIZACIÓN DE RESIDENCIA TEMPORAL Y TRABAJO POR CUENTA PROPIA INICIAL ( ART 86) - OTROS SUPUESTOS','N','S');
Insert into VIA_ACCESO (EVICOD,EVIDES,EVICER,EVIGEN) values ('TTF','SUPUESTO GENERAL TRABAJADOR TRANSFRONTERIZO (ART. 157)	','N','S');
Insert into VIA_ACCESO (EVICOD,EVIDES,EVICER,EVIGEN) values ('TTP','TITULAR DE AUTORIZACIÓN DE TRABAJO TRANSFRONTERIZO (ART 158.2)	','N','S');
Insert into VIA_ACCESO (EVICOD,EVIDES,EVICER,EVIGEN) values ('CAN','CIUDADANOS EXTRANJEROS  ACOGIDOS A CONVENIOS/ACUERDOS INTERNACIONALES - CIUDADANOS ANDORRANOS','N','S');


-- AUTORIZAC

Insert into AUTORIZAC (AUTCOD,AUTDES,AUTFLAGS,AUTVAL,AUTGRP,AUTCLA,AUTMOD,AUTTIP,AUTDES_CAT,AUTDES_CAT_CAS,AUTDES_UMI,AUTJERAR,AUTCLAS) values ('B3I000','RESIDENCIA TEMPORAL Y TRABAJO POR CUENTA PROPIA INICIAL - Supuesto general de residente fuera de España (art.85)',null,'S',null,null,null,null,null,null,null,null,null);
Insert into AUTORIZAC (AUTCOD,AUTDES,AUTFLAGS,AUTVAL,AUTGRP,AUTCLA,AUTMOD,AUTTIP,AUTDES_CAT,AUTDES_CAT_CAS,AUTDES_UMI,AUTJERAR,AUTCLAS) values ('B3I001','AUTORIZACION DE TRABAJO POR CUENTA PROPIA INICIAL - Misma actividad en varias CCAA ( art 85.6)	',null,'S',null,null,null,null,null,null,null,null,null);
Insert into AUTORIZAC (AUTCOD,AUTDES,AUTFLAGS,AUTVAL,AUTGRP,AUTCLA,AUTMOD,AUTTIP,AUTDES_CAT,AUTDES_CAT_CAS,AUTDES_UMI,AUTJERAR,AUTCLAS) values ('B3R000','RESIDENCIA TEMPORAL Y TRABAJO POR CUENTA PROPIA RENOVADA - TITULAR de autorización de residencia temporal y trabajo por cuenta propia inicial ( art 86) - Continuidad actividad',null,'S',null,null,null,null,null,null,null,null,null);
Insert into AUTORIZAC (AUTCOD,AUTDES,AUTFLAGS,AUTVAL,AUTGRP,AUTCLA,AUTMOD,AUTTIP,AUTDES_CAT,AUTDES_CAT_CAS,AUTDES_UMI,AUTJERAR,AUTCLAS) values ('B3R001','RESIDENCIA TEMPORAL Y TRABAJO POR CUENTA PROPIA RENOVADA - TITULAR de autorización de residencia temporal y trabajo por cuenta propia inicial ( art 86) - Otros supuestos',null,'S',null,null,null,null,null,null,null,null,null);
Insert into AUTORIZAC (AUTCOD,AUTDES,AUTFLAGS,AUTVAL,AUTGRP,AUTCLA,AUTMOD,AUTTIP,AUTDES_CAT,AUTDES_CAT_CAS,AUTDES_UMI,AUTJERAR,AUTCLAS) values ('J1I000','AUTORIZACIÓN PARA TRABAJAR POR CUENTA PROPIA INICIAL - Supuesto general trabajador transfronterizo (art. 157)	',null,'S',null,null,null,null,null,null,null,null,null);
Insert into AUTORIZAC (AUTCOD,AUTDES,AUTFLAGS,AUTVAL,AUTGRP,AUTCLA,AUTMOD,AUTTIP,AUTDES_CAT,AUTDES_CAT_CAS,AUTDES_UMI,AUTJERAR,AUTCLAS) values ('J1P000','AUTORIZACIÓN PARA TRABAJAR POR CUENTA PROPIA PRORROGADA - TITULAR de autorización de trabajo transfronterizo (art 158.2)	',null,'S',null,null,null,null,null,null,null,null,null);
Insert into AUTORIZAC (AUTCOD,AUTDES,AUTFLAGS,AUTVAL,AUTGRP,AUTCLA,AUTMOD,AUTTIP,AUTDES_CAT,AUTDES_CAT_CAS,AUTDES_UMI,AUTJERAR,AUTCLAS) values ('B3I002','RESIDENCIA TEMPORAL Y TRABAJO POR CUENTA PROPIA INICIAL - Ciudadanos extranjeros  acogidos a Convenios/Acuerdos internacionales - Ciudadanos andorranos',null,'S',null,null,null,null,null,null,null,null,null);


-- VIA_PERMISO
Insert into VIA_PERMISO (EVPPER,EVPVIA,EVPFLAGS,EVPVAL,EVPMTAS,EVPFECINI,EVPFECFIN,EVPFORMULARIO,EVPESCCOS,EVPFGR,EVPVERRES,CODIGO_SIA,IGUALDAD,EVPDGPTJ,EVPETIQUETAFAM,EVPPROMOTOR,EVPTRANSFRONTERIZO,EVPFAMILIAR,EVPNACIONALIDAD,EVPNIVELESTUDIOS,EVPCENTROESTUDIOS,EVPAMBITO,EVPVISADODESCESP,EVPRECUPERALD,EVPIGUALDAD,EVPTIPOTITULAR,EVPRESSINPAGTASR,EVPNSOPORTEUE,EVPCNED,EVPADJDOCRESUELTO,EVPPERMANENTE,EVPNUMPLAZO,EVPTIPPLAZO,EVPTIPESTIMACION,EVPLEYENDA,EVPINITASAS) values ('CPI','RFE','S12LNASSNNNNNNCDNNSNN O S              A','S','B3I000',to_date('20/05/25','DD/MM/RR'),null,'EX07','S',to_date('11/04/25','DD/MM/RR'),'S','201321','N','S','F','N','N','N',null,'N','N',null,'N','N','N','G','E','N','N','N','S','3','M','D','N','S');
Insert into VIA_PERMISO (EVPPER,EVPVIA,EVPFLAGS,EVPVAL,EVPMTAS,EVPFECINI,EVPFECFIN,EVPFORMULARIO,EVPESCCOS,EVPFGR,EVPVERRES,CODIGO_SIA,IGUALDAD,EVPDGPTJ,EVPETIQUETAFAM,EVPPROMOTOR,EVPTRANSFRONTERIZO,EVPFAMILIAR,EVPNACIONALIDAD,EVPNIVELESTUDIOS,EVPCENTROESTUDIOS,EVPAMBITO,EVPVISADODESCESP,EVPRECUPERALD,EVPIGUALDAD,EVPTIPOTITULAR,EVPRESSINPAGTASR,EVPNSOPORTEUE,EVPCNED,EVPADJDOCRESUELTO,EVPPERMANENTE,EVPNUMPLAZO,EVPTIPPLAZO,EVPTIPESTIMACION,EVPLEYENDA,EVPINITASAS) values ('TPI','MAC','S12LNASSNNNNNNCDNNSNN O S              A','S','B3I001',to_date('20/05/25','DD/MM/RR'),null,'EX07','S',to_date('11/04/25','DD/MM/RR'),'S','201321','N','S','F','N','N','N',null,'N','N',null,'N','N','N','G','E','N','N','N','S','3','M','D','N','S');
Insert into VIA_PERMISO (EVPPER,EVPVIA,EVPFLAGS,EVPVAL,EVPMTAS,EVPFECINI,EVPFECFIN,EVPFORMULARIO,EVPESCCOS,EVPFGR,EVPVERRES,CODIGO_SIA,IGUALDAD,EVPDGPTJ,EVPETIQUETAFAM,EVPPROMOTOR,EVPTRANSFRONTERIZO,EVPFAMILIAR,EVPNACIONALIDAD,EVPNIVELESTUDIOS,EVPCENTROESTUDIOS,EVPAMBITO,EVPVISADODESCESP,EVPRECUPERALD,EVPIGUALDAD,EVPTIPOTITULAR,EVPRESSINPAGTASR,EVPNSOPORTEUE,EVPCNED,EVPADJDOCRESUELTO,EVPPERMANENTE,EVPNUMPLAZO,EVPTIPPLAZO,EVPTIPESTIMACION,EVPLEYENDA,EVPINITASAS) values ('CP5','PAC','S12LNASSNNNNNNCDNNSNN O S              A','S','B3R000',to_date('20/05/25','DD/MM/RR'),null,'EX07','S',to_date('11/04/25','DD/MM/RR'),'S','201321','N','S','F','N','N','N',null,'N','N',null,'N','N','N','G','E','N','N','N','S','3','M','E','N','S');
Insert into VIA_PERMISO (EVPPER,EVPVIA,EVPFLAGS,EVPVAL,EVPMTAS,EVPFECINI,EVPFECFIN,EVPFORMULARIO,EVPESCCOS,EVPFGR,EVPVERRES,CODIGO_SIA,IGUALDAD,EVPDGPTJ,EVPETIQUETAFAM,EVPPROMOTOR,EVPTRANSFRONTERIZO,EVPFAMILIAR,EVPNACIONALIDAD,EVPNIVELESTUDIOS,EVPCENTROESTUDIOS,EVPAMBITO,EVPVISADODESCESP,EVPRECUPERALD,EVPIGUALDAD,EVPTIPOTITULAR,EVPRESSINPAGTASR,EVPNSOPORTEUE,EVPCNED,EVPADJDOCRESUELTO,EVPPERMANENTE,EVPNUMPLAZO,EVPTIPPLAZO,EVPTIPESTIMACION,EVPLEYENDA,EVPINITASAS) values ('CP5','POS','S12LNASSNNNNNNCDNNSNN O S              A','S','B3R001',to_date('20/05/25','DD/MM/RR'),null,'EX07','S',to_date('11/04/25','DD/MM/RR'),'S','201321','N','S','F','N','N','N',null,'N','N',null,'N','N','N','G','E','N','N','N','S','3','M','E','N','S');
Insert into VIA_PERMISO (EVPPER,EVPVIA,EVPFLAGS,EVPVAL,EVPMTAS,EVPFECINI,EVPFECFIN,EVPFORMULARIO,EVPESCCOS,EVPFGR,EVPVERRES,CODIGO_SIA,IGUALDAD,EVPDGPTJ,EVPETIQUETAFAM,EVPPROMOTOR,EVPTRANSFRONTERIZO,EVPFAMILIAR,EVPNACIONALIDAD,EVPNIVELESTUDIOS,EVPCENTROESTUDIOS,EVPAMBITO,EVPVISADODESCESP,EVPRECUPERALD,EVPIGUALDAD,EVPTIPOTITULAR,EVPRESSINPAGTASR,EVPNSOPORTEUE,EVPCNED,EVPADJDOCRESUELTO,EVPPERMANENTE,EVPNUMPLAZO,EVPTIPPLAZO,EVPTIPESTIMACION,EVPLEYENDA,EVPINITASAS) values ('AP5','TTF','S48LNNNNNNNNNNCNNNNSNNOMS          N NND','S','J1I000',to_date('20/05/25','DD/MM/RR'),null,'EX07','S',to_date('11/04/25','DD/MM/RR'),'S','201321','N','S','F','N','N','N',null,'N','N',null,'N','N','N','G','E','N','N','N','S','3','M','D','N','S');
Insert into VIA_PERMISO (EVPPER,EVPVIA,EVPFLAGS,EVPVAL,EVPMTAS,EVPFECINI,EVPFECFIN,EVPFORMULARIO,EVPESCCOS,EVPFGR,EVPVERRES,CODIGO_SIA,IGUALDAD,EVPDGPTJ,EVPETIQUETAFAM,EVPPROMOTOR,EVPTRANSFRONTERIZO,EVPFAMILIAR,EVPNACIONALIDAD,EVPNIVELESTUDIOS,EVPCENTROESTUDIOS,EVPAMBITO,EVPVISADODESCESP,EVPRECUPERALD,EVPIGUALDAD,EVPTIPOTITULAR,EVPRESSINPAGTASR,EVPNSOPORTEUE,EVPCNED,EVPADJDOCRESUELTO,EVPPERMANENTE,EVPNUMPLAZO,EVPTIPPLAZO,EVPTIPESTIMACION,EVPLEYENDA,EVPINITASAS) values ('AP6','TTP','S12LNASSNNNNNNCDNNSNN O S              A','S','J1P000',to_date('20/05/25','DD/MM/RR'),null,'EX07','S',to_date('11/04/25','DD/MM/RR'),'S','201321','N','S','F','N','N','N',null,'N','N',null,'N','N','N','G','E','N','N','N','S','3','M','E','N','S');
Insert into VIA_PERMISO (EVPPER,EVPVIA,EVPFLAGS,EVPVAL,EVPMTAS,EVPFECINI,EVPFECFIN,EVPFORMULARIO,EVPESCCOS,EVPFGR,EVPVERRES,CODIGO_SIA,IGUALDAD,EVPDGPTJ,EVPETIQUETAFAM,EVPPROMOTOR,EVPTRANSFRONTERIZO,EVPFAMILIAR,EVPNACIONALIDAD,EVPNIVELESTUDIOS,EVPCENTROESTUDIOS,EVPAMBITO,EVPVISADODESCESP,EVPRECUPERALD,EVPIGUALDAD,EVPTIPOTITULAR,EVPRESSINPAGTASR,EVPNSOPORTEUE,EVPCNED,EVPADJDOCRESUELTO,EVPPERMANENTE,EVPNUMPLAZO,EVPTIPPLAZO,EVPTIPESTIMACION,EVPLEYENDA,EVPINITASAS) values ('CPI','CAN','S48LNNNNNNNNNNCNNNNSNNOMS          N NND','S','B3I002',to_date('20/05/25','DD/MM/RR'),null,'EX07','S',to_date('11/04/25','DD/MM/RR'),'S','201321','N','S','F','N','N','N',null,'N','N',null,'N','N','N','G','E','N','N','N','S','3','M','D','N','S');


-- CONFIGURACION_AUTORIZACIONES


Insert into CONFIGURACION_AUTORIZACIONES (ID_CFG_AUTORIZACIONES,TIPO_COMPETENCIA,COD_PERMISO,COD_VIA,ALTA_EXPEDIENTES,MOD_EXPEDIENTES,RES_EXPEDIENTE,RES_PROPUESTA_AGE,RES_PROPUESTA_CCAA,GEN_TASAS_TRABAJO,GEN_TASAS_RESIDENCIA,POR_DEFECTO) values (SQ_CONF_AUTORIZACIONES.NEXTVAL,'00001','CPI','RFE','S','S','S','N','N','S','S','N');
Insert into CONFIGURACION_AUTORIZACIONES (ID_CFG_AUTORIZACIONES,TIPO_COMPETENCIA,COD_PERMISO,COD_VIA,ALTA_EXPEDIENTES,MOD_EXPEDIENTES,RES_EXPEDIENTE,RES_PROPUESTA_AGE,RES_PROPUESTA_CCAA,GEN_TASAS_TRABAJO,GEN_TASAS_RESIDENCIA,POR_DEFECTO) values (SQ_CONF_AUTORIZACIONES.NEXTVAL,'00003','CPI','RFE','S','S','S','N','N','S','S','N');
Insert into CONFIGURACION_AUTORIZACIONES (ID_CFG_AUTORIZACIONES,TIPO_COMPETENCIA,COD_PERMISO,COD_VIA,ALTA_EXPEDIENTES,MOD_EXPEDIENTES,RES_EXPEDIENTE,RES_PROPUESTA_AGE,RES_PROPUESTA_CCAA,GEN_TASAS_TRABAJO,GEN_TASAS_RESIDENCIA,POR_DEFECTO) values (SQ_CONF_AUTORIZACIONES.NEXTVAL,'00004','TPI','MAC','S','S','S','N','N','S','S','N');
Insert into CONFIGURACION_AUTORIZACIONES (ID_CFG_AUTORIZACIONES,TIPO_COMPETENCIA,COD_PERMISO,COD_VIA,ALTA_EXPEDIENTES,MOD_EXPEDIENTES,RES_EXPEDIENTE,RES_PROPUESTA_AGE,RES_PROPUESTA_CCAA,GEN_TASAS_TRABAJO,GEN_TASAS_RESIDENCIA,POR_DEFECTO) values (SQ_CONF_AUTORIZACIONES.NEXTVAL,'00002','CP5','PAC','S','S','S','N','N','S','S','N');
Insert into CONFIGURACION_AUTORIZACIONES (ID_CFG_AUTORIZACIONES,TIPO_COMPETENCIA,COD_PERMISO,COD_VIA,ALTA_EXPEDIENTES,MOD_EXPEDIENTES,RES_EXPEDIENTE,RES_PROPUESTA_AGE,RES_PROPUESTA_CCAA,GEN_TASAS_TRABAJO,GEN_TASAS_RESIDENCIA,POR_DEFECTO) values (SQ_CONF_AUTORIZACIONES.NEXTVAL,'00003','CP5','PAC','S','S','S','N','N','S','S','N');
Insert into CONFIGURACION_AUTORIZACIONES (ID_CFG_AUTORIZACIONES,TIPO_COMPETENCIA,COD_PERMISO,COD_VIA,ALTA_EXPEDIENTES,MOD_EXPEDIENTES,RES_EXPEDIENTE,RES_PROPUESTA_AGE,RES_PROPUESTA_CCAA,GEN_TASAS_TRABAJO,GEN_TASAS_RESIDENCIA,POR_DEFECTO) values (SQ_CONF_AUTORIZACIONES.NEXTVAL,'00002','CP5','POS','S','S','S','N','N','S','S','N');
Insert into CONFIGURACION_AUTORIZACIONES (ID_CFG_AUTORIZACIONES,TIPO_COMPETENCIA,COD_PERMISO,COD_VIA,ALTA_EXPEDIENTES,MOD_EXPEDIENTES,RES_EXPEDIENTE,RES_PROPUESTA_AGE,RES_PROPUESTA_CCAA,GEN_TASAS_TRABAJO,GEN_TASAS_RESIDENCIA,POR_DEFECTO) values (SQ_CONF_AUTORIZACIONES.NEXTVAL,'00003','CP5','POS','S','S','S','N','N','S','S','N');
Insert into CONFIGURACION_AUTORIZACIONES (ID_CFG_AUTORIZACIONES,TIPO_COMPETENCIA,COD_PERMISO,COD_VIA,ALTA_EXPEDIENTES,MOD_EXPEDIENTES,RES_EXPEDIENTE,RES_PROPUESTA_AGE,RES_PROPUESTA_CCAA,GEN_TASAS_TRABAJO,GEN_TASAS_RESIDENCIA,POR_DEFECTO) values (SQ_CONF_AUTORIZACIONES.NEXTVAL,'00001','AP5','TTF','S','S','S','N','N','S','S','N');
Insert into CONFIGURACION_AUTORIZACIONES (ID_CFG_AUTORIZACIONES,TIPO_COMPETENCIA,COD_PERMISO,COD_VIA,ALTA_EXPEDIENTES,MOD_EXPEDIENTES,RES_EXPEDIENTE,RES_PROPUESTA_AGE,RES_PROPUESTA_CCAA,GEN_TASAS_TRABAJO,GEN_TASAS_RESIDENCIA,POR_DEFECTO) values (SQ_CONF_AUTORIZACIONES.NEXTVAL,'00003','AP5','TTF','S','S','S','N','N','S','S','N');
Insert into CONFIGURACION_AUTORIZACIONES (ID_CFG_AUTORIZACIONES,TIPO_COMPETENCIA,COD_PERMISO,COD_VIA,ALTA_EXPEDIENTES,MOD_EXPEDIENTES,RES_EXPEDIENTE,RES_PROPUESTA_AGE,RES_PROPUESTA_CCAA,GEN_TASAS_TRABAJO,GEN_TASAS_RESIDENCIA,POR_DEFECTO) values (SQ_CONF_AUTORIZACIONES.NEXTVAL,'00001','AP6','TTP','S','S','S','N','N','S','S','N');
Insert into CONFIGURACION_AUTORIZACIONES (ID_CFG_AUTORIZACIONES,TIPO_COMPETENCIA,COD_PERMISO,COD_VIA,ALTA_EXPEDIENTES,MOD_EXPEDIENTES,RES_EXPEDIENTE,RES_PROPUESTA_AGE,RES_PROPUESTA_CCAA,GEN_TASAS_TRABAJO,GEN_TASAS_RESIDENCIA,POR_DEFECTO) values (SQ_CONF_AUTORIZACIONES.NEXTVAL,'00003','AP6','TTP','S','S','S','N','N','S','S','N');
Insert into CONFIGURACION_AUTORIZACIONES (ID_CFG_AUTORIZACIONES,TIPO_COMPETENCIA,COD_PERMISO,COD_VIA,ALTA_EXPEDIENTES,MOD_EXPEDIENTES,RES_EXPEDIENTE,RES_PROPUESTA_AGE,RES_PROPUESTA_CCAA,GEN_TASAS_TRABAJO,GEN_TASAS_RESIDENCIA,POR_DEFECTO) values (SQ_CONF_AUTORIZACIONES.NEXTVAL,'00002','CPI','CAN','S','S','S','N','N','S','S','N');
Insert into CONFIGURACION_AUTORIZACIONES (ID_CFG_AUTORIZACIONES,TIPO_COMPETENCIA,COD_PERMISO,COD_VIA,ALTA_EXPEDIENTES,MOD_EXPEDIENTES,RES_EXPEDIENTE,RES_PROPUESTA_AGE,RES_PROPUESTA_CCAA,GEN_TASAS_TRABAJO,GEN_TASAS_RESIDENCIA,POR_DEFECTO) values (SQ_CONF_AUTORIZACIONES.NEXTVAL,'00003','CPI','CAN','S','S','S','N','N','S','S','N');

commit;

-- EX11

-- PERMISOS


Insert into PERMISOS (EPEPER,EPENOM,EPELUC,EPECOM,EPECAP,EPEFCO,EPEFEX,EPERES,EPEVAL,EPEGRP,EPETIP,EPEFLAGS,EPEVIA,EPEMVA,EPEREG,EPECARTASMTAS,EPENOMBRESEDE,EXCLUDESEDE) values ('LDE','RESIDENCIA DE LARGA DURACIÓN EN ESPAÑA','N',' ','N',' ',' ','S','S','PER','RE','SSNCSNNSNNNNSNN','FA1','12','RD1155','S',null,'N');
Insert into PERMISOS (EPEPER,EPENOM,EPELUC,EPECOM,EPECAP,EPEFCO,EPEFEX,EPERES,EPEVAL,EPEGRP,EPETIP,EPEFLAGS,EPEVIA,EPEMVA,EPEREG,EPECARTASMTAS,EPENOMBRESEDE,EXCLUDESEDE) values ('LDR','RESIDENCIA DE LARGA DURACIÓN EN ESPAÑA (RECUPERACIÓN)','N',' ','N',' ',' ','S','S','PER','RE','SSNCSNNSNNNNSNN','FA1','12','RD1155','S',null,'N');
Insert into PERMISOS (EPEPER,EPENOM,EPELUC,EPECOM,EPECAP,EPEFCO,EPEFEX,EPERES,EPEVAL,EPEGRP,EPETIP,EPEFLAGS,EPEVIA,EPEMVA,EPEREG,EPECARTASMTAS,EPENOMBRESEDE,EXCLUDESEDE) values ('LUR','RESIDENCIA DE LARGA DURACIÓN UE (RECUPERACIÓN)','N',' ','N',' ',' ','S','S','PER','RE','SSNCSNNSNNNNSNN','FA1','12','RD1155','S',null,'N');
Insert into PERMISOS (EPEPER,EPENOM,EPELUC,EPECOM,EPECAP,EPEFCO,EPEFEX,EPERES,EPEVAL,EPEGRP,EPETIP,EPEFLAGS,EPEVIA,EPEMVA,EPEREG,EPECARTASMTAS,EPENOMBRESEDE,EXCLUDESEDE) values ('LUE','RESIDENCIA DE LARGA DURACIÓN UE','N',' ','N',' ',' ','S','S','PER','RE','SSNCSNNSNNNNSNN','FA1','12','RD1155','S',null,'N');





-- VIA_ACCESO

Insert into VIA_ACCESO (EVICOD,EVIDES,EVICER,EVIGEN) values ('RDA','APÁTRIDAS, REFUGIADOS EN TERRITORIO ESPAÑOL, BENEFICIARIOS DEL ESTATUTO DE PROTECCIÓN INTERNACIONAL EN ESPAÑA  (ART. 183.3.F)','N','S');
Insert into VIA_ACCESO (EVICOD,EVIDES,EVICER,EVIGEN) values ('RDE','ESPAÑOL DE ORIGEN QUE HAYA PERDIDO LA NACIONALIDAD ESPAÑOLA (ART. 183.3.D)','N','S');
Insert into VIA_ACCESO (EVICOD,EVIDES,EVICER,EVIGEN) values ('RDL','TITULAR DE RESIDENCIA DE LARGA DURACIÓN-UE EN OTRO ESTADO MIEMBRO (ART. 179 )','N','S');
Insert into VIA_ACCESO (EVICOD,EVIDES,EVICER,EVIGEN) values ('RDM','RESIDENTE EN LOS TRES AÑOS INMEDIATAMENTE ANTERIORES A LA SOLICITUD , NACIDO EN ESPAÑA =18 AÑOS  (ART. 183.3.C)','N','S');
Insert into VIA_ACCESO (EVICOD,EVIDES,EVICER,EVIGEN) values ('RDN','(5) EXTRANJEROS QUE HAYAN CONTRIBUIDO DE FORMA NOTORIA AL PROGRESO DE ESPAÑA O A SU PROYECCIÓN EN EL EXTERIOR  (ART. 183.3.G)','N','S');
Insert into VIA_ACCESO (EVICOD,EVIDES,EVICER,EVIGEN) values ('RDO','SUPUESTO GENERAL 5 AÑOS DE RESIDENCIA LEGAL CONTINUADA EN ESPAÑA (ART. 183.1)','N','S');
Insert into VIA_ACCESO (EVICOD,EVIDES,EVICER,EVIGEN) values ('RDP','RESIDENTE BENEFICIARIO DE PENSIÓN CONTRIBUTIVA DE JUBILACIÓN O  BENEFICIARIO DE INCAPACIDAD PERMANENTE ABSOLUTA O GRAN INVALIDEZ  (ART. 183.3)','N','S');
Insert into VIA_ACCESO (EVICOD,EVIDES,EVICER,EVIGEN) values ('RDQ','TITULAR DE AUTORIZACIÓN DE RESIDENCIA POR REAGRUPACIÓN FAMILIAR CUANDO EL REAGRUPANTE ACCEDE O ES TITULAR DE RESIDENCIA LARGA DURACIÓN O LARGA DURACIÓN-UE (ARTS. 68, 180 Y 184)','N','S');
Insert into VIA_ACCESO (EVICOD,EVIDES,EVICER,EVIGEN) values ('RDR','HABER SIDO TITULAR DE AUTORIZACIÓN DE RESIDENCIA DE LARGA DURACIÓN Y HABER CESADO EN TAL CONDICIÓN (ART. 188.1)','N','S');
Insert into VIA_ACCESO (EVICOD,EVIDES,EVICER,EVIGEN) values ('RDT','RESIDENTE DURANTE 5 AÑOS CONSECUTIVOS INMEDIATAMENTE ANTERIORES  >18 AÑOS BAJO TUTELA DE ENTIDAD (ART. 183.3.E)','N','S');
Insert into VIA_ACCESO (EVICOD,EVIDES,EVICER,EVIGEN) values ('RDU','TITULAR DE RESIDENCIA DE LARGA DURACIÓN-UE EN OTRO ESTADO MIEMBRO (ART.179 )','N','S');
Insert into VIA_ACCESO (EVICOD,EVIDES,EVICER,EVIGEN) values ('RDV','HABER SIDO TITULAR DE AUTORIZACIÓN DE RESIDENCIA DE LARGA DURACIÓN-UE Y HABER CESADO EN TAL CONDICIÓN (ART. 186)','N','S');
Insert into VIA_ACCESO (EVICOD,EVIDES,EVICER,EVIGEN) values ('RDX','HABER SIDO TITULAR DE AUTORIZACIÓN DE RESIDENCIA DE LARGA DURACIÓN Y HABER CESADO EN TAL CONDICIÓN (ART. 188.1)','N','S');
Insert into VIA_ACCESO (EVICOD,EVIDES,EVICER,EVIGEN) values ('RUE','RESIDENTE EN ESPAÑA CUYA AUTORIZACIÓN DE ESTANCIA POR ESTUDIOS, INTERCAMBIO O PRÁCTICAS NO LABORALES SE COMPUTARÁ AL 50% (ART. 176.A)','N','S');
Insert into VIA_ACCESO (EVICOD,EVIDES,EVICER,EVIGEN) values ('RUO','SUPUESTO GENERAL 5 AÑOS DE RESIDENCIA LEGAL CONTINUADA EN ESPAÑA CON RECURSOS Y SEGURO DE ENFERMEDAD (ART. 176 Y 181.3)  ','N','S');
Insert into VIA_ACCESO (EVICOD,EVIDES,EVICER,EVIGEN) values ('RUP','BENEFICIARIO DE PROTECCIÓN INTERNACIONAL EN ESTADO UE O ESPAÑA ACREDITANDO PERMANENCIA 5 AÑOS, RECURSOS Y SEGURO (ART. 176)','N','S');
Insert into VIA_ACCESO (EVICOD,EVIDES,EVICER,EVIGEN) values ('RUR','HABER SIDO TITULAR DE AUTORIZACIÓN DE RESIDENCIA DE LARGA DURACIÓN-UE Y HABER CESADO EN TAL CONDICIÓN (ART. 186)','N','S');
Insert into VIA_ACCESO (EVICOD,EVIDES,EVICER,EVIGEN) values ('RUV','HABER SIDO TITULAR DE AUTORIZACIÓN DE RESIDENCIA DE LARGA DURACIÓN-UE Y HABER CESADO EN TAL CONDICIÓN POR HABER ADQUIRIDO RESIDENCIA LARGA DURACIÓN-UE EN OTRO EM(ART. 186)','N','S');
Insert into VIA_ACCESO (EVICOD,EVIDES,EVICER,EVIGEN) values ('RUZ','RESIDENTE EN ESPAÑA EN LOS 2 AÑOS INMEDIATAMENTE ANTERIORES Y  3 O + EN OTRO EM, CON TARJETA AZUL-UE (ART. 176.A)','N','S');


-- AUTORIZAC

Insert into AUTORIZAC (AUTCOD,AUTDES,AUTFLAGS,AUTVAL,AUTGRP,AUTCLA,AUTMOD,AUTTIP,AUTDES_CAT,AUTDES_CAT_CAS,AUTDES_UMI,AUTJERAR,AUTCLAS) values ('H2E005','RESIDENCIA DE LARGA DURACIÓN EN ESPAÑA- APÁTRIDAS, REFUGIADOS EN TERRITORIO ESPAÑOL, BENEFICIARIOS DEL ESTATUTO DE PROTECCIÓN INTERNACIONAL EN ESPAÑA  (ART. 183.3.F)',null,'S',null,null,null,null,null,null,null,null,null);
Insert into AUTORIZAC (AUTCOD,AUTDES,AUTFLAGS,AUTVAL,AUTGRP,AUTCLA,AUTMOD,AUTTIP,AUTDES_CAT,AUTDES_CAT_CAS,AUTDES_UMI,AUTJERAR,AUTCLAS) values ('H2E001','RESIDENCIA DE LARGA DURACIÓN EN ESPAÑA- ESPAÑOL DE ORIGEN QUE HAYA PERDIDO LA NACIONALIDAD ESPAÑOLA (ART. 183.3.D)',null,'S',null,null,null,null,null,null,null,null,null);
Insert into AUTORIZAC (AUTCOD,AUTDES,AUTFLAGS,AUTVAL,AUTGRP,AUTCLA,AUTMOD,AUTTIP,AUTDES_CAT,AUTDES_CAT_CAS,AUTDES_UMI,AUTJERAR,AUTCLAS) values ('H2E007','RESIDENCIA DE LARGA DURACIÓN EN ESPAÑA- TITULAR DE RESIDENCIA DE LARGA DURACIÓN-UE EN OTRO ESTADO MIEMBRO (ART. 179 )',null,'S',null,null,null,null,null,null,null,null,null);
Insert into AUTORIZAC (AUTCOD,AUTDES,AUTFLAGS,AUTVAL,AUTGRP,AUTCLA,AUTMOD,AUTTIP,AUTDES_CAT,AUTDES_CAT_CAS,AUTDES_UMI,AUTJERAR,AUTCLAS) values ('H2E003','RESIDENCIA DE LARGA DURACIÓN EN ESPAÑA- RESIDENTE EN LOS TRES AÑOS INMEDIATAMENTE ANTERIORES A LA SOLICITUD , NACIDO EN ESPAÑA =18 AÑOS  (ART. 183.3.C)',null,'S',null,null,null,null,null,null,null,null,null);
Insert into AUTORIZAC (AUTCOD,AUTDES,AUTFLAGS,AUTVAL,AUTGRP,AUTCLA,AUTMOD,AUTTIP,AUTDES_CAT,AUTDES_CAT_CAS,AUTDES_UMI,AUTJERAR,AUTCLAS) values ('H2E008','RESIDENCIA DE LARGA DURACIÓN EN ESPAÑA- (5) EXTRANJEROS QUE HAYAN CONTRIBUIDO DE FORMA NOTORIA AL PROGRESO DE ESPAÑA O A SU PROYECCIÓN EN EL EXTERIOR  (ART. 183.3.G)',null,'S',null,null,null,null,null,null,null,null,null);
Insert into AUTORIZAC (AUTCOD,AUTDES,AUTFLAGS,AUTVAL,AUTGRP,AUTCLA,AUTMOD,AUTTIP,AUTDES_CAT,AUTDES_CAT_CAS,AUTDES_UMI,AUTJERAR,AUTCLAS) values ('H2E000','RESIDENCIA DE LARGA DURACIÓN EN ESPAÑA- SUPUESTO GENERAL 5 AÑOS DE RESIDENCIA LEGAL CONTINUADA EN ESPAÑA (ART. 183.1)',null,'S',null,null,null,null,null,null,null,null,null);
Insert into AUTORIZAC (AUTCOD,AUTDES,AUTFLAGS,AUTVAL,AUTGRP,AUTCLA,AUTMOD,AUTTIP,AUTDES_CAT,AUTDES_CAT_CAS,AUTDES_UMI,AUTJERAR,AUTCLAS) values ('H2E002','RESIDENCIA DE LARGA DURACIÓN EN ESPAÑA- RESIDENTE BENEFICIARIO DE PENSIÓN CONTRIBUTIVA DE JUBILACIÓN O  BENEFICIARIO DE INCAPACIDAD PERMANENTE ABSOLUTA O GRAN INVALIDEZ  (ART. 183.3)',null,'S',null,null,null,null,null,null,null,null,null);
Insert into AUTORIZAC (AUTCOD,AUTDES,AUTFLAGS,AUTVAL,AUTGRP,AUTCLA,AUTMOD,AUTTIP,AUTDES_CAT,AUTDES_CAT_CAS,AUTDES_UMI,AUTJERAR,AUTCLAS) values ('H3E000','RESIDENCIA DE LARGA DURACIÓN EN ESPAÑA (RECUPERACIÓN)- TITULAR DE AUTORIZACIÓN DE RESIDENCIA POR REAGRUPACIÓN FAMILIAR CUANDO EL REAGRUPANTE ACCEDE O ES TITULAR DE RESIDENCIA LARGA DURACIÓN O LARGA DURACIÓN-UE (ARTS. 68, 180 Y 184)',null,'S',null,null,null,null,null,null,null,null,null);
Insert into AUTORIZAC (AUTCOD,AUTDES,AUTFLAGS,AUTVAL,AUTGRP,AUTCLA,AUTMOD,AUTTIP,AUTDES_CAT,AUTDES_CAT_CAS,AUTDES_UMI,AUTJERAR,AUTCLAS) values ('H3E001','RESIDENCIA DE LARGA DURACIÓN EN ESPAÑA (RECUPERACIÓN)- HABER SIDO TITULAR DE AUTORIZACIÓN DE RESIDENCIA DE LARGA DURACIÓN Y HABER CESADO EN TAL CONDICIÓN (ART. 188.1)',null,'S',null,null,null,null,null,null,null,null,null);
Insert into AUTORIZAC (AUTCOD,AUTDES,AUTFLAGS,AUTVAL,AUTGRP,AUTCLA,AUTMOD,AUTTIP,AUTDES_CAT,AUTDES_CAT_CAS,AUTDES_UMI,AUTJERAR,AUTCLAS) values ('H2E004','RESIDENCIA DE LARGA DURACIÓN EN ESPAÑA- RESIDENTE DURANTE 5 AÑOS CONSECUTIVOS INMEDIATAMENTE ANTERIORES  >18 AÑOS BAJO TUTELA DE ENTIDAD (ART. 183.3.E)',null,'S',null,null,null,null,null,null,null,null,null);
Insert into AUTORIZAC (AUTCOD,AUTDES,AUTFLAGS,AUTVAL,AUTGRP,AUTCLA,AUTMOD,AUTTIP,AUTDES_CAT,AUTDES_CAT_CAS,AUTDES_UMI,AUTJERAR,AUTCLAS) values ('H2E006','RESIDENCIA DE LARGA DURACIÓN EN ESPAÑA- TITULAR DE RESIDENCIA DE LARGA DURACIÓN-UE EN OTRO ESTADO MIEMBRO (ART.179 )',null,'S',null,null,null,null,null,null,null,null,null);
Insert into AUTORIZAC (AUTCOD,AUTDES,AUTFLAGS,AUTVAL,AUTGRP,AUTCLA,AUTMOD,AUTTIP,AUTDES_CAT,AUTDES_CAT_CAS,AUTDES_UMI,AUTJERAR,AUTCLAS) values ('H3U000','RESIDENCIA DE LARGA DURACIÓN UE (RECUPERACIÓN)- HABER SIDO TITULAR DE AUTORIZACIÓN DE RESIDENCIA DE LARGA DURACIÓN-UE Y HABER CESADO EN TAL CONDICIÓN (ART. 186)',null,'S',null,null,null,null,null,null,null,null,null);
Insert into AUTORIZAC (AUTCOD,AUTDES,AUTFLAGS,AUTVAL,AUTGRP,AUTCLA,AUTMOD,AUTTIP,AUTDES_CAT,AUTDES_CAT_CAS,AUTDES_UMI,AUTJERAR,AUTCLAS) values ('H3E002','RESIDENCIA DE LARGA DURACIÓN EN ESPAÑA (RECUPERACIÓN)- HABER SIDO TITULAR DE AUTORIZACIÓN DE RESIDENCIA DE LARGA DURACIÓN Y HABER CESADO EN TAL CONDICIÓN (ART. 188.1)',null,'S',null,null,null,null,null,null,null,null,null);
Insert into AUTORIZAC (AUTCOD,AUTDES,AUTFLAGS,AUTVAL,AUTGRP,AUTCLA,AUTMOD,AUTTIP,AUTDES_CAT,AUTDES_CAT_CAS,AUTDES_UMI,AUTJERAR,AUTCLAS) values ('H0U001','RESIDENCIA DE LARGA DURACIÓN UE- RESIDENTE EN ESPAÑA CUYA AUTORIZACIÓN DE ESTANCIA POR ESTUDIOS, INTERCAMBIO O PRÁCTICAS NO LABORALES SE COMPUTARÁ AL 50% (ART. 176.A)',null,'S',null,null,null,null,null,null,null,null,null);
Insert into AUTORIZAC (AUTCOD,AUTDES,AUTFLAGS,AUTVAL,AUTGRP,AUTCLA,AUTMOD,AUTTIP,AUTDES_CAT,AUTDES_CAT_CAS,AUTDES_UMI,AUTJERAR,AUTCLAS) values ('H0U000','RESIDENCIA DE LARGA DURACIÓN UE- SUPUESTO GENERAL 5 AÑOS DE RESIDENCIA LEGAL CONTINUADA EN ESPAÑA CON RECURSOS Y SEGURO DE ENFERMEDAD (ART. 176 Y 181.3)  ',null,'S',null,null,null,null,null,null,null,null,null);
Insert into AUTORIZAC (AUTCOD,AUTDES,AUTFLAGS,AUTVAL,AUTGRP,AUTCLA,AUTMOD,AUTTIP,AUTDES_CAT,AUTDES_CAT_CAS,AUTDES_UMI,AUTJERAR,AUTCLAS) values ('H0U003','RESIDENCIA DE LARGA DURACIÓN UE- BENEFICIARIO DE PROTECCIÓN INTERNACIONAL EN ESTADO UE O ESPAÑA ACREDITANDO PERMANENCIA 5 AÑOS, RECURSOS Y SEGURO (ART. 176)',null,'S',null,null,null,null,null,null,null,null,null);
Insert into AUTORIZAC (AUTCOD,AUTDES,AUTFLAGS,AUTVAL,AUTGRP,AUTCLA,AUTMOD,AUTTIP,AUTDES_CAT,AUTDES_CAT_CAS,AUTDES_UMI,AUTJERAR,AUTCLAS) values ('H3U001','RESIDENCIA DE LARGA DURACIÓN UE (RECUPERACIÓN)- HABER SIDO TITULAR DE AUTORIZACIÓN DE RESIDENCIA DE LARGA DURACIÓN-UE Y HABER CESADO EN TAL CONDICIÓN (ART. 186)',null,'S',null,null,null,null,null,null,null,null,null);
Insert into AUTORIZAC (AUTCOD,AUTDES,AUTFLAGS,AUTVAL,AUTGRP,AUTCLA,AUTMOD,AUTTIP,AUTDES_CAT,AUTDES_CAT_CAS,AUTDES_UMI,AUTJERAR,AUTCLAS) values ('H3U002','RESIDENCIA DE LARGA DURACIÓN UE (RECUPERACIÓN)- HABER SIDO TITULAR DE AUTORIZACIÓN DE RESIDENCIA DE LARGA DURACIÓN-UE Y HABER CESADO EN TAL CONDICIÓN POR HABER ADQUIRIDO RESIDENCIA LARGA DURACIÓN-UE EN OTRO EM(ART. 186)',null,'S',null,null,null,null,null,null,null,null,null);
Insert into AUTORIZAC (AUTCOD,AUTDES,AUTFLAGS,AUTVAL,AUTGRP,AUTCLA,AUTMOD,AUTTIP,AUTDES_CAT,AUTDES_CAT_CAS,AUTDES_UMI,AUTJERAR,AUTCLAS) values ('H0U002','RESIDENCIA DE LARGA DURACIÓN UE- RESIDENTE EN ESPAÑA EN LOS 2 AÑOS INMEDIATAMENTE ANTERIORES Y  3 O + EN OTRO EM, CON TARJETA AZUL-UE (ART. 176.A)',null,'S',null,null,null,null,null,null,null,null,null);


-- VIA_PERMISO

Insert into VIA_PERMISO (EVPPER,EVPVIA,EVPFLAGS,EVPVAL,EVPMTAS,EVPFECINI,EVPFECFIN,EVPFORMULARIO,EVPESCCOS,EVPFGR,EVPVERRES,CODIGO_SIA,IGUALDAD,EVPDGPTJ,EVPETIQUETAFAM,EVPPROMOTOR,EVPTRANSFRONTERIZO,EVPFAMILIAR,EVPNACIONALIDAD,EVPNIVELESTUDIOS,EVPCENTROESTUDIOS,EVPAMBITO,EVPVISADODESCESP,EVPRECUPERALD,EVPIGUALDAD,EVPTIPOTITULAR,EVPRESSINPAGTASR,EVPNSOPORTEUE,EVPCNED,EVPADJDOCRESUELTO,EVPPERMANENTE,EVPNUMPLAZO,EVPTIPPLAZO,EVPTIPESTIMACION,EVPLEYENDA,EVPINITASAS) values ('LDE','RDA','S12LNASSNNNNNNCDNNSNN O S              A','S','H2E005',to_date('20/05/25','DD/MM/RR'),null,'EX11','S',to_date('11/04/25','DD/MM/RR'),'S','201321','N','S','F','N','N','N',null,'N','N',null,'N','N','N','G','E','N','N','N','S','3','M','E','N','S');
Insert into VIA_PERMISO (EVPPER,EVPVIA,EVPFLAGS,EVPVAL,EVPMTAS,EVPFECINI,EVPFECFIN,EVPFORMULARIO,EVPESCCOS,EVPFGR,EVPVERRES,CODIGO_SIA,IGUALDAD,EVPDGPTJ,EVPETIQUETAFAM,EVPPROMOTOR,EVPTRANSFRONTERIZO,EVPFAMILIAR,EVPNACIONALIDAD,EVPNIVELESTUDIOS,EVPCENTROESTUDIOS,EVPAMBITO,EVPVISADODESCESP,EVPRECUPERALD,EVPIGUALDAD,EVPTIPOTITULAR,EVPRESSINPAGTASR,EVPNSOPORTEUE,EVPCNED,EVPADJDOCRESUELTO,EVPPERMANENTE,EVPNUMPLAZO,EVPTIPPLAZO,EVPTIPESTIMACION,EVPLEYENDA,EVPINITASAS) values ('LDE','RDE','S12LNASSNNNNNNCDNNSNN O S              A','S','H2E001',to_date('20/05/25','DD/MM/RR'),null,'EX11','S',to_date('11/04/25','DD/MM/RR'),'S','201321','N','S','F','N','N','N',null,'N','N',null,'N','N','N','G','E','N','N','N','S','3','M','E','N','S');
Insert into VIA_PERMISO (EVPPER,EVPVIA,EVPFLAGS,EVPVAL,EVPMTAS,EVPFECINI,EVPFECFIN,EVPFORMULARIO,EVPESCCOS,EVPFGR,EVPVERRES,CODIGO_SIA,IGUALDAD,EVPDGPTJ,EVPETIQUETAFAM,EVPPROMOTOR,EVPTRANSFRONTERIZO,EVPFAMILIAR,EVPNACIONALIDAD,EVPNIVELESTUDIOS,EVPCENTROESTUDIOS,EVPAMBITO,EVPVISADODESCESP,EVPRECUPERALD,EVPIGUALDAD,EVPTIPOTITULAR,EVPRESSINPAGTASR,EVPNSOPORTEUE,EVPCNED,EVPADJDOCRESUELTO,EVPPERMANENTE,EVPNUMPLAZO,EVPTIPPLAZO,EVPTIPESTIMACION,EVPLEYENDA,EVPINITASAS) values ('LDE','RDL','S12LNASSNNNNNNCDNNSNN O S              A','S','H2E007',to_date('20/05/25','DD/MM/RR'),null,'EX11','S',to_date('11/04/25','DD/MM/RR'),'S','201321','N','S','F','N','N','N',null,'N','N',null,'N','N','N','G','E','N','N','N','S','2','M','D','N','S');
Insert into VIA_PERMISO (EVPPER,EVPVIA,EVPFLAGS,EVPVAL,EVPMTAS,EVPFECINI,EVPFECFIN,EVPFORMULARIO,EVPESCCOS,EVPFGR,EVPVERRES,CODIGO_SIA,IGUALDAD,EVPDGPTJ,EVPETIQUETAFAM,EVPPROMOTOR,EVPTRANSFRONTERIZO,EVPFAMILIAR,EVPNACIONALIDAD,EVPNIVELESTUDIOS,EVPCENTROESTUDIOS,EVPAMBITO,EVPVISADODESCESP,EVPRECUPERALD,EVPIGUALDAD,EVPTIPOTITULAR,EVPRESSINPAGTASR,EVPNSOPORTEUE,EVPCNED,EVPADJDOCRESUELTO,EVPPERMANENTE,EVPNUMPLAZO,EVPTIPPLAZO,EVPTIPESTIMACION,EVPLEYENDA,EVPINITASAS) values ('LDE','RDM','S12LNASSNNNNNNCDNNSNN O S              A','S','H2E003',to_date('20/05/25','DD/MM/RR'),null,'EX11','S',to_date('11/04/25','DD/MM/RR'),'S','201321','N','S','F','N','N','N',null,'N','N',null,'N','N','N','G','E','N','N','N','S','3','M','E','N','S');
Insert into VIA_PERMISO (EVPPER,EVPVIA,EVPFLAGS,EVPVAL,EVPMTAS,EVPFECINI,EVPFECFIN,EVPFORMULARIO,EVPESCCOS,EVPFGR,EVPVERRES,CODIGO_SIA,IGUALDAD,EVPDGPTJ,EVPETIQUETAFAM,EVPPROMOTOR,EVPTRANSFRONTERIZO,EVPFAMILIAR,EVPNACIONALIDAD,EVPNIVELESTUDIOS,EVPCENTROESTUDIOS,EVPAMBITO,EVPVISADODESCESP,EVPRECUPERALD,EVPIGUALDAD,EVPTIPOTITULAR,EVPRESSINPAGTASR,EVPNSOPORTEUE,EVPCNED,EVPADJDOCRESUELTO,EVPPERMANENTE,EVPNUMPLAZO,EVPTIPPLAZO,EVPTIPESTIMACION,EVPLEYENDA,EVPINITASAS) values ('LDE','RDN','S12LNASSNNNNNNCDNNSNN O S              A','S','H2E008',to_date('20/05/25','DD/MM/RR'),null,'EX11','S',to_date('11/04/25','DD/MM/RR'),'S','201321','N','S','F','N','N','N',null,'N','N',null,'N','N','N','G','E','N','N','N','S','3','M','D','N','S');
Insert into VIA_PERMISO (EVPPER,EVPVIA,EVPFLAGS,EVPVAL,EVPMTAS,EVPFECINI,EVPFECFIN,EVPFORMULARIO,EVPESCCOS,EVPFGR,EVPVERRES,CODIGO_SIA,IGUALDAD,EVPDGPTJ,EVPETIQUETAFAM,EVPPROMOTOR,EVPTRANSFRONTERIZO,EVPFAMILIAR,EVPNACIONALIDAD,EVPNIVELESTUDIOS,EVPCENTROESTUDIOS,EVPAMBITO,EVPVISADODESCESP,EVPRECUPERALD,EVPIGUALDAD,EVPTIPOTITULAR,EVPRESSINPAGTASR,EVPNSOPORTEUE,EVPCNED,EVPADJDOCRESUELTO,EVPPERMANENTE,EVPNUMPLAZO,EVPTIPPLAZO,EVPTIPESTIMACION,EVPLEYENDA,EVPINITASAS) values ('LDE','RDO','S12LNASSNNNNNNCDNNSNN O S              A','S','H2E000',to_date('20/05/25','DD/MM/RR'),null,'EX11','S',to_date('11/04/25','DD/MM/RR'),'S','201321','N','S','F','N','N','N',null,'N','N',null,'N','N','N','G','E','N','N','N','S','3','M','E','N','S');
Insert into VIA_PERMISO (EVPPER,EVPVIA,EVPFLAGS,EVPVAL,EVPMTAS,EVPFECINI,EVPFECFIN,EVPFORMULARIO,EVPESCCOS,EVPFGR,EVPVERRES,CODIGO_SIA,IGUALDAD,EVPDGPTJ,EVPETIQUETAFAM,EVPPROMOTOR,EVPTRANSFRONTERIZO,EVPFAMILIAR,EVPNACIONALIDAD,EVPNIVELESTUDIOS,EVPCENTROESTUDIOS,EVPAMBITO,EVPVISADODESCESP,EVPRECUPERALD,EVPIGUALDAD,EVPTIPOTITULAR,EVPRESSINPAGTASR,EVPNSOPORTEUE,EVPCNED,EVPADJDOCRESUELTO,EVPPERMANENTE,EVPNUMPLAZO,EVPTIPPLAZO,EVPTIPESTIMACION,EVPLEYENDA,EVPINITASAS) values ('LDE','RDP','S12LNASSNNNNNNCDNNSNN O S              A','S','H2E002',to_date('20/05/25','DD/MM/RR'),null,'EX11','S',to_date('11/04/25','DD/MM/RR'),'S','201321','N','S','F','N','N','N',null,'N','N',null,'N','N','N','G','E','N','N','N','S','3','M','E','N','S');
Insert into VIA_PERMISO (EVPPER,EVPVIA,EVPFLAGS,EVPVAL,EVPMTAS,EVPFECINI,EVPFECFIN,EVPFORMULARIO,EVPESCCOS,EVPFGR,EVPVERRES,CODIGO_SIA,IGUALDAD,EVPDGPTJ,EVPETIQUETAFAM,EVPPROMOTOR,EVPTRANSFRONTERIZO,EVPFAMILIAR,EVPNACIONALIDAD,EVPNIVELESTUDIOS,EVPCENTROESTUDIOS,EVPAMBITO,EVPVISADODESCESP,EVPRECUPERALD,EVPIGUALDAD,EVPTIPOTITULAR,EVPRESSINPAGTASR,EVPNSOPORTEUE,EVPCNED,EVPADJDOCRESUELTO,EVPPERMANENTE,EVPNUMPLAZO,EVPTIPPLAZO,EVPTIPESTIMACION,EVPLEYENDA,EVPINITASAS) values ('LDR','RDQ','S12LNASSNNNNNNCDNNSNN O S              A','S','H3E000',to_date('20/05/25','DD/MM/RR'),null,'EX11','S',to_date('11/04/25','DD/MM/RR'),'S','201321','N','S','F','N','N','N',null,'N','N',null,'N','N','N','G','E','N','N','N','S','3','M','E','N','S');
Insert into VIA_PERMISO (EVPPER,EVPVIA,EVPFLAGS,EVPVAL,EVPMTAS,EVPFECINI,EVPFECFIN,EVPFORMULARIO,EVPESCCOS,EVPFGR,EVPVERRES,CODIGO_SIA,IGUALDAD,EVPDGPTJ,EVPETIQUETAFAM,EVPPROMOTOR,EVPTRANSFRONTERIZO,EVPFAMILIAR,EVPNACIONALIDAD,EVPNIVELESTUDIOS,EVPCENTROESTUDIOS,EVPAMBITO,EVPVISADODESCESP,EVPRECUPERALD,EVPIGUALDAD,EVPTIPOTITULAR,EVPRESSINPAGTASR,EVPNSOPORTEUE,EVPCNED,EVPADJDOCRESUELTO,EVPPERMANENTE,EVPNUMPLAZO,EVPTIPPLAZO,EVPTIPESTIMACION,EVPLEYENDA,EVPINITASAS) values ('LDR','RDR','S12LNASSNNNNNNCDNNSNN O S              A','S','H3E001',to_date('20/05/25','DD/MM/RR'),null,'EX11','S',to_date('11/04/25','DD/MM/RR'),'S','201321','N','S','F','N','N','N',null,'N','N',null,'N','N','N','G','E','N','N','N','S','3','M','E','N','S');
Insert into VIA_PERMISO (EVPPER,EVPVIA,EVPFLAGS,EVPVAL,EVPMTAS,EVPFECINI,EVPFECFIN,EVPFORMULARIO,EVPESCCOS,EVPFGR,EVPVERRES,CODIGO_SIA,IGUALDAD,EVPDGPTJ,EVPETIQUETAFAM,EVPPROMOTOR,EVPTRANSFRONTERIZO,EVPFAMILIAR,EVPNACIONALIDAD,EVPNIVELESTUDIOS,EVPCENTROESTUDIOS,EVPAMBITO,EVPVISADODESCESP,EVPRECUPERALD,EVPIGUALDAD,EVPTIPOTITULAR,EVPRESSINPAGTASR,EVPNSOPORTEUE,EVPCNED,EVPADJDOCRESUELTO,EVPPERMANENTE,EVPNUMPLAZO,EVPTIPPLAZO,EVPTIPESTIMACION,EVPLEYENDA,EVPINITASAS) values ('LDE','RDT','S12LNASSNNNNNNCDNNSNN O S              A','S','H2E004',to_date('20/05/25','DD/MM/RR'),null,'EX11','S',to_date('11/04/25','DD/MM/RR'),'S','201321','N','S','F','N','N','N',null,'N','N',null,'N','N','N','G','E','N','N','N','S','3','M','E','N','S');
Insert into VIA_PERMISO (EVPPER,EVPVIA,EVPFLAGS,EVPVAL,EVPMTAS,EVPFECINI,EVPFECFIN,EVPFORMULARIO,EVPESCCOS,EVPFGR,EVPVERRES,CODIGO_SIA,IGUALDAD,EVPDGPTJ,EVPETIQUETAFAM,EVPPROMOTOR,EVPTRANSFRONTERIZO,EVPFAMILIAR,EVPNACIONALIDAD,EVPNIVELESTUDIOS,EVPCENTROESTUDIOS,EVPAMBITO,EVPVISADODESCESP,EVPRECUPERALD,EVPIGUALDAD,EVPTIPOTITULAR,EVPRESSINPAGTASR,EVPNSOPORTEUE,EVPCNED,EVPADJDOCRESUELTO,EVPPERMANENTE,EVPNUMPLAZO,EVPTIPPLAZO,EVPTIPESTIMACION,EVPLEYENDA,EVPINITASAS) values ('LDE','RDU','S12LNASSNNNNNNCDNNSNN O S              A','S','H2E006',to_date('20/05/25','DD/MM/RR'),null,'EX11','S',to_date('11/04/25','DD/MM/RR'),'S','201321','N','S','F','N','N','N',null,'N','N',null,'N','N','N','G','E','N','N','N','S','3','M','D','N','S');
Insert into VIA_PERMISO (EVPPER,EVPVIA,EVPFLAGS,EVPVAL,EVPMTAS,EVPFECINI,EVPFECFIN,EVPFORMULARIO,EVPESCCOS,EVPFGR,EVPVERRES,CODIGO_SIA,IGUALDAD,EVPDGPTJ,EVPETIQUETAFAM,EVPPROMOTOR,EVPTRANSFRONTERIZO,EVPFAMILIAR,EVPNACIONALIDAD,EVPNIVELESTUDIOS,EVPCENTROESTUDIOS,EVPAMBITO,EVPVISADODESCESP,EVPRECUPERALD,EVPIGUALDAD,EVPTIPOTITULAR,EVPRESSINPAGTASR,EVPNSOPORTEUE,EVPCNED,EVPADJDOCRESUELTO,EVPPERMANENTE,EVPNUMPLAZO,EVPTIPPLAZO,EVPTIPESTIMACION,EVPLEYENDA,EVPINITASAS) values ('LUR','RDV','S12LNASSNNNNNNCDNNSNN O S              A','S','H3U000',to_date('20/05/25','DD/MM/RR'),null,'EX11','S',to_date('11/04/25','DD/MM/RR'),'S','201321','N','S','F','N','N','N',null,'N','N',null,'N','N','N','G','E','N','N','N','S','2','M','E','N','S');
Insert into VIA_PERMISO (EVPPER,EVPVIA,EVPFLAGS,EVPVAL,EVPMTAS,EVPFECINI,EVPFECFIN,EVPFORMULARIO,EVPESCCOS,EVPFGR,EVPVERRES,CODIGO_SIA,IGUALDAD,EVPDGPTJ,EVPETIQUETAFAM,EVPPROMOTOR,EVPTRANSFRONTERIZO,EVPFAMILIAR,EVPNACIONALIDAD,EVPNIVELESTUDIOS,EVPCENTROESTUDIOS,EVPAMBITO,EVPVISADODESCESP,EVPRECUPERALD,EVPIGUALDAD,EVPTIPOTITULAR,EVPRESSINPAGTASR,EVPNSOPORTEUE,EVPCNED,EVPADJDOCRESUELTO,EVPPERMANENTE,EVPNUMPLAZO,EVPTIPPLAZO,EVPTIPESTIMACION,EVPLEYENDA,EVPINITASAS) values ('LDR','RDX','S12LNASSNNNNNNCDNNSNN O S              A','S','H3E002',to_date('20/05/25','DD/MM/RR'),null,'EX11','S',to_date('11/04/25','DD/MM/RR'),'S','201321','N','S','F','N','N','N',null,'N','N',null,'N','N','N','G','E','N','N','N','S','3','M','E','N','S');
Insert into VIA_PERMISO (EVPPER,EVPVIA,EVPFLAGS,EVPVAL,EVPMTAS,EVPFECINI,EVPFECFIN,EVPFORMULARIO,EVPESCCOS,EVPFGR,EVPVERRES,CODIGO_SIA,IGUALDAD,EVPDGPTJ,EVPETIQUETAFAM,EVPPROMOTOR,EVPTRANSFRONTERIZO,EVPFAMILIAR,EVPNACIONALIDAD,EVPNIVELESTUDIOS,EVPCENTROESTUDIOS,EVPAMBITO,EVPVISADODESCESP,EVPRECUPERALD,EVPIGUALDAD,EVPTIPOTITULAR,EVPRESSINPAGTASR,EVPNSOPORTEUE,EVPCNED,EVPADJDOCRESUELTO,EVPPERMANENTE,EVPNUMPLAZO,EVPTIPPLAZO,EVPTIPESTIMACION,EVPLEYENDA,EVPINITASAS) values ('LUE','RUE','S12LNASSNNNNNNCDNNSNN O S              A','S','H0U001',to_date('20/05/25','DD/MM/RR'),null,'EX11','S',to_date('11/04/25','DD/MM/RR'),'S','201321','N','S','F','N','N','N',null,'N','N',null,'N','N','N','G','E','N','N','N','S','3','M','E','N','S');
Insert into VIA_PERMISO (EVPPER,EVPVIA,EVPFLAGS,EVPVAL,EVPMTAS,EVPFECINI,EVPFECFIN,EVPFORMULARIO,EVPESCCOS,EVPFGR,EVPVERRES,CODIGO_SIA,IGUALDAD,EVPDGPTJ,EVPETIQUETAFAM,EVPPROMOTOR,EVPTRANSFRONTERIZO,EVPFAMILIAR,EVPNACIONALIDAD,EVPNIVELESTUDIOS,EVPCENTROESTUDIOS,EVPAMBITO,EVPVISADODESCESP,EVPRECUPERALD,EVPIGUALDAD,EVPTIPOTITULAR,EVPRESSINPAGTASR,EVPNSOPORTEUE,EVPCNED,EVPADJDOCRESUELTO,EVPPERMANENTE,EVPNUMPLAZO,EVPTIPPLAZO,EVPTIPESTIMACION,EVPLEYENDA,EVPINITASAS) values ('LUE','RUO','S12LNASSNNNNNNCDNNSNN O S              A','S','H0U000',to_date('20/05/25','DD/MM/RR'),null,'EX11','S',to_date('11/04/25','DD/MM/RR'),'S','201321','N','S','F','N','N','N',null,'N','N',null,'N','N','N','G','E','N','N','N','S','3','M','E','N','S');
Insert into VIA_PERMISO (EVPPER,EVPVIA,EVPFLAGS,EVPVAL,EVPMTAS,EVPFECINI,EVPFECFIN,EVPFORMULARIO,EVPESCCOS,EVPFGR,EVPVERRES,CODIGO_SIA,IGUALDAD,EVPDGPTJ,EVPETIQUETAFAM,EVPPROMOTOR,EVPTRANSFRONTERIZO,EVPFAMILIAR,EVPNACIONALIDAD,EVPNIVELESTUDIOS,EVPCENTROESTUDIOS,EVPAMBITO,EVPVISADODESCESP,EVPRECUPERALD,EVPIGUALDAD,EVPTIPOTITULAR,EVPRESSINPAGTASR,EVPNSOPORTEUE,EVPCNED,EVPADJDOCRESUELTO,EVPPERMANENTE,EVPNUMPLAZO,EVPTIPPLAZO,EVPTIPESTIMACION,EVPLEYENDA,EVPINITASAS) values ('LDE','RUP','S12LNASSNNNNNNCDNNSNN O S              A','S','H0U003',to_date('20/05/25','DD/MM/RR'),null,'EX11','S',to_date('11/04/25','DD/MM/RR'),'S','201321','N','S','F','N','N','N',null,'N','N',null,'N','N','N','G','E','N','N','N','S','3','M','E','N','S');
Insert into VIA_PERMISO (EVPPER,EVPVIA,EVPFLAGS,EVPVAL,EVPMTAS,EVPFECINI,EVPFECFIN,EVPFORMULARIO,EVPESCCOS,EVPFGR,EVPVERRES,CODIGO_SIA,IGUALDAD,EVPDGPTJ,EVPETIQUETAFAM,EVPPROMOTOR,EVPTRANSFRONTERIZO,EVPFAMILIAR,EVPNACIONALIDAD,EVPNIVELESTUDIOS,EVPCENTROESTUDIOS,EVPAMBITO,EVPVISADODESCESP,EVPRECUPERALD,EVPIGUALDAD,EVPTIPOTITULAR,EVPRESSINPAGTASR,EVPNSOPORTEUE,EVPCNED,EVPADJDOCRESUELTO,EVPPERMANENTE,EVPNUMPLAZO,EVPTIPPLAZO,EVPTIPESTIMACION,EVPLEYENDA,EVPINITASAS) values ('LUR','RUR','S12LNASSNNNNNNCDNNSNN O S              A','S','H3U001',to_date('20/05/25','DD/MM/RR'),null,'EX11','S',to_date('11/04/25','DD/MM/RR'),'S','201321','N','S','F','N','N','N',null,'N','N',null,'N','N','N','G','E','N','N','N','S','3','M','E','N','S');
Insert into VIA_PERMISO (EVPPER,EVPVIA,EVPFLAGS,EVPVAL,EVPMTAS,EVPFECINI,EVPFECFIN,EVPFORMULARIO,EVPESCCOS,EVPFGR,EVPVERRES,CODIGO_SIA,IGUALDAD,EVPDGPTJ,EVPETIQUETAFAM,EVPPROMOTOR,EVPTRANSFRONTERIZO,EVPFAMILIAR,EVPNACIONALIDAD,EVPNIVELESTUDIOS,EVPCENTROESTUDIOS,EVPAMBITO,EVPVISADODESCESP,EVPRECUPERALD,EVPIGUALDAD,EVPTIPOTITULAR,EVPRESSINPAGTASR,EVPNSOPORTEUE,EVPCNED,EVPADJDOCRESUELTO,EVPPERMANENTE,EVPNUMPLAZO,EVPTIPPLAZO,EVPTIPESTIMACION,EVPLEYENDA,EVPINITASAS) values ('LUR','RUV','S12LNASSNNNNNNCDNNSNN O S              A','S','H3U002',to_date('20/05/25','DD/MM/RR'),null,'EX11','S',to_date('11/04/25','DD/MM/RR'),'S','201321','N','S','F','N','N','N',null,'N','N',null,'N','N','N','G','E','N','N','N','S','3','M','E','N','S');
Insert into VIA_PERMISO (EVPPER,EVPVIA,EVPFLAGS,EVPVAL,EVPMTAS,EVPFECINI,EVPFECFIN,EVPFORMULARIO,EVPESCCOS,EVPFGR,EVPVERRES,CODIGO_SIA,IGUALDAD,EVPDGPTJ,EVPETIQUETAFAM,EVPPROMOTOR,EVPTRANSFRONTERIZO,EVPFAMILIAR,EVPNACIONALIDAD,EVPNIVELESTUDIOS,EVPCENTROESTUDIOS,EVPAMBITO,EVPVISADODESCESP,EVPRECUPERALD,EVPIGUALDAD,EVPTIPOTITULAR,EVPRESSINPAGTASR,EVPNSOPORTEUE,EVPCNED,EVPADJDOCRESUELTO,EVPPERMANENTE,EVPNUMPLAZO,EVPTIPPLAZO,EVPTIPESTIMACION,EVPLEYENDA,EVPINITASAS) values ('LUE','RUZ','S12LNASSNNNNNNCDNNSNN O S              A','S','H0U002',to_date('20/05/25','DD/MM/RR'),null,'EX11','S',to_date('11/04/25','DD/MM/RR'),'S','201321','N','S','F','N','N','N',null,'N','N',null,'N','N','N','G','E','N','N','N','S','3','M','E','N','S');



-- CONFIGURACION_AUTORIZACIONES

Insert into CONFIGURACION_AUTORIZACIONES (ID_CFG_AUTORIZACIONES,TIPO_COMPETENCIA,COD_PERMISO,COD_VIA,ALTA_EXPEDIENTES,MOD_EXPEDIENTES,RES_EXPEDIENTE,RES_PROPUESTA_AGE,RES_PROPUESTA_CCAA,GEN_TASAS_TRABAJO,GEN_TASAS_RESIDENCIA,POR_DEFECTO) values (SQ_CONF_AUTORIZACIONES.NEXTVAL,'00002','LDE','RDA','S','S','S','N','N','S','S','N');
Insert into CONFIGURACION_AUTORIZACIONES (ID_CFG_AUTORIZACIONES,TIPO_COMPETENCIA,COD_PERMISO,COD_VIA,ALTA_EXPEDIENTES,MOD_EXPEDIENTES,RES_EXPEDIENTE,RES_PROPUESTA_AGE,RES_PROPUESTA_CCAA,GEN_TASAS_TRABAJO,GEN_TASAS_RESIDENCIA,POR_DEFECTO) values (SQ_CONF_AUTORIZACIONES.NEXTVAL,'00002','LDE','RDE','S','S','S','N','N','S','S','N');
Insert into CONFIGURACION_AUTORIZACIONES (ID_CFG_AUTORIZACIONES,TIPO_COMPETENCIA,COD_PERMISO,COD_VIA,ALTA_EXPEDIENTES,MOD_EXPEDIENTES,RES_EXPEDIENTE,RES_PROPUESTA_AGE,RES_PROPUESTA_CCAA,GEN_TASAS_TRABAJO,GEN_TASAS_RESIDENCIA,POR_DEFECTO) values (SQ_CONF_AUTORIZACIONES.NEXTVAL,'00002','LDE','RDL','S','S','S','N','N','S','S','N');
Insert into CONFIGURACION_AUTORIZACIONES (ID_CFG_AUTORIZACIONES,TIPO_COMPETENCIA,COD_PERMISO,COD_VIA,ALTA_EXPEDIENTES,MOD_EXPEDIENTES,RES_EXPEDIENTE,RES_PROPUESTA_AGE,RES_PROPUESTA_CCAA,GEN_TASAS_TRABAJO,GEN_TASAS_RESIDENCIA,POR_DEFECTO) values (SQ_CONF_AUTORIZACIONES.NEXTVAL,'00002','LDE','RDM','S','S','S','N','N','S','S','N');
Insert into CONFIGURACION_AUTORIZACIONES (ID_CFG_AUTORIZACIONES,TIPO_COMPETENCIA,COD_PERMISO,COD_VIA,ALTA_EXPEDIENTES,MOD_EXPEDIENTES,RES_EXPEDIENTE,RES_PROPUESTA_AGE,RES_PROPUESTA_CCAA,GEN_TASAS_TRABAJO,GEN_TASAS_RESIDENCIA,POR_DEFECTO) values (SQ_CONF_AUTORIZACIONES.NEXTVAL,'00002','LDE','RDN','S','S','S','N','N','S','S','N');
Insert into CONFIGURACION_AUTORIZACIONES (ID_CFG_AUTORIZACIONES,TIPO_COMPETENCIA,COD_PERMISO,COD_VIA,ALTA_EXPEDIENTES,MOD_EXPEDIENTES,RES_EXPEDIENTE,RES_PROPUESTA_AGE,RES_PROPUESTA_CCAA,GEN_TASAS_TRABAJO,GEN_TASAS_RESIDENCIA,POR_DEFECTO) values (SQ_CONF_AUTORIZACIONES.NEXTVAL,'00002','LDE','RDO','S','S','S','N','N','S','S','N');
Insert into CONFIGURACION_AUTORIZACIONES (ID_CFG_AUTORIZACIONES,TIPO_COMPETENCIA,COD_PERMISO,COD_VIA,ALTA_EXPEDIENTES,MOD_EXPEDIENTES,RES_EXPEDIENTE,RES_PROPUESTA_AGE,RES_PROPUESTA_CCAA,GEN_TASAS_TRABAJO,GEN_TASAS_RESIDENCIA,POR_DEFECTO) values (SQ_CONF_AUTORIZACIONES.NEXTVAL,'00002','LDE','RDP','S','S','S','N','N','S','S','N');
Insert into CONFIGURACION_AUTORIZACIONES (ID_CFG_AUTORIZACIONES,TIPO_COMPETENCIA,COD_PERMISO,COD_VIA,ALTA_EXPEDIENTES,MOD_EXPEDIENTES,RES_EXPEDIENTE,RES_PROPUESTA_AGE,RES_PROPUESTA_CCAA,GEN_TASAS_TRABAJO,GEN_TASAS_RESIDENCIA,POR_DEFECTO) values (SQ_CONF_AUTORIZACIONES.NEXTVAL,'00002','LDR','RDQ','S','S','S','N','N','S','S','N');
Insert into CONFIGURACION_AUTORIZACIONES (ID_CFG_AUTORIZACIONES,TIPO_COMPETENCIA,COD_PERMISO,COD_VIA,ALTA_EXPEDIENTES,MOD_EXPEDIENTES,RES_EXPEDIENTE,RES_PROPUESTA_AGE,RES_PROPUESTA_CCAA,GEN_TASAS_TRABAJO,GEN_TASAS_RESIDENCIA,POR_DEFECTO) values (SQ_CONF_AUTORIZACIONES.NEXTVAL,'00002','LDR','RDR','S','S','S','N','N','S','S','N');
Insert into CONFIGURACION_AUTORIZACIONES (ID_CFG_AUTORIZACIONES,TIPO_COMPETENCIA,COD_PERMISO,COD_VIA,ALTA_EXPEDIENTES,MOD_EXPEDIENTES,RES_EXPEDIENTE,RES_PROPUESTA_AGE,RES_PROPUESTA_CCAA,GEN_TASAS_TRABAJO,GEN_TASAS_RESIDENCIA,POR_DEFECTO) values (SQ_CONF_AUTORIZACIONES.NEXTVAL,'00002','LDE','RDT','S','S','S','N','N','S','S','N');
Insert into CONFIGURACION_AUTORIZACIONES (ID_CFG_AUTORIZACIONES,TIPO_COMPETENCIA,COD_PERMISO,COD_VIA,ALTA_EXPEDIENTES,MOD_EXPEDIENTES,RES_EXPEDIENTE,RES_PROPUESTA_AGE,RES_PROPUESTA_CCAA,GEN_TASAS_TRABAJO,GEN_TASAS_RESIDENCIA,POR_DEFECTO) values (SQ_CONF_AUTORIZACIONES.NEXTVAL,'00002','LDE','RDU','S','S','S','N','N','S','S','N');
Insert into CONFIGURACION_AUTORIZACIONES (ID_CFG_AUTORIZACIONES,TIPO_COMPETENCIA,COD_PERMISO,COD_VIA,ALTA_EXPEDIENTES,MOD_EXPEDIENTES,RES_EXPEDIENTE,RES_PROPUESTA_AGE,RES_PROPUESTA_CCAA,GEN_TASAS_TRABAJO,GEN_TASAS_RESIDENCIA,POR_DEFECTO) values (SQ_CONF_AUTORIZACIONES.NEXTVAL,'00002','LUR','RDV','S','S','S','N','N','S','S','N');
Insert into CONFIGURACION_AUTORIZACIONES (ID_CFG_AUTORIZACIONES,TIPO_COMPETENCIA,COD_PERMISO,COD_VIA,ALTA_EXPEDIENTES,MOD_EXPEDIENTES,RES_EXPEDIENTE,RES_PROPUESTA_AGE,RES_PROPUESTA_CCAA,GEN_TASAS_TRABAJO,GEN_TASAS_RESIDENCIA,POR_DEFECTO) values (SQ_CONF_AUTORIZACIONES.NEXTVAL,'00002','LDR','RDX','S','S','S','N','N','S','S','N');
Insert into CONFIGURACION_AUTORIZACIONES (ID_CFG_AUTORIZACIONES,TIPO_COMPETENCIA,COD_PERMISO,COD_VIA,ALTA_EXPEDIENTES,MOD_EXPEDIENTES,RES_EXPEDIENTE,RES_PROPUESTA_AGE,RES_PROPUESTA_CCAA,GEN_TASAS_TRABAJO,GEN_TASAS_RESIDENCIA,POR_DEFECTO) values (SQ_CONF_AUTORIZACIONES.NEXTVAL,'00002','LUE','RUE','S','S','S','N','N','S','S','N');
Insert into CONFIGURACION_AUTORIZACIONES (ID_CFG_AUTORIZACIONES,TIPO_COMPETENCIA,COD_PERMISO,COD_VIA,ALTA_EXPEDIENTES,MOD_EXPEDIENTES,RES_EXPEDIENTE,RES_PROPUESTA_AGE,RES_PROPUESTA_CCAA,GEN_TASAS_TRABAJO,GEN_TASAS_RESIDENCIA,POR_DEFECTO) values (SQ_CONF_AUTORIZACIONES.NEXTVAL,'00002','LUE','RUO','S','S','S','N','N','S','S','N');
Insert into CONFIGURACION_AUTORIZACIONES (ID_CFG_AUTORIZACIONES,TIPO_COMPETENCIA,COD_PERMISO,COD_VIA,ALTA_EXPEDIENTES,MOD_EXPEDIENTES,RES_EXPEDIENTE,RES_PROPUESTA_AGE,RES_PROPUESTA_CCAA,GEN_TASAS_TRABAJO,GEN_TASAS_RESIDENCIA,POR_DEFECTO) values (SQ_CONF_AUTORIZACIONES.NEXTVAL,'00002','LUE','RUP','S','S','S','N','N','S','S','N');
Insert into CONFIGURACION_AUTORIZACIONES (ID_CFG_AUTORIZACIONES,TIPO_COMPETENCIA,COD_PERMISO,COD_VIA,ALTA_EXPEDIENTES,MOD_EXPEDIENTES,RES_EXPEDIENTE,RES_PROPUESTA_AGE,RES_PROPUESTA_CCAA,GEN_TASAS_TRABAJO,GEN_TASAS_RESIDENCIA,POR_DEFECTO) values (SQ_CONF_AUTORIZACIONES.NEXTVAL,'00002','LUR','RUR','S','S','S','N','N','S','S','N');
Insert into CONFIGURACION_AUTORIZACIONES (ID_CFG_AUTORIZACIONES,TIPO_COMPETENCIA,COD_PERMISO,COD_VIA,ALTA_EXPEDIENTES,MOD_EXPEDIENTES,RES_EXPEDIENTE,RES_PROPUESTA_AGE,RES_PROPUESTA_CCAA,GEN_TASAS_TRABAJO,GEN_TASAS_RESIDENCIA,POR_DEFECTO) values (SQ_CONF_AUTORIZACIONES.NEXTVAL,'00002','LUR','RUV','S','S','S','N','N','S','S','N');
Insert into CONFIGURACION_AUTORIZACIONES (ID_CFG_AUTORIZACIONES,TIPO_COMPETENCIA,COD_PERMISO,COD_VIA,ALTA_EXPEDIENTES,MOD_EXPEDIENTES,RES_EXPEDIENTE,RES_PROPUESTA_AGE,RES_PROPUESTA_CCAA,GEN_TASAS_TRABAJO,GEN_TASAS_RESIDENCIA,POR_DEFECTO) values (SQ_CONF_AUTORIZACIONES.NEXTVAL,'00002','LUE','RUZ','S','S','S','N','N','S','S','N');
Insert into CONFIGURACION_AUTORIZACIONES (ID_CFG_AUTORIZACIONES,TIPO_COMPETENCIA,COD_PERMISO,COD_VIA,ALTA_EXPEDIENTES,MOD_EXPEDIENTES,RES_EXPEDIENTE,RES_PROPUESTA_AGE,RES_PROPUESTA_CCAA,GEN_TASAS_TRABAJO,GEN_TASAS_RESIDENCIA,POR_DEFECTO) values (SQ_CONF_AUTORIZACIONES.NEXTVAL,'00003','LDE','RDA','S','S','S','N','N','S','S','N');
Insert into CONFIGURACION_AUTORIZACIONES (ID_CFG_AUTORIZACIONES,TIPO_COMPETENCIA,COD_PERMISO,COD_VIA,ALTA_EXPEDIENTES,MOD_EXPEDIENTES,RES_EXPEDIENTE,RES_PROPUESTA_AGE,RES_PROPUESTA_CCAA,GEN_TASAS_TRABAJO,GEN_TASAS_RESIDENCIA,POR_DEFECTO) values (SQ_CONF_AUTORIZACIONES.NEXTVAL,'00003','LDE','RDE','S','S','S','N','N','S','S','N');
Insert into CONFIGURACION_AUTORIZACIONES (ID_CFG_AUTORIZACIONES,TIPO_COMPETENCIA,COD_PERMISO,COD_VIA,ALTA_EXPEDIENTES,MOD_EXPEDIENTES,RES_EXPEDIENTE,RES_PROPUESTA_AGE,RES_PROPUESTA_CCAA,GEN_TASAS_TRABAJO,GEN_TASAS_RESIDENCIA,POR_DEFECTO) values (SQ_CONF_AUTORIZACIONES.NEXTVAL,'00003','LDE','RDL','S','S','S','N','N','S','S','N');
Insert into CONFIGURACION_AUTORIZACIONES (ID_CFG_AUTORIZACIONES,TIPO_COMPETENCIA,COD_PERMISO,COD_VIA,ALTA_EXPEDIENTES,MOD_EXPEDIENTES,RES_EXPEDIENTE,RES_PROPUESTA_AGE,RES_PROPUESTA_CCAA,GEN_TASAS_TRABAJO,GEN_TASAS_RESIDENCIA,POR_DEFECTO) values (SQ_CONF_AUTORIZACIONES.NEXTVAL,'00003','LDE','RDM','S','S','S','N','N','S','S','N');
Insert into CONFIGURACION_AUTORIZACIONES (ID_CFG_AUTORIZACIONES,TIPO_COMPETENCIA,COD_PERMISO,COD_VIA,ALTA_EXPEDIENTES,MOD_EXPEDIENTES,RES_EXPEDIENTE,RES_PROPUESTA_AGE,RES_PROPUESTA_CCAA,GEN_TASAS_TRABAJO,GEN_TASAS_RESIDENCIA,POR_DEFECTO) values (SQ_CONF_AUTORIZACIONES.NEXTVAL,'00003','LDE','RDN','S','S','S','N','N','S','S','N');
Insert into CONFIGURACION_AUTORIZACIONES (ID_CFG_AUTORIZACIONES,TIPO_COMPETENCIA,COD_PERMISO,COD_VIA,ALTA_EXPEDIENTES,MOD_EXPEDIENTES,RES_EXPEDIENTE,RES_PROPUESTA_AGE,RES_PROPUESTA_CCAA,GEN_TASAS_TRABAJO,GEN_TASAS_RESIDENCIA,POR_DEFECTO) values (SQ_CONF_AUTORIZACIONES.NEXTVAL,'00003','LDE','RDO','S','S','S','N','N','S','S','N');
Insert into CONFIGURACION_AUTORIZACIONES (ID_CFG_AUTORIZACIONES,TIPO_COMPETENCIA,COD_PERMISO,COD_VIA,ALTA_EXPEDIENTES,MOD_EXPEDIENTES,RES_EXPEDIENTE,RES_PROPUESTA_AGE,RES_PROPUESTA_CCAA,GEN_TASAS_TRABAJO,GEN_TASAS_RESIDENCIA,POR_DEFECTO) values (SQ_CONF_AUTORIZACIONES.NEXTVAL,'00003','LDE','RDP','S','S','S','N','N','S','S','N');
Insert into CONFIGURACION_AUTORIZACIONES (ID_CFG_AUTORIZACIONES,TIPO_COMPETENCIA,COD_PERMISO,COD_VIA,ALTA_EXPEDIENTES,MOD_EXPEDIENTES,RES_EXPEDIENTE,RES_PROPUESTA_AGE,RES_PROPUESTA_CCAA,GEN_TASAS_TRABAJO,GEN_TASAS_RESIDENCIA,POR_DEFECTO) values (SQ_CONF_AUTORIZACIONES.NEXTVAL,'00003','LDR','RDQ','S','S','S','N','N','S','S','N');
Insert into CONFIGURACION_AUTORIZACIONES (ID_CFG_AUTORIZACIONES,TIPO_COMPETENCIA,COD_PERMISO,COD_VIA,ALTA_EXPEDIENTES,MOD_EXPEDIENTES,RES_EXPEDIENTE,RES_PROPUESTA_AGE,RES_PROPUESTA_CCAA,GEN_TASAS_TRABAJO,GEN_TASAS_RESIDENCIA,POR_DEFECTO) values (SQ_CONF_AUTORIZACIONES.NEXTVAL,'00003','LDR','RDR','S','S','S','N','N','S','S','N');
Insert into CONFIGURACION_AUTORIZACIONES (ID_CFG_AUTORIZACIONES,TIPO_COMPETENCIA,COD_PERMISO,COD_VIA,ALTA_EXPEDIENTES,MOD_EXPEDIENTES,RES_EXPEDIENTE,RES_PROPUESTA_AGE,RES_PROPUESTA_CCAA,GEN_TASAS_TRABAJO,GEN_TASAS_RESIDENCIA,POR_DEFECTO) values (SQ_CONF_AUTORIZACIONES.NEXTVAL,'00003','LDE','RDT','S','S','S','N','N','S','S','N');
Insert into CONFIGURACION_AUTORIZACIONES (ID_CFG_AUTORIZACIONES,TIPO_COMPETENCIA,COD_PERMISO,COD_VIA,ALTA_EXPEDIENTES,MOD_EXPEDIENTES,RES_EXPEDIENTE,RES_PROPUESTA_AGE,RES_PROPUESTA_CCAA,GEN_TASAS_TRABAJO,GEN_TASAS_RESIDENCIA,POR_DEFECTO) values (SQ_CONF_AUTORIZACIONES.NEXTVAL,'00003','LDE','RDU','S','S','S','N','N','S','S','N');
Insert into CONFIGURACION_AUTORIZACIONES (ID_CFG_AUTORIZACIONES,TIPO_COMPETENCIA,COD_PERMISO,COD_VIA,ALTA_EXPEDIENTES,MOD_EXPEDIENTES,RES_EXPEDIENTE,RES_PROPUESTA_AGE,RES_PROPUESTA_CCAA,GEN_TASAS_TRABAJO,GEN_TASAS_RESIDENCIA,POR_DEFECTO) values (SQ_CONF_AUTORIZACIONES.NEXTVAL,'00003','LUR','RDV','S','S','S','N','N','S','S','N');
Insert into CONFIGURACION_AUTORIZACIONES (ID_CFG_AUTORIZACIONES,TIPO_COMPETENCIA,COD_PERMISO,COD_VIA,ALTA_EXPEDIENTES,MOD_EXPEDIENTES,RES_EXPEDIENTE,RES_PROPUESTA_AGE,RES_PROPUESTA_CCAA,GEN_TASAS_TRABAJO,GEN_TASAS_RESIDENCIA,POR_DEFECTO) values (SQ_CONF_AUTORIZACIONES.NEXTVAL,'00003','LDR','RDX','S','S','S','N','N','S','S','N');
Insert into CONFIGURACION_AUTORIZACIONES (ID_CFG_AUTORIZACIONES,TIPO_COMPETENCIA,COD_PERMISO,COD_VIA,ALTA_EXPEDIENTES,MOD_EXPEDIENTES,RES_EXPEDIENTE,RES_PROPUESTA_AGE,RES_PROPUESTA_CCAA,GEN_TASAS_TRABAJO,GEN_TASAS_RESIDENCIA,POR_DEFECTO) values (SQ_CONF_AUTORIZACIONES.NEXTVAL,'00003','LUE','RUE','S','S','S','N','N','S','S','N');
Insert into CONFIGURACION_AUTORIZACIONES (ID_CFG_AUTORIZACIONES,TIPO_COMPETENCIA,COD_PERMISO,COD_VIA,ALTA_EXPEDIENTES,MOD_EXPEDIENTES,RES_EXPEDIENTE,RES_PROPUESTA_AGE,RES_PROPUESTA_CCAA,GEN_TASAS_TRABAJO,GEN_TASAS_RESIDENCIA,POR_DEFECTO) values (SQ_CONF_AUTORIZACIONES.NEXTVAL,'00003','LUE','RUO','S','S','S','N','N','S','S','N');
Insert into CONFIGURACION_AUTORIZACIONES (ID_CFG_AUTORIZACIONES,TIPO_COMPETENCIA,COD_PERMISO,COD_VIA,ALTA_EXPEDIENTES,MOD_EXPEDIENTES,RES_EXPEDIENTE,RES_PROPUESTA_AGE,RES_PROPUESTA_CCAA,GEN_TASAS_TRABAJO,GEN_TASAS_RESIDENCIA,POR_DEFECTO) values (SQ_CONF_AUTORIZACIONES.NEXTVAL,'00003','LUE','RUP','S','S','S','N','N','S','S','N');
Insert into CONFIGURACION_AUTORIZACIONES (ID_CFG_AUTORIZACIONES,TIPO_COMPETENCIA,COD_PERMISO,COD_VIA,ALTA_EXPEDIENTES,MOD_EXPEDIENTES,RES_EXPEDIENTE,RES_PROPUESTA_AGE,RES_PROPUESTA_CCAA,GEN_TASAS_TRABAJO,GEN_TASAS_RESIDENCIA,POR_DEFECTO) values (SQ_CONF_AUTORIZACIONES.NEXTVAL,'00003','LUR','RUR','S','S','S','N','N','S','S','N');
Insert into CONFIGURACION_AUTORIZACIONES (ID_CFG_AUTORIZACIONES,TIPO_COMPETENCIA,COD_PERMISO,COD_VIA,ALTA_EXPEDIENTES,MOD_EXPEDIENTES,RES_EXPEDIENTE,RES_PROPUESTA_AGE,RES_PROPUESTA_CCAA,GEN_TASAS_TRABAJO,GEN_TASAS_RESIDENCIA,POR_DEFECTO) values (SQ_CONF_AUTORIZACIONES.NEXTVAL,'00003','LUR','RUV','S','S','S','N','N','S','S','N');
Insert into CONFIGURACION_AUTORIZACIONES (ID_CFG_AUTORIZACIONES,TIPO_COMPETENCIA,COD_PERMISO,COD_VIA,ALTA_EXPEDIENTES,MOD_EXPEDIENTES,RES_EXPEDIENTE,RES_PROPUESTA_AGE,RES_PROPUESTA_CCAA,GEN_TASAS_TRABAJO,GEN_TASAS_RESIDENCIA,POR_DEFECTO) values (SQ_CONF_AUTORIZACIONES.NEXTVAL,'00003','LUE','RUZ','S','S','S','N','N','S','S','N');


commit;


-- EX19

-- PERMISOS


Insert into PERMISOS (EPEPER,EPENOM,EPELUC,EPECOM,EPECAP,EPEFCO,EPEFEX,EPERES,EPEVAL,EPEGRP,EPETIP,EPEFLAGS,EPEVIA,EPEMVA,EPEREG,EPECARTASMTAS,EPENOMBRESEDE,EXCLUDESEDE) values ('TTF','TARJETA DE RESIDENCIA TEMPORAL DE FAMILIAR DE LA UE','N',' ','N',' ',' ','S','S','PER','RE','SSNCSNNSNNNNSNN','FA1','12','RD1155','S',null,'N');
Insert into PERMISOS (EPEPER,EPENOM,EPELUC,EPECOM,EPECAP,EPEFCO,EPEFEX,EPERES,EPEVAL,EPEGRP,EPETIP,EPEFLAGS,EPEVIA,EPEMVA,EPEREG,EPECARTASMTAS,EPENOMBRESEDE,EXCLUDESEDE) values ('TPF','TARJETA DE RESIDENCIA PERMANENTE DE FAMILIAR DE LA UE','N',' ','N',' ',' ','S','S','PER','RE','SSNCSNNSNNNNSNN','FA1','12','RD1155','S',null,'N');


-- VIA_ACCESO

Insert into VIA_ACCESO (EVICOD,EVIDES,EVICER,EVIGEN) values ('SGA','SUPUESTO GENERAL (ART.8.5) RFC','N','S');
Insert into VIA_ACCESO (EVICOD,EVIDES,EVICER,EVIGEN) values ('RET','RENOVACIÓN TARJETA < 5 AÑOS RFR','N','S');
Insert into VIA_ACCESO (EVICOD,EVIDES,EVICER,EVIGEN) values ('MAN','MANTENIMIENTO (ART.9 ) RFM','N','S');
Insert into VIA_ACCESO (EVICOD,EVIDES,EVICER,EVIGEN) values ('REC','RESIDENCIA CONTINUADA  DE 5 AÑOS ( ART 10.1) RFP','N','S');

-- AUTORIZAC
Insert into AUTORIZAC (AUTCOD,AUTDES,AUTFLAGS,AUTVAL,AUTGRP,AUTCLA,AUTMOD,AUTTIP,AUTDES_CAT,AUTDES_CAT_CAS,AUTDES_UMI,AUTJERAR,AUTCLAS) values ('N0I000','TARJETA DE RESIDENCIA TEMPORAL DE FAMILIAR DE LA UE - Supuesto general (art.8.5) RFC',null,'S',null,null,null,null,null,null,null,null,null);
Insert into AUTORIZAC (AUTCOD,AUTDES,AUTFLAGS,AUTVAL,AUTGRP,AUTCLA,AUTMOD,AUTTIP,AUTDES_CAT,AUTDES_CAT_CAS,AUTDES_UMI,AUTJERAR,AUTCLAS) values ('N0R000','TARJETA DE RESIDENCIA TEMPORAL DE FAMILIAR DE LA UE	RENOVACIÓN - tarjeta < 5 años RFR',null,'S',null,null,null,null,null,null,null,null,null);
Insert into AUTORIZAC (AUTCOD,AUTDES,AUTFLAGS,AUTVAL,AUTGRP,AUTCLA,AUTMOD,AUTTIP,AUTDES_CAT,AUTDES_CAT_CAS,AUTDES_UMI,AUTJERAR,AUTCLAS) values ('N0M000','TARJETA DE RESIDENCIA TEMPORAL DE FAMILIAR DE LA UE - MANTENIMIENTO (art.9 ) RFM',null,'S',null,null,null,null,null,null,null,null,null);
Insert into AUTORIZAC (AUTCOD,AUTDES,AUTFLAGS,AUTVAL,AUTGRP,AUTCLA,AUTMOD,AUTTIP,AUTDES_CAT,AUTDES_CAT_CAS,AUTDES_UMI,AUTJERAR,AUTCLAS) values ('N0P000','TARJETA DE RESIDENCIA PERMANENTE DE FAMILIAR DE LA UE - Residencia continuada  de 5 años ( art 10.1) RFP',null,'S',null,null,null,null,null,null,null,null,null);


-- VIA_PERMISO

Insert into VIA_PERMISO (EVPPER,EVPVIA,EVPFLAGS,EVPVAL,EVPMTAS,EVPFECINI,EVPFECFIN,EVPFORMULARIO,EVPESCCOS,EVPFGR,EVPVERRES,CODIGO_SIA,IGUALDAD,EVPDGPTJ,EVPETIQUETAFAM,EVPPROMOTOR,EVPTRANSFRONTERIZO,EVPFAMILIAR,EVPNACIONALIDAD,EVPNIVELESTUDIOS,EVPCENTROESTUDIOS,EVPAMBITO,EVPVISADODESCESP,EVPRECUPERALD,EVPIGUALDAD,EVPTIPOTITULAR,EVPRESSINPAGTASR,EVPNSOPORTEUE,EVPCNED,EVPADJDOCRESUELTO,EVPPERMANENTE,EVPNUMPLAZO,EVPTIPPLAZO,EVPTIPESTIMACION,EVPLEYENDA,EVPINITASAS) values ('TTF','SGA','S12LNASSNNNNNNCDNNSNN O S              A','S','N0I000',to_date('20/05/25','DD/MM/RR'),null,'EX19','S',to_date('11/04/25','DD/MM/RR'),'S','201321','N','S','F','N','N','N',null,'N','N',null,'N','N','N','G','E','N','N','N','S','3','M','D','N','S');
Insert into VIA_PERMISO (EVPPER,EVPVIA,EVPFLAGS,EVPVAL,EVPMTAS,EVPFECINI,EVPFECFIN,EVPFORMULARIO,EVPESCCOS,EVPFGR,EVPVERRES,CODIGO_SIA,IGUALDAD,EVPDGPTJ,EVPETIQUETAFAM,EVPPROMOTOR,EVPTRANSFRONTERIZO,EVPFAMILIAR,EVPNACIONALIDAD,EVPNIVELESTUDIOS,EVPCENTROESTUDIOS,EVPAMBITO,EVPVISADODESCESP,EVPRECUPERALD,EVPIGUALDAD,EVPTIPOTITULAR,EVPRESSINPAGTASR,EVPNSOPORTEUE,EVPCNED,EVPADJDOCRESUELTO,EVPPERMANENTE,EVPNUMPLAZO,EVPTIPPLAZO,EVPTIPESTIMACION,EVPLEYENDA,EVPINITASAS) values ('TTF','RET','S12LNASSNNNNNNCDNNSNN O S              A','S','N0R000',to_date('20/05/25','DD/MM/RR'),null,'EX19','S',to_date('11/04/25','DD/MM/RR'),'S','201321','N','S','F','N','N','N',null,'N','N',null,'N','N','N','G','E','N','N','N','S','3','M','D','N','S');
Insert into VIA_PERMISO (EVPPER,EVPVIA,EVPFLAGS,EVPVAL,EVPMTAS,EVPFECINI,EVPFECFIN,EVPFORMULARIO,EVPESCCOS,EVPFGR,EVPVERRES,CODIGO_SIA,IGUALDAD,EVPDGPTJ,EVPETIQUETAFAM,EVPPROMOTOR,EVPTRANSFRONTERIZO,EVPFAMILIAR,EVPNACIONALIDAD,EVPNIVELESTUDIOS,EVPCENTROESTUDIOS,EVPAMBITO,EVPVISADODESCESP,EVPRECUPERALD,EVPIGUALDAD,EVPTIPOTITULAR,EVPRESSINPAGTASR,EVPNSOPORTEUE,EVPCNED,EVPADJDOCRESUELTO,EVPPERMANENTE,EVPNUMPLAZO,EVPTIPPLAZO,EVPTIPESTIMACION,EVPLEYENDA,EVPINITASAS) values ('TTF','MAN','S12LNASSNNNNNNCDNNSNN O S              A','S','N0M000',to_date('20/05/25','DD/MM/RR'),null,'EX19','S',to_date('11/04/25','DD/MM/RR'),'S','201321','N','S','F','N','N','N',null,'N','N',null,'N','N','N','G','E','N','N','N','S','3','M','D','N','S');
Insert into VIA_PERMISO (EVPPER,EVPVIA,EVPFLAGS,EVPVAL,EVPMTAS,EVPFECINI,EVPFECFIN,EVPFORMULARIO,EVPESCCOS,EVPFGR,EVPVERRES,CODIGO_SIA,IGUALDAD,EVPDGPTJ,EVPETIQUETAFAM,EVPPROMOTOR,EVPTRANSFRONTERIZO,EVPFAMILIAR,EVPNACIONALIDAD,EVPNIVELESTUDIOS,EVPCENTROESTUDIOS,EVPAMBITO,EVPVISADODESCESP,EVPRECUPERALD,EVPIGUALDAD,EVPTIPOTITULAR,EVPRESSINPAGTASR,EVPNSOPORTEUE,EVPCNED,EVPADJDOCRESUELTO,EVPPERMANENTE,EVPNUMPLAZO,EVPTIPPLAZO,EVPTIPESTIMACION,EVPLEYENDA,EVPINITASAS) values ('TPF','REC','S12LNASSNNNNNNCDNNSNN O S              A','S','N0P000',to_date('20/05/25','DD/MM/RR'),null,'EX19','S',to_date('11/04/25','DD/MM/RR'),'S','201321','N','S','F','N','N','N',null,'N','N',null,'N','N','N','G','E','N','N','N','S','3','M','D','N','S');

-- CONFIGURACION_AUTORIZACIONES

Insert into CONFIGURACION_AUTORIZACIONES (ID_CFG_AUTORIZACIONES,TIPO_COMPETENCIA,COD_PERMISO,COD_VIA,ALTA_EXPEDIENTES,MOD_EXPEDIENTES,RES_EXPEDIENTE,RES_PROPUESTA_AGE,RES_PROPUESTA_CCAA,GEN_TASAS_TRABAJO,GEN_TASAS_RESIDENCIA,POR_DEFECTO) values (SQ_CONF_AUTORIZACIONES.NEXTVAL,'00002','TTF','SGA','S','S','S','N','N','S','S','N');
Insert into CONFIGURACION_AUTORIZACIONES (ID_CFG_AUTORIZACIONES,TIPO_COMPETENCIA,COD_PERMISO,COD_VIA,ALTA_EXPEDIENTES,MOD_EXPEDIENTES,RES_EXPEDIENTE,RES_PROPUESTA_AGE,RES_PROPUESTA_CCAA,GEN_TASAS_TRABAJO,GEN_TASAS_RESIDENCIA,POR_DEFECTO) values (SQ_CONF_AUTORIZACIONES.NEXTVAL,'00002','TTF','RET','S','S','S','N','N','S','S','N');
Insert into CONFIGURACION_AUTORIZACIONES (ID_CFG_AUTORIZACIONES,TIPO_COMPETENCIA,COD_PERMISO,COD_VIA,ALTA_EXPEDIENTES,MOD_EXPEDIENTES,RES_EXPEDIENTE,RES_PROPUESTA_AGE,RES_PROPUESTA_CCAA,GEN_TASAS_TRABAJO,GEN_TASAS_RESIDENCIA,POR_DEFECTO) values (SQ_CONF_AUTORIZACIONES.NEXTVAL,'00002','TTF','MAN','S','S','S','N','N','S','S','N');
Insert into CONFIGURACION_AUTORIZACIONES (ID_CFG_AUTORIZACIONES,TIPO_COMPETENCIA,COD_PERMISO,COD_VIA,ALTA_EXPEDIENTES,MOD_EXPEDIENTES,RES_EXPEDIENTE,RES_PROPUESTA_AGE,RES_PROPUESTA_CCAA,GEN_TASAS_TRABAJO,GEN_TASAS_RESIDENCIA,POR_DEFECTO) values (SQ_CONF_AUTORIZACIONES.NEXTVAL,'00002','TPF','REC','S','S','S','N','N','S','S','N');
Insert into CONFIGURACION_AUTORIZACIONES (ID_CFG_AUTORIZACIONES,TIPO_COMPETENCIA,COD_PERMISO,COD_VIA,ALTA_EXPEDIENTES,MOD_EXPEDIENTES,RES_EXPEDIENTE,RES_PROPUESTA_AGE,RES_PROPUESTA_CCAA,GEN_TASAS_TRABAJO,GEN_TASAS_RESIDENCIA,POR_DEFECTO) values (SQ_CONF_AUTORIZACIONES.NEXTVAL,'00003','TTF','SGA','S','S','S','N','N','S','S','N');
Insert into CONFIGURACION_AUTORIZACIONES (ID_CFG_AUTORIZACIONES,TIPO_COMPETENCIA,COD_PERMISO,COD_VIA,ALTA_EXPEDIENTES,MOD_EXPEDIENTES,RES_EXPEDIENTE,RES_PROPUESTA_AGE,RES_PROPUESTA_CCAA,GEN_TASAS_TRABAJO,GEN_TASAS_RESIDENCIA,POR_DEFECTO) values (SQ_CONF_AUTORIZACIONES.NEXTVAL,'00003','TTF','RET','S','S','S','N','N','S','S','N');
Insert into CONFIGURACION_AUTORIZACIONES (ID_CFG_AUTORIZACIONES,TIPO_COMPETENCIA,COD_PERMISO,COD_VIA,ALTA_EXPEDIENTES,MOD_EXPEDIENTES,RES_EXPEDIENTE,RES_PROPUESTA_AGE,RES_PROPUESTA_CCAA,GEN_TASAS_TRABAJO,GEN_TASAS_RESIDENCIA,POR_DEFECTO) values (SQ_CONF_AUTORIZACIONES.NEXTVAL,'00003','TTF','MAN','S','S','S','N','N','S','S','N');
Insert into CONFIGURACION_AUTORIZACIONES (ID_CFG_AUTORIZACIONES,TIPO_COMPETENCIA,COD_PERMISO,COD_VIA,ALTA_EXPEDIENTES,MOD_EXPEDIENTES,RES_EXPEDIENTE,RES_PROPUESTA_AGE,RES_PROPUESTA_CCAA,GEN_TASAS_TRABAJO,GEN_TASAS_RESIDENCIA,POR_DEFECTO) values (SQ_CONF_AUTORIZACIONES.NEXTVAL,'00003','TPF','REC','S','S','S','N','N','S','S','N');

commit;

-- EX03

-- PERMISOS

Insert into PERMISOS (EPEPER,EPENOM,EPELUC,EPECOM,EPECAP,EPEFCO,EPEFEX,EPERES,EPEVAL,EPEGRP,EPETIP,EPEFLAGS,EPEVIA,EPEMVA,EPEREG,EPECARTASMTAS,EPENOMBRESEDE,EXCLUDESEDE) values ('KAI','RESIDENCIA TEMPORAL Y TRABAJO CUENTA AJENA INICIAL','N',' ','N',' ',' ','S','S','PER','RE','SSNCSNNSNNNNSNN','FA1','12','RD1155','S',null,'N');
Insert into PERMISOS (EPEPER,EPENOM,EPELUC,EPECOM,EPECAP,EPEFCO,EPEFEX,EPERES,EPEVAL,EPEGRP,EPETIP,EPEFLAGS,EPEVIA,EPEMVA,EPEREG,EPECARTASMTAS,EPENOMBRESEDE,EXCLUDESEDE) values ('ATI','AUTORIZACIÓN PARA TRABAJAR POR CUENTA AJENA Y PROPIA INICIAL','N',' ','N',' ',' ','S','S','PER','RE','SSNCSNNSNNNNSNN','FA1','12','RD1155','S',null,'N');
Insert into PERMISOS (EPEPER,EPENOM,EPELUC,EPECOM,EPECAP,EPEFCO,EPEFEX,EPERES,EPEVAL,EPEGRP,EPETIP,EPEFLAGS,EPEVIA,EPEMVA,EPEREG,EPECARTASMTAS,EPENOMBRESEDE,EXCLUDESEDE) values ('AAI','AUTORIZACIÓN PARA TRABAJAR POR CUENTA AJENA INICIAL','N',' ','N',' ',' ','S','S','PER','RE','SSNCSNNSNNNNSNN','FA1','12','RD1155','S',null,'N');
Insert into PERMISOS (EPEPER,EPENOM,EPELUC,EPECOM,EPECAP,EPEFCO,EPEFEX,EPERES,EPEVAL,EPEGRP,EPETIP,EPEFLAGS,EPEVIA,EPEMVA,EPEREG,EPECARTASMTAS,EPENOMBRESEDE,EXCLUDESEDE) values ('KA4','RENOVACIÓN RESIDENCIA TEMPORAL Y TRABAJO CUENTA AJENA CON 4 AÑOS DE DURACIÓN','N',' ','N',' ',' ','S','S','PER','RE','SSNCSNNSNNNNSNN','FA1','12','RD1155','S',null,'N');
Insert into PERMISOS (EPEPER,EPENOM,EPELUC,EPECOM,EPECAP,EPEFCO,EPEFEX,EPERES,EPEVAL,EPEGRP,EPETIP,EPEFLAGS,EPEVIA,EPEMVA,EPEREG,EPECARTASMTAS,EPENOMBRESEDE,EXCLUDESEDE) values ('KA1','RENOVACIÓN RESIDENCIA TEMPORAL Y TRABAJO CUENTA AJENA CON 1 AÑO DE DURACIÓN','N',' ','N',' ',' ','S','S','PER','RE','SSNCSNNSNNNNSNN','FA1','12','RD1155','S',null,'N');
Insert into PERMISOS (EPEPER,EPENOM,EPELUC,EPECOM,EPECAP,EPEFCO,EPEFEX,EPERES,EPEVAL,EPEGRP,EPETIP,EPEFLAGS,EPEVIA,EPEMVA,EPEREG,EPECARTASMTAS,EPENOMBRESEDE,EXCLUDESEDE) values ('AAR','AUTORIZACIÓN PARA TRABAJAR POR CUENTA AJENA PRORROGADA','N',' ','N',' ',' ','S','S','PER','RE','SSNCSNNSNNNNSNN','FA1','12','RD1155','S',null,'N');
Insert into PERMISOS (EPEPER,EPENOM,EPELUC,EPECOM,EPECAP,EPEFCO,EPEFEX,EPERES,EPEVAL,EPEGRP,EPETIP,EPEFLAGS,EPEVIA,EPEMVA,EPEREG,EPECARTASMTAS,EPENOMBRESEDE,EXCLUDESEDE) values ('AT3','AUTORIZACIÓN PARA TRABAJAR POR CUENTA AJENA Y PROPIA PRORROGADA','N',' ','N',' ',' ','S','S','PER','RE','SSNCSNNSNNNNSNN','FA1','12','RD1155','S',null,'N');

-- VIA_ACCESO
INSERT INTO VIA_ACCESO (EVICOD,EVIDES,EVICER,EVIGEN) VALUES ('EXA','EXENCION SITUACIÓN NACIONAL DE EMPLEO (ART.40.1 LOEX) - CONTRATO >= 1 AÑO','N','S');
INSERT INTO VIA_ACCESO (EVICOD,EVIDES,EVICER,EVIGEN) VALUES ('EXB','EXENCION SITUACIÓN NACIONAL DE EMPLEO (ART.40.1 LOEX) - CONTRATO < 1 AÑO','N','S');
INSERT INTO VIA_ACCESO (EVICOD,EVIDES,EVICER,EVIGEN) VALUES ('EXC','EXENCIÓN DE LA SITUACIÓN NACIONAL DE EMPLEO POR NACIONALES CONVENIOS INTERNACIONALES (CHILE Y PERÚ) DEL ART. 74.2 RD 1155/2025 - CONTRATO >= 1 AÑO','N','S');
INSERT INTO VIA_ACCESO (EVICOD,EVIDES,EVICER,EVIGEN) VALUES ('EXD','EXENCIÓN DE LA SITUACIÓN NACIONAL DE EMPLEO POR NACIONALES CONVENIOS INTERNACIONALES (CHILE Y PERÚ) DEL ART. 74.2 RD 1155/2025 - CONTRATO < 1 AÑO','N','S');
INSERT INTO VIA_ACCESO (EVICOD,EVIDES,EVICER,EVIGEN) VALUES ('ODA','OCUPACIÓN DE DIFÍCIL COBERTURA - CONTRATO >= 1 AÑO','N','S');
INSERT INTO VIA_ACCESO (EVICOD,EVIDES,EVICER,EVIGEN) VALUES ('ODB','OCUPACIÓN DE DIFÍCIL COBERTURA - CONTRATO < 1 AÑO','N','S');
INSERT INTO VIA_ACCESO (EVICOD,EVIDES,EVICER,EVIGEN) VALUES ('OGA','OFERTA GESTIONADA EN SERVICIO PÚBLICO DE EMPLEO - CONTRATO >= 1 AÑO','N','S');
INSERT INTO VIA_ACCESO (EVICOD,EVIDES,EVICER,EVIGEN) VALUES ('OGB','OFERTA GESTIONADA EN SERVICIO PÚBLICO DE EMPLEO - CONTRATO < 1 AÑO','N','S');
INSERT INTO VIA_ACCESO (EVICOD,EVIDES,EVICER,EVIGEN) VALUES ('EA0','PERSONAS EXTRANJERAS ACOGIDAS A INSTRUCCIONES DICTADAS POR CONSEJO DE MINISTROS (DA 2ª.1) - DEPORTISTAS PROFESIONALES (ACUERDO Cº Mº 2005) (CONTRATO >= 1 AÑO)','N','S');
INSERT INTO VIA_ACCESO (EVICOD,EVIDES,EVICER,EVIGEN) VALUES ('EA1','PERSONAS EXTRANJERAS ACOGIDAS A INSTRUCCIONES DICTADAS POR CONSEJO DE MINISTROS (DA 2ª.1) - DEPORTISTAS PROFESIONALES (ACUERDO Cº Mº 2005) (CONTRATO < 1 AÑO)','N','S');
INSERT INTO VIA_ACCESO (EVICOD,EVIDES,EVICER,EVIGEN) VALUES ('EA2','PERSONAS EXTRANJERAS ACOGIDAS A INSTRUCCIONES DICTADAS POR CONSEJO DE MINISTROS (DA 2ª.1) - ENROLADO EN BUQUE ESPAÑOL MARINA MERCANTE (ACUERDO Cº Mº 2007) (CONTRATO >= 1 AÑO)','N','S');
INSERT INTO VIA_ACCESO (EVICOD,EVIDES,EVICER,EVIGEN) VALUES ('EA3','PERSONAS EXTRANJERAS ACOGIDAS A INSTRUCCIONES DICTADAS POR CONSEJO DE MINISTROS (DA 2ª.1) - ENROLADO EN BUQUE ESPAÑOL MARINA MERCANTE (ACUERDO Cº Mº 2007) (CONTRATO < 1 AÑO)','N','S');
INSERT INTO VIA_ACCESO (EVICOD,EVIDES,EVICER,EVIGEN) VALUES ('EA4','PERSONAS EXTRANJERAS ACOGIDAS A INSTRUCCIONES DICTADAS POR CONSEJO DE MINISTROS (DA 2ª.1) - ENROLADO EN BUQUE ESPAÑOL SIN ACUERDO INTERNACIONAL PESCA (ACUERDO Cº Mº 2019) (CONTRATO >= 1 AÑO)','N','S');
INSERT INTO VIA_ACCESO (EVICOD,EVIDES,EVICER,EVIGEN) VALUES ('EA5','PERSONAS EXTRANJERAS ACOGIDAS A INSTRUCCIONES DICTADAS POR CONSEJO DE MINISTROS (DA 2ª.1) - ENROLADO EN BUQUE ESPAÑOL SIN ACUERDO INTERNACIONAL PESCA (ACUERDO Cº Mº 2019) (CONTRATO < 1 AÑO)','N','S');
INSERT INTO VIA_ACCESO (EVICOD,EVIDES,EVICER,EVIGEN) VALUES ('IPA','RESOLUCIÓN DE LA DIRECCIÓN GENERAL DE INSTITUCIONES PENITENCIARIAS/AUTO DEL JUEZ DE VIGILANCIA PENITENCIARIA CALIFICANDO EL TERCER GRADO O CONCEDIENDO LA LIBERTAD CONDICIONAL (ACUERDO CONSEJO DE MINISTROS 1 DE JULIO DE 2005)','N','S');
INSERT INTO VIA_ACCESO (EVICOD,EVIDES,EVICER,EVIGEN) VALUES ('EFC','PERSONAS EXTRANJERAS  ACOGIDOS A CONVENIOS/ACUERDOS INTERNACIONALES  - NACIONAL ANDORRANO','N','S');
INSERT INTO VIA_ACCESO (EVICOD,EVIDES,EVICER,EVIGEN) VALUES ('SGT','SUPUESTO GENERAL TRABAJADOR TRANSFRONTERIZO (ART. 157)','N','S');
INSERT INTO VIA_ACCESO (EVICOD,EVIDES,EVICER,EVIGEN) VALUES ('IG0','CAMBIO DE EMPLEADOR POR INCUMPLIMIENTO GRAVE DE LAS OBLIGACIONES ESTABLECIDAS EN EL CONTRATO DE TRABAJO (ART.79.2) - AUTORIZACIÓN ANTERIOR = 1 AÑO','N','S');
INSERT INTO VIA_ACCESO (EVICOD,EVIDES,EVICER,EVIGEN) VALUES ('IG1','CAMBIO DE EMPLEADOR POR INCUMPLIMIENTO GRAVE DE LAS OBLIGACIONES ESTABLECIDAS EN EL CONTRATO DE TRABAJO (ART.79.2) - AUTORIZACIÓN ANTERIOR < 1 AÑO','N','S');
INSERT INTO VIA_ACCESO (EVICOD,EVIDES,EVICER,EVIGEN) VALUES ('CE0','CAMBIO DE EMPLEADOR POR CIRCUNSTANCIAS SOBREVENIDAS, AJENAS A LA VOLUNTAD DE LA PERSONA EMPLEADORA (ART.79.3)  - AUTORIZACIÓN ANTERIOR = 1 AÑO','N','S');
INSERT INTO VIA_ACCESO (EVICOD,EVIDES,EVICER,EVIGEN) VALUES ('CE1','CAMBIO DE EMPLEADOR POR CIRCUNSTANCIAS SOBREVENIDAS, AJENAS A LA VOLUNTAD DE LA PERSONA EMPLEADORA (ART.79.3)  - AUTORIZACIÓN ANTERIOR < 1 AÑO','N','S');
INSERT INTO VIA_ACCESO (EVICOD,EVIDES,EVICER,EVIGEN) VALUES ('SG0','TITULAR DE AUTORIZACIÓN DE RESIDENCIA TEMPORAL Y TRABAJO CUENTA AJENA INICIAL - SUPUESTO GENERAL ARTÍCULO 81.1 VIGENCIA ANTERIOR = 1 AÑO (PÁRRAFO 1)','N','S');
INSERT INTO VIA_ACCESO (EVICOD,EVIDES,EVICER,EVIGEN) VALUES ('SG1','TITULAR DE AUTORIZACIÓN DE RESIDENCIA TEMPORAL Y TRABAJO CUENTA AJENA INICIAL - SUPUESTO GENERAL ARTÍCULO 81.1 VIGENCIA ANTERIOR < 1 AÑO (PÁRRAFO 2)','N','S');
INSERT INTO VIA_ACCESO (EVICOD,EVIDES,EVICER,EVIGEN) VALUES ('BP0','TITULAR DE AUTORIZACIÓN DE RESIDENCIA TEMPORAL Y TRABAJO CUENTA AJENA INICIAL - BENEFICIARIO DE PRESTACIÓN CONTRIBUTIVA POR DESEMPLEO O ASISTENCIAL (ART. 80.2.C) VIGENCIA ANTERIOR = 1 AÑO','N','S');
INSERT INTO VIA_ACCESO (EVICOD,EVIDES,EVICER,EVIGEN) VALUES ('BP1','TITULAR DE AUTORIZACIÓN DE RESIDENCIA TEMPORAL Y TRABAJO CUENTA AJENA INICIAL - BENEFICIARIO DE PRESTACIÓN CONTRIBUTIVA POR DESEMPLEO O ASISTENCIAL (ART. 80.2.C) VIGENCIA ANTERIOR < 1 AÑO','N','S');
INSERT INTO VIA_ACCESO (EVICOD,EVIDES,EVICER,EVIGEN) VALUES ('ATF','TITULAR DE AUTORIZACIÓN DE TRABAJO TRANSFRONTERIZO POR CUENTA AJENA (ART. 158.3)','N','S');
INSERT INTO VIA_ACCESO (EVICOD,EVIDES,EVICER,EVIGEN) VALUES ('IPR','RENOVACIÓN DE LA VALIDEZ DE LA RESOLUCIÓN DE LA DIRECCIÓN GENERAL DE INSTITUCIONES PENITENCIARIAS/AUTO DEL JUEZ DE VIGILANCIA PENITENCIARIA CALIFICANDO EL TERCER GRADO O CONCEDIENDO LA LIBERTAD CONDICIONAL (ACUERDO CONSEJO DE MINISTROS 1 DE JULIO 2005)','N','S');
INSERT INTO VIA_ACCESO (EVICOD,EVIDES,EVICER,EVIGEN) VALUES ('VRE','(5) TITULAR DE VISADO DE RESIDENCIA EXTRAORDINARIA OTORGADO POR EL MAEC (ART. 42)','N','S');
INSERT INTO VIA_ACCESO (EVICOD,EVIDES,EVICER,EVIGEN) VALUES ('ARE','(5) TITULAR DE AUTORIZACIÓN DE RESIDENCIA Y TRABAJO INICIAL EXTRAORDINARIA (MAEC-SEIE)  (ART. 42)','N','S');



-- AUTORIZAC

Insert into AUTORIZAC (AUTCOD,AUTDES,AUTFLAGS,AUTVAL,AUTGRP,AUTCLA,AUTMOD,AUTTIP,AUTDES_CAT,AUTDES_CAT_CAS,AUTDES_UMI,AUTJERAR,AUTCLAS) values ('B20I00','RESIDENCIA TEMPORAL Y TRABAJO CUENTA AJENA INICIAL - Exencion situación nacional de empleo (art.40.1 LOEX) - contrato >= 1 año',null,'S',null,null,null,null,null,null,null,null,null);
Insert into AUTORIZAC (AUTCOD,AUTDES,AUTFLAGS,AUTVAL,AUTGRP,AUTCLA,AUTMOD,AUTTIP,AUTDES_CAT,AUTDES_CAT_CAS,AUTDES_UMI,AUTJERAR,AUTCLAS) values ('B20I01','RESIDENCIA TEMPORAL Y TRABAJO CUENTA AJENA INICIAL - Exencion situación nacional de empleo (art.40.1 LOEX) - contrato < 1 año',null,'S',null,null,null,null,null,null,null,null,null);
Insert into AUTORIZAC (AUTCOD,AUTDES,AUTFLAGS,AUTVAL,AUTGRP,AUTCLA,AUTMOD,AUTTIP,AUTDES_CAT,AUTDES_CAT_CAS,AUTDES_UMI,AUTJERAR,AUTCLAS) values ('B20I02','RESIDENCIA TEMPORAL Y TRABAJO CUENTA AJENA INICIAL - Exención de la situación nacional de empleo por nacionales convenios internacionales (Chile y Perú) del art. 74.2 RD 1155/2025 - contrato >= 1 año',null,'S',null,null,null,null,null,null,null,null,null);
Insert into AUTORIZAC (AUTCOD,AUTDES,AUTFLAGS,AUTVAL,AUTGRP,AUTCLA,AUTMOD,AUTTIP,AUTDES_CAT,AUTDES_CAT_CAS,AUTDES_UMI,AUTJERAR,AUTCLAS) values ('B20I03','RESIDENCIA TEMPORAL Y TRABAJO CUENTA AJENA INICIAL - Exención de la situación nacional de empleo por nacionales convenios internacionales (Chile y Perú) del art. 74.2 RD 1155/2025 - contrato < 1 año',null,'S',null,null,null,null,null,null,null,null,null);
Insert into AUTORIZAC (AUTCOD,AUTDES,AUTFLAGS,AUTVAL,AUTGRP,AUTCLA,AUTMOD,AUTTIP,AUTDES_CAT,AUTDES_CAT_CAS,AUTDES_UMI,AUTJERAR,AUTCLAS) values ('B20I04','RESIDENCIA TEMPORAL Y TRABAJO CUENTA AJENA INICIAL - Ocupación de difícil cobertura - contrato >= 1 año',null,'S',null,null,null,null,null,null,null,null,null);
Insert into AUTORIZAC (AUTCOD,AUTDES,AUTFLAGS,AUTVAL,AUTGRP,AUTCLA,AUTMOD,AUTTIP,AUTDES_CAT,AUTDES_CAT_CAS,AUTDES_UMI,AUTJERAR,AUTCLAS) values ('B20I05','RESIDENCIA TEMPORAL Y TRABAJO CUENTA AJENA INICIAL - Ocupación de difícil cobertura - contrato < 1 año',null,'S',null,null,null,null,null,null,null,null,null);
Insert into AUTORIZAC (AUTCOD,AUTDES,AUTFLAGS,AUTVAL,AUTGRP,AUTCLA,AUTMOD,AUTTIP,AUTDES_CAT,AUTDES_CAT_CAS,AUTDES_UMI,AUTJERAR,AUTCLAS) values ('B20I06','RESIDENCIA TEMPORAL Y TRABAJO CUENTA AJENA INICIAL - Oferta gestionada en Servicio Público de Empleo - contrato >= 1 año',null,'S',null,null,null,null,null,null,null,null,null);
Insert into AUTORIZAC (AUTCOD,AUTDES,AUTFLAGS,AUTVAL,AUTGRP,AUTCLA,AUTMOD,AUTTIP,AUTDES_CAT,AUTDES_CAT_CAS,AUTDES_UMI,AUTJERAR,AUTCLAS) values ('B20I07','RESIDENCIA TEMPORAL Y TRABAJO CUENTA AJENA INICIAL - Oferta gestionada en Servicio Público de Empleo - contrato < 1 año',null,'S',null,null,null,null,null,null,null,null,null);
Insert into AUTORIZAC (AUTCOD,AUTDES,AUTFLAGS,AUTVAL,AUTGRP,AUTCLA,AUTMOD,AUTTIP,AUTDES_CAT,AUTDES_CAT_CAS,AUTDES_UMI,AUTJERAR,AUTCLAS) values ('B20I08','RESIDENCIA TEMPORAL Y TRABAJO CUENTA AJENA INICIAL - Personas extranjeras acogidas a Instrucciones dictadas por Consejo de Ministros (DA 2ª.1) - Deportistas profesionales (Acuerdo Cº Mº 2005) (contrato >= 1 año)',null,'S',null,null,null,null,null,null,null,null,null);
Insert into AUTORIZAC (AUTCOD,AUTDES,AUTFLAGS,AUTVAL,AUTGRP,AUTCLA,AUTMOD,AUTTIP,AUTDES_CAT,AUTDES_CAT_CAS,AUTDES_UMI,AUTJERAR,AUTCLAS) values ('B20I09','RESIDENCIA TEMPORAL Y TRABAJO CUENTA AJENA INICIAL - Personas extranjeras acogidas a Instrucciones dictadas por Consejo de Ministros (DA 2ª.1) - Deportistas profesionales (Acuerdo Cº Mº 2005) (contrato < 1 año)',null,'S',null,null,null,null,null,null,null,null,null);
Insert into AUTORIZAC (AUTCOD,AUTDES,AUTFLAGS,AUTVAL,AUTGRP,AUTCLA,AUTMOD,AUTTIP,AUTDES_CAT,AUTDES_CAT_CAS,AUTDES_UMI,AUTJERAR,AUTCLAS) values ('B20I10','RESIDENCIA TEMPORAL Y TRABAJO CUENTA AJENA INICIAL - Personas extranjeras acogidas a Instrucciones dictadas por Consejo de Ministros (DA 2ª.1) - Enrolado en buque español Marina Mercante (Acuerdo Cº Mº 2007) (contrato >= 1 año)',null,'S',null,null,null,null,null,null,null,null,null);
Insert into AUTORIZAC (AUTCOD,AUTDES,AUTFLAGS,AUTVAL,AUTGRP,AUTCLA,AUTMOD,AUTTIP,AUTDES_CAT,AUTDES_CAT_CAS,AUTDES_UMI,AUTJERAR,AUTCLAS) values ('B20I11','RESIDENCIA TEMPORAL Y TRABAJO CUENTA AJENA INICIAL - Personas extranjeras acogidas a Instrucciones dictadas por Consejo de Ministros (DA 2ª.1) - Enrolado en buque español Marina Mercante (Acuerdo Cº Mº 2007) (contrato < 1 año)',null,'S',null,null,null,null,null,null,null,null,null);
Insert into AUTORIZAC (AUTCOD,AUTDES,AUTFLAGS,AUTVAL,AUTGRP,AUTCLA,AUTMOD,AUTTIP,AUTDES_CAT,AUTDES_CAT_CAS,AUTDES_UMI,AUTJERAR,AUTCLAS) values ('B20I12','RESIDENCIA TEMPORAL Y TRABAJO CUENTA AJENA INICIAL - Personas extranjeras acogidas a Instrucciones dictadas por Consejo de Ministros (DA 2ª.1) - Enrolado en buque español sin acuerdo internacional pesca (Acuerdo Cº Mº 2019) (contrato >= 1 año)',null,'S',null,null,null,null,null,null,null,null,null);
Insert into AUTORIZAC (AUTCOD,AUTDES,AUTFLAGS,AUTVAL,AUTGRP,AUTCLA,AUTMOD,AUTTIP,AUTDES_CAT,AUTDES_CAT_CAS,AUTDES_UMI,AUTJERAR,AUTCLAS) values ('B20I13','RESIDENCIA TEMPORAL Y TRABAJO CUENTA AJENA INICIAL - Personas extranjeras acogidas a Instrucciones dictadas por Consejo de Ministros (DA 2ª.1) - Enrolado en buque español sin acuerdo internacional pesca (Acuerdo Cº Mº 2019) (contrato < 1 año)',null,'S',null,null,null,null,null,null,null,null,null);
Insert into AUTORIZAC (AUTCOD,AUTDES,AUTFLAGS,AUTVAL,AUTGRP,AUTCLA,AUTMOD,AUTTIP,AUTDES_CAT,AUTDES_CAT_CAS,AUTDES_UMI,AUTJERAR,AUTCLAS) values ('J2I000','AUTORIZACIÓN PARA TRABAJAR POR CUENTA AJENA Y PROPIA INICIAL - Resolución de la Dirección General de Instituciones Penitenciarias/Auto del Juez de Vigilancia Penitenciaria calificando el tercer grado o concediendo la libertad condicional (Acuerdo Consejo de Ministros 1 de julio de 2005)',null,'S',null,null,null,null,null,null,null,null,null);
Insert into AUTORIZAC (AUTCOD,AUTDES,AUTFLAGS,AUTVAL,AUTGRP,AUTCLA,AUTMOD,AUTTIP,AUTDES_CAT,AUTDES_CAT_CAS,AUTDES_UMI,AUTJERAR,AUTCLAS) values ('B20I14','RESIDENCIA TEMPORAL Y TRABAJO CUENTA AJENA INICIAL - Personas extranjeras  acogidos a Convenios/Acuerdos internacionales  - Nacional andorrano',null,'S',null,null,null,null,null,null,null,null,null);
Insert into AUTORIZAC (AUTCOD,AUTDES,AUTFLAGS,AUTVAL,AUTGRP,AUTCLA,AUTMOD,AUTTIP,AUTDES_CAT,AUTDES_CAT_CAS,AUTDES_UMI,AUTJERAR,AUTCLAS) values ('J0I000','AUTORIZACIÓN PARA TRABAJAR POR CUENTA AJENA INICIAL - Supuesto general trabajador transfronterizo (art. 157)',null,'S',null,null,null,null,null,null,null,null,null);
Insert into AUTORIZAC (AUTCOD,AUTDES,AUTFLAGS,AUTVAL,AUTGRP,AUTCLA,AUTMOD,AUTTIP,AUTDES_CAT,AUTDES_CAT_CAS,AUTDES_UMI,AUTJERAR,AUTCLAS) values ('B21I00','RESIDENCIA TEMPORAL Y TRABAJO CUENTA AJENA INICIAL - Cambio de empleador por incumplimiento grave de las obligaciones establecidas en el contrato de trabajo (art.79.2) - Autorización anterior = 1 año',null,'S',null,null,null,null,null,null,null,null,null);
Insert into AUTORIZAC (AUTCOD,AUTDES,AUTFLAGS,AUTVAL,AUTGRP,AUTCLA,AUTMOD,AUTTIP,AUTDES_CAT,AUTDES_CAT_CAS,AUTDES_UMI,AUTJERAR,AUTCLAS) values ('B21I01','RESIDENCIA TEMPORAL Y TRABAJO CUENTA AJENA INICIAL - Cambio de empleador por incumplimiento grave de las obligaciones establecidas en el contrato de trabajo (art.79.2) - Autorización anterior < 1 año',null,'S',null,null,null,null,null,null,null,null,null);
Insert into AUTORIZAC (AUTCOD,AUTDES,AUTFLAGS,AUTVAL,AUTGRP,AUTCLA,AUTMOD,AUTTIP,AUTDES_CAT,AUTDES_CAT_CAS,AUTDES_UMI,AUTJERAR,AUTCLAS) values ('B21I02','RESIDENCIA TEMPORAL Y TRABAJO CUENTA AJENA INICIAL - Cambio de empleador por circunstancias sobrevenidas, ajenas a la voluntad de la persona empleadora (art.79.3)  - Autorización anterior = 1 año',null,'S',null,null,null,null,null,null,null,null,null);
Insert into AUTORIZAC (AUTCOD,AUTDES,AUTFLAGS,AUTVAL,AUTGRP,AUTCLA,AUTMOD,AUTTIP,AUTDES_CAT,AUTDES_CAT_CAS,AUTDES_UMI,AUTJERAR,AUTCLAS) values ('B21I03','RESIDENCIA TEMPORAL Y TRABAJO CUENTA AJENA INICIAL - Cambio de empleador por circunstancias sobrevenidas, ajenas a la voluntad de la persona empleadora (art.79.3)  - Autorización anterior < 1 año',null,'S',null,null,null,null,null,null,null,null,null);
Insert into AUTORIZAC (AUTCOD,AUTDES,AUTFLAGS,AUTVAL,AUTGRP,AUTCLA,AUTMOD,AUTTIP,AUTDES_CAT,AUTDES_CAT_CAS,AUTDES_UMI,AUTJERAR,AUTCLAS) values ('B2R000','RENOVACIÓN RESIDENCIA TEMPORAL Y TRABAJO CUENTA AJENA CON 4 AÑOS DE DURACIÓN - TITULAR de autorización de residencia temporal y trabajo cuenta ajena inicial - supuesto general artículo 81.1 vigencia anterior = 1 año (párrafo 1)',null,'S',null,null,null,null,null,null,null,null,null);
Insert into AUTORIZAC (AUTCOD,AUTDES,AUTFLAGS,AUTVAL,AUTGRP,AUTCLA,AUTMOD,AUTTIP,AUTDES_CAT,AUTDES_CAT_CAS,AUTDES_UMI,AUTJERAR,AUTCLAS) values ('B2R001','RENOVACIÓN RESIDENCIA TEMPORAL Y TRABAJO CUENTA AJENA CON 1 AÑO DE DURACIÓN - TITULAR de autorización de residencia temporal y trabajo cuenta ajena inicial - supuesto general artículo 81.1 vigencia anterior < 1 año (párrafo 2)',null,'S',null,null,null,null,null,null,null,null,null);
Insert into AUTORIZAC (AUTCOD,AUTDES,AUTFLAGS,AUTVAL,AUTGRP,AUTCLA,AUTMOD,AUTTIP,AUTDES_CAT,AUTDES_CAT_CAS,AUTDES_UMI,AUTJERAR,AUTCLAS) values ('B2R002','RENOVACIÓN RESIDENCIA TEMPORAL Y TRABAJO CUENTA AJENA CON 4 AÑOS DE DURACIÓN - TITULAR de autorización de residencia temporal y trabajo cuenta ajena inicial - Beneficiario de prestación contributiva por desempleo o asistencial (art. 80.2.c) vigencia anterior = 1 año',null,'S',null,null,null,null,null,null,null,null,null);
Insert into AUTORIZAC (AUTCOD,AUTDES,AUTFLAGS,AUTVAL,AUTGRP,AUTCLA,AUTMOD,AUTTIP,AUTDES_CAT,AUTDES_CAT_CAS,AUTDES_UMI,AUTJERAR,AUTCLAS) values ('B2R003','RENOVACIÓN RESIDENCIA TEMPORAL Y TRABAJO CUENTA AJENA CON 1 AÑO DE DURACIÓN - TITULAR de autorización de residencia temporal y trabajo cuenta ajena inicial - Beneficiario de prestación contributiva por desempleo o asistencial (art. 80.2.c) vigencia anterior < 1 año',null,'S',null,null,null,null,null,null,null,null,null);
Insert into AUTORIZAC (AUTCOD,AUTDES,AUTFLAGS,AUTVAL,AUTGRP,AUTCLA,AUTMOD,AUTTIP,AUTDES_CAT,AUTDES_CAT_CAS,AUTDES_UMI,AUTJERAR,AUTCLAS) values ('J0P000','AUTORIZACIÓN PARA TRABAJAR POR CUENTA AJENA PRORROGADA - TITULAR de autorización de trabajo transfronterizo por cuenta ajena (art. 158.3)',null,'S',null,null,null,null,null,null,null,null,null);
Insert into AUTORIZAC (AUTCOD,AUTDES,AUTFLAGS,AUTVAL,AUTGRP,AUTCLA,AUTMOD,AUTTIP,AUTDES_CAT,AUTDES_CAT_CAS,AUTDES_UMI,AUTJERAR,AUTCLAS) values ('J2P000','AUTORIZACIÓN PARA TRABAJAR POR CUENTA AJENA Y PROPIA PRORROGADA - Renovación de la validez de la Resolución de la Dirección General de Instituciones Penitenciarias/Auto del Juez de Vigilancia Penitenciaria calificando el tercer grado o concediendo la libertad condicional (Acuerdo Consejo de Ministros 1 de julio 2005)',null,'S',null,null,null,null,null,null,null,null,null);
Insert into AUTORIZAC (AUTCOD,AUTDES,AUTFLAGS,AUTVAL,AUTGRP,AUTCLA,AUTMOD,AUTTIP,AUTDES_CAT,AUTDES_CAT_CAS,AUTDES_UMI,AUTJERAR,AUTCLAS) values ('B21I04','RESIDENCIA TEMPORAL Y TRABAJO CUENTA AJENA INICIAL - (5) TITULAR de visado de residencia extraordinaria otorgado por el MAEC (art. 42)',null,'S',null,null,null,null,null,null,null,null,null);
Insert into AUTORIZAC (AUTCOD,AUTDES,AUTFLAGS,AUTVAL,AUTGRP,AUTCLA,AUTMOD,AUTTIP,AUTDES_CAT,AUTDES_CAT_CAS,AUTDES_UMI,AUTJERAR,AUTCLAS) values ('B2R004','RENOVACIÓN RESIDENCIA TEMPORAL Y TRABAJO CUENTA AJENA CON 4 AÑOS DE DURACIÓN - (5) TITULAR de autorización de residencia y trabajo inicial extraordinaria (MAEC-SEIE)  (art. 42)',null,'S',null,null,null,null,null,null,null,null,null);


-- VIA_PERMISO

Insert into VIA_PERMISO (EVPPER,EVPVIA,EVPFLAGS,EVPVAL,EVPMTAS,EVPFECINI,EVPFECFIN,EVPFORMULARIO,EVPESCCOS,EVPFGR,EVPVERRES,CODIGO_SIA,IGUALDAD,EVPDGPTJ,EVPETIQUETAFAM,EVPPROMOTOR,EVPTRANSFRONTERIZO,EVPFAMILIAR,EVPNACIONALIDAD,EVPNIVELESTUDIOS,EVPCENTROESTUDIOS,EVPAMBITO,EVPVISADODESCESP,EVPRECUPERALD,EVPIGUALDAD,EVPTIPOTITULAR,EVPRESSINPAGTASR,EVPNSOPORTEUE,EVPCNED,EVPADJDOCRESUELTO,EVPPERMANENTE,EVPNUMPLAZO,EVPTIPPLAZO,EVPTIPESTIMACION,EVPLEYENDA,EVPINITASAS) values ('KAI','EXA','S12LNASSNNNNNNCDNNSNN O S              A','S','B20I00',to_date('20/05/25','DD/MM/RR'),null,'EX03','S',to_date('11/04/25','DD/MM/RR'),'S','201321','N','S','F','N','N','N',null,'N','N',null,'N','N','N','G','E','N','N','N','S','3','M','D','N','S');
Insert into VIA_PERMISO (EVPPER,EVPVIA,EVPFLAGS,EVPVAL,EVPMTAS,EVPFECINI,EVPFECFIN,EVPFORMULARIO,EVPESCCOS,EVPFGR,EVPVERRES,CODIGO_SIA,IGUALDAD,EVPDGPTJ,EVPETIQUETAFAM,EVPPROMOTOR,EVPTRANSFRONTERIZO,EVPFAMILIAR,EVPNACIONALIDAD,EVPNIVELESTUDIOS,EVPCENTROESTUDIOS,EVPAMBITO,EVPVISADODESCESP,EVPRECUPERALD,EVPIGUALDAD,EVPTIPOTITULAR,EVPRESSINPAGTASR,EVPNSOPORTEUE,EVPCNED,EVPADJDOCRESUELTO,EVPPERMANENTE,EVPNUMPLAZO,EVPTIPPLAZO,EVPTIPESTIMACION,EVPLEYENDA,EVPINITASAS) values ('KAI','EXB','S12LNASSNNNNNNCDNNSNN O S              A','S','B20I01',to_date('20/05/25','DD/MM/RR'),null,'EX03','S',to_date('11/04/25','DD/MM/RR'),'S','201321','N','S','F','N','N','N',null,'N','N',null,'N','N','N','G','E','N','N','N','S','3','M','D','N','S');
Insert into VIA_PERMISO (EVPPER,EVPVIA,EVPFLAGS,EVPVAL,EVPMTAS,EVPFECINI,EVPFECFIN,EVPFORMULARIO,EVPESCCOS,EVPFGR,EVPVERRES,CODIGO_SIA,IGUALDAD,EVPDGPTJ,EVPETIQUETAFAM,EVPPROMOTOR,EVPTRANSFRONTERIZO,EVPFAMILIAR,EVPNACIONALIDAD,EVPNIVELESTUDIOS,EVPCENTROESTUDIOS,EVPAMBITO,EVPVISADODESCESP,EVPRECUPERALD,EVPIGUALDAD,EVPTIPOTITULAR,EVPRESSINPAGTASR,EVPNSOPORTEUE,EVPCNED,EVPADJDOCRESUELTO,EVPPERMANENTE,EVPNUMPLAZO,EVPTIPPLAZO,EVPTIPESTIMACION,EVPLEYENDA,EVPINITASAS) values ('KAI','EXC','S12LNASSNNNNNNCDNNSNN O S              A','S','B20I02',to_date('20/05/25','DD/MM/RR'),null,'EX03','S',to_date('11/04/25','DD/MM/RR'),'S','201321','N','S','F','N','N','N',null,'N','N',null,'N','N','N','G','E','N','N','N','S','3','M','D','N','S');
Insert into VIA_PERMISO (EVPPER,EVPVIA,EVPFLAGS,EVPVAL,EVPMTAS,EVPFECINI,EVPFECFIN,EVPFORMULARIO,EVPESCCOS,EVPFGR,EVPVERRES,CODIGO_SIA,IGUALDAD,EVPDGPTJ,EVPETIQUETAFAM,EVPPROMOTOR,EVPTRANSFRONTERIZO,EVPFAMILIAR,EVPNACIONALIDAD,EVPNIVELESTUDIOS,EVPCENTROESTUDIOS,EVPAMBITO,EVPVISADODESCESP,EVPRECUPERALD,EVPIGUALDAD,EVPTIPOTITULAR,EVPRESSINPAGTASR,EVPNSOPORTEUE,EVPCNED,EVPADJDOCRESUELTO,EVPPERMANENTE,EVPNUMPLAZO,EVPTIPPLAZO,EVPTIPESTIMACION,EVPLEYENDA,EVPINITASAS) values ('KAI','EXD','S12LNASSNNNNNNCDNNSNN O S              A','S','B20I03',to_date('20/05/25','DD/MM/RR'),null,'EX03','S',to_date('11/04/25','DD/MM/RR'),'S','201321','N','S','F','N','N','N',null,'N','N',null,'N','N','N','G','E','N','N','N','S','3','M','D','N','S');
Insert into VIA_PERMISO (EVPPER,EVPVIA,EVPFLAGS,EVPVAL,EVPMTAS,EVPFECINI,EVPFECFIN,EVPFORMULARIO,EVPESCCOS,EVPFGR,EVPVERRES,CODIGO_SIA,IGUALDAD,EVPDGPTJ,EVPETIQUETAFAM,EVPPROMOTOR,EVPTRANSFRONTERIZO,EVPFAMILIAR,EVPNACIONALIDAD,EVPNIVELESTUDIOS,EVPCENTROESTUDIOS,EVPAMBITO,EVPVISADODESCESP,EVPRECUPERALD,EVPIGUALDAD,EVPTIPOTITULAR,EVPRESSINPAGTASR,EVPNSOPORTEUE,EVPCNED,EVPADJDOCRESUELTO,EVPPERMANENTE,EVPNUMPLAZO,EVPTIPPLAZO,EVPTIPESTIMACION,EVPLEYENDA,EVPINITASAS) values ('KAI','ODA','S12LNASSNNNNNNCDNNSNN O S              A','S','B20I04',to_date('20/05/25','DD/MM/RR'),null,'EX03','S',to_date('11/04/25','DD/MM/RR'),'S','201321','N','S','F','N','N','N',null,'N','N',null,'N','N','N','G','E','N','N','N','S','3','M','D','N','S');
Insert into VIA_PERMISO (EVPPER,EVPVIA,EVPFLAGS,EVPVAL,EVPMTAS,EVPFECINI,EVPFECFIN,EVPFORMULARIO,EVPESCCOS,EVPFGR,EVPVERRES,CODIGO_SIA,IGUALDAD,EVPDGPTJ,EVPETIQUETAFAM,EVPPROMOTOR,EVPTRANSFRONTERIZO,EVPFAMILIAR,EVPNACIONALIDAD,EVPNIVELESTUDIOS,EVPCENTROESTUDIOS,EVPAMBITO,EVPVISADODESCESP,EVPRECUPERALD,EVPIGUALDAD,EVPTIPOTITULAR,EVPRESSINPAGTASR,EVPNSOPORTEUE,EVPCNED,EVPADJDOCRESUELTO,EVPPERMANENTE,EVPNUMPLAZO,EVPTIPPLAZO,EVPTIPESTIMACION,EVPLEYENDA,EVPINITASAS) values ('KAI','ODB','S12LNASSNNNNNNCDNNSNN O S              A','S','B20I05',to_date('20/05/25','DD/MM/RR'),null,'EX03','S',to_date('11/04/25','DD/MM/RR'),'S','201321','N','S','F','N','N','N',null,'N','N',null,'N','N','N','G','E','N','N','N','S','3','M','D','N','S');
Insert into VIA_PERMISO (EVPPER,EVPVIA,EVPFLAGS,EVPVAL,EVPMTAS,EVPFECINI,EVPFECFIN,EVPFORMULARIO,EVPESCCOS,EVPFGR,EVPVERRES,CODIGO_SIA,IGUALDAD,EVPDGPTJ,EVPETIQUETAFAM,EVPPROMOTOR,EVPTRANSFRONTERIZO,EVPFAMILIAR,EVPNACIONALIDAD,EVPNIVELESTUDIOS,EVPCENTROESTUDIOS,EVPAMBITO,EVPVISADODESCESP,EVPRECUPERALD,EVPIGUALDAD,EVPTIPOTITULAR,EVPRESSINPAGTASR,EVPNSOPORTEUE,EVPCNED,EVPADJDOCRESUELTO,EVPPERMANENTE,EVPNUMPLAZO,EVPTIPPLAZO,EVPTIPESTIMACION,EVPLEYENDA,EVPINITASAS) values ('KAI','OGA','S12LNASSNNNNNNCDNNSNN O S              A','S','B20I06',to_date('20/05/25','DD/MM/RR'),null,'EX03','S',to_date('11/04/25','DD/MM/RR'),'S','201321','N','S','F','N','N','N',null,'N','N',null,'N','N','N','G','E','N','N','N','S','3','M','D','N','S');
Insert into VIA_PERMISO (EVPPER,EVPVIA,EVPFLAGS,EVPVAL,EVPMTAS,EVPFECINI,EVPFECFIN,EVPFORMULARIO,EVPESCCOS,EVPFGR,EVPVERRES,CODIGO_SIA,IGUALDAD,EVPDGPTJ,EVPETIQUETAFAM,EVPPROMOTOR,EVPTRANSFRONTERIZO,EVPFAMILIAR,EVPNACIONALIDAD,EVPNIVELESTUDIOS,EVPCENTROESTUDIOS,EVPAMBITO,EVPVISADODESCESP,EVPRECUPERALD,EVPIGUALDAD,EVPTIPOTITULAR,EVPRESSINPAGTASR,EVPNSOPORTEUE,EVPCNED,EVPADJDOCRESUELTO,EVPPERMANENTE,EVPNUMPLAZO,EVPTIPPLAZO,EVPTIPESTIMACION,EVPLEYENDA,EVPINITASAS) values ('KAI','OGB','S12LNASSNNNNNNCDNNSNN O S              A','S','B20I07',to_date('20/05/25','DD/MM/RR'),null,'EX03','S',to_date('11/04/25','DD/MM/RR'),'S','201321','N','S','F','N','N','N',null,'N','N',null,'N','N','N','G','E','N','N','N','S','3','M','D','N','S');
Insert into VIA_PERMISO (EVPPER,EVPVIA,EVPFLAGS,EVPVAL,EVPMTAS,EVPFECINI,EVPFECFIN,EVPFORMULARIO,EVPESCCOS,EVPFGR,EVPVERRES,CODIGO_SIA,IGUALDAD,EVPDGPTJ,EVPETIQUETAFAM,EVPPROMOTOR,EVPTRANSFRONTERIZO,EVPFAMILIAR,EVPNACIONALIDAD,EVPNIVELESTUDIOS,EVPCENTROESTUDIOS,EVPAMBITO,EVPVISADODESCESP,EVPRECUPERALD,EVPIGUALDAD,EVPTIPOTITULAR,EVPRESSINPAGTASR,EVPNSOPORTEUE,EVPCNED,EVPADJDOCRESUELTO,EVPPERMANENTE,EVPNUMPLAZO,EVPTIPPLAZO,EVPTIPESTIMACION,EVPLEYENDA,EVPINITASAS) values ('KAI','EA0','S12LNASSNNNNNNCDNNSNN O S              A','S','B20I08',to_date('20/05/25','DD/MM/RR'),null,'EX03','S',to_date('11/04/25','DD/MM/RR'),'S','201321','N','S','F','N','N','N',null,'N','N',null,'N','N','N','G','E','N','N','N','S','3','M','D','N','S');
Insert into VIA_PERMISO (EVPPER,EVPVIA,EVPFLAGS,EVPVAL,EVPMTAS,EVPFECINI,EVPFECFIN,EVPFORMULARIO,EVPESCCOS,EVPFGR,EVPVERRES,CODIGO_SIA,IGUALDAD,EVPDGPTJ,EVPETIQUETAFAM,EVPPROMOTOR,EVPTRANSFRONTERIZO,EVPFAMILIAR,EVPNACIONALIDAD,EVPNIVELESTUDIOS,EVPCENTROESTUDIOS,EVPAMBITO,EVPVISADODESCESP,EVPRECUPERALD,EVPIGUALDAD,EVPTIPOTITULAR,EVPRESSINPAGTASR,EVPNSOPORTEUE,EVPCNED,EVPADJDOCRESUELTO,EVPPERMANENTE,EVPNUMPLAZO,EVPTIPPLAZO,EVPTIPESTIMACION,EVPLEYENDA,EVPINITASAS) values ('KAI','EA1','S12LNASSNNNNNNCDNNSNN O S              A','S','B20I09',to_date('20/05/25','DD/MM/RR'),null,'EX03','S',to_date('11/04/25','DD/MM/RR'),'S','201321','N','S','F','N','N','N',null,'N','N',null,'N','N','N','G','E','N','N','N','S','3','M','D','N','S');
Insert into VIA_PERMISO (EVPPER,EVPVIA,EVPFLAGS,EVPVAL,EVPMTAS,EVPFECINI,EVPFECFIN,EVPFORMULARIO,EVPESCCOS,EVPFGR,EVPVERRES,CODIGO_SIA,IGUALDAD,EVPDGPTJ,EVPETIQUETAFAM,EVPPROMOTOR,EVPTRANSFRONTERIZO,EVPFAMILIAR,EVPNACIONALIDAD,EVPNIVELESTUDIOS,EVPCENTROESTUDIOS,EVPAMBITO,EVPVISADODESCESP,EVPRECUPERALD,EVPIGUALDAD,EVPTIPOTITULAR,EVPRESSINPAGTASR,EVPNSOPORTEUE,EVPCNED,EVPADJDOCRESUELTO,EVPPERMANENTE,EVPNUMPLAZO,EVPTIPPLAZO,EVPTIPESTIMACION,EVPLEYENDA,EVPINITASAS) values ('KAI','EA2','S12LNASSNNNNNNCDNNSNN O S              A','S','B20I10',to_date('20/05/25','DD/MM/RR'),null,'EX03','S',to_date('11/04/25','DD/MM/RR'),'S','201321','N','S','F','N','N','N',null,'N','N',null,'N','N','N','G','E','N','N','N','S','3','M','D','N','S');
Insert into VIA_PERMISO (EVPPER,EVPVIA,EVPFLAGS,EVPVAL,EVPMTAS,EVPFECINI,EVPFECFIN,EVPFORMULARIO,EVPESCCOS,EVPFGR,EVPVERRES,CODIGO_SIA,IGUALDAD,EVPDGPTJ,EVPETIQUETAFAM,EVPPROMOTOR,EVPTRANSFRONTERIZO,EVPFAMILIAR,EVPNACIONALIDAD,EVPNIVELESTUDIOS,EVPCENTROESTUDIOS,EVPAMBITO,EVPVISADODESCESP,EVPRECUPERALD,EVPIGUALDAD,EVPTIPOTITULAR,EVPRESSINPAGTASR,EVPNSOPORTEUE,EVPCNED,EVPADJDOCRESUELTO,EVPPERMANENTE,EVPNUMPLAZO,EVPTIPPLAZO,EVPTIPESTIMACION,EVPLEYENDA,EVPINITASAS) values ('KAI','EA3','S12LNASSNNNNNNCDNNSNN O S              A','S','B20I11',to_date('20/05/25','DD/MM/RR'),null,'EX03','S',to_date('11/04/25','DD/MM/RR'),'S','201321','N','S','F','N','N','N',null,'N','N',null,'N','N','N','G','E','N','N','N','S','3','M','D','N','S');
Insert into VIA_PERMISO (EVPPER,EVPVIA,EVPFLAGS,EVPVAL,EVPMTAS,EVPFECINI,EVPFECFIN,EVPFORMULARIO,EVPESCCOS,EVPFGR,EVPVERRES,CODIGO_SIA,IGUALDAD,EVPDGPTJ,EVPETIQUETAFAM,EVPPROMOTOR,EVPTRANSFRONTERIZO,EVPFAMILIAR,EVPNACIONALIDAD,EVPNIVELESTUDIOS,EVPCENTROESTUDIOS,EVPAMBITO,EVPVISADODESCESP,EVPRECUPERALD,EVPIGUALDAD,EVPTIPOTITULAR,EVPRESSINPAGTASR,EVPNSOPORTEUE,EVPCNED,EVPADJDOCRESUELTO,EVPPERMANENTE,EVPNUMPLAZO,EVPTIPPLAZO,EVPTIPESTIMACION,EVPLEYENDA,EVPINITASAS) values ('KAI','EA4','S12LNASSNNNNNNCDNNSNN O S              A','S','B20I12',to_date('20/05/25','DD/MM/RR'),null,'EX03','S',to_date('11/04/25','DD/MM/RR'),'S','201321','N','S','F','N','N','N',null,'N','N',null,'N','N','N','G','E','N','N','N','S','3','M','D','N','S');
Insert into VIA_PERMISO (EVPPER,EVPVIA,EVPFLAGS,EVPVAL,EVPMTAS,EVPFECINI,EVPFECFIN,EVPFORMULARIO,EVPESCCOS,EVPFGR,EVPVERRES,CODIGO_SIA,IGUALDAD,EVPDGPTJ,EVPETIQUETAFAM,EVPPROMOTOR,EVPTRANSFRONTERIZO,EVPFAMILIAR,EVPNACIONALIDAD,EVPNIVELESTUDIOS,EVPCENTROESTUDIOS,EVPAMBITO,EVPVISADODESCESP,EVPRECUPERALD,EVPIGUALDAD,EVPTIPOTITULAR,EVPRESSINPAGTASR,EVPNSOPORTEUE,EVPCNED,EVPADJDOCRESUELTO,EVPPERMANENTE,EVPNUMPLAZO,EVPTIPPLAZO,EVPTIPESTIMACION,EVPLEYENDA,EVPINITASAS) values ('KAI','EA5','S12LNASSNNNNNNCDNNSNN O S              A','S','B20I13',to_date('20/05/25','DD/MM/RR'),null,'EX03','S',to_date('11/04/25','DD/MM/RR'),'S','201321','N','S','F','N','N','N',null,'N','N',null,'N','N','N','G','E','N','N','N','S','3','M','D','N','S');
Insert into VIA_PERMISO (EVPPER,EVPVIA,EVPFLAGS,EVPVAL,EVPMTAS,EVPFECINI,EVPFECFIN,EVPFORMULARIO,EVPESCCOS,EVPFGR,EVPVERRES,CODIGO_SIA,IGUALDAD,EVPDGPTJ,EVPETIQUETAFAM,EVPPROMOTOR,EVPTRANSFRONTERIZO,EVPFAMILIAR,EVPNACIONALIDAD,EVPNIVELESTUDIOS,EVPCENTROESTUDIOS,EVPAMBITO,EVPVISADODESCESP,EVPRECUPERALD,EVPIGUALDAD,EVPTIPOTITULAR,EVPRESSINPAGTASR,EVPNSOPORTEUE,EVPCNED,EVPADJDOCRESUELTO,EVPPERMANENTE,EVPNUMPLAZO,EVPTIPPLAZO,EVPTIPESTIMACION,EVPLEYENDA,EVPINITASAS) values ('ATI','IPA','S12LNASSNNNNNNCDNNSNN O S              A','S','J2I000',to_date('20/05/25','DD/MM/RR'),null,'EX03','S',to_date('11/04/25','DD/MM/RR'),'S','201321','N','S','F','N','N','N',null,'N','N',null,'N','N','N','G','E','N','N','N','S','3','M','D','N','S');
Insert into VIA_PERMISO (EVPPER,EVPVIA,EVPFLAGS,EVPVAL,EVPMTAS,EVPFECINI,EVPFECFIN,EVPFORMULARIO,EVPESCCOS,EVPFGR,EVPVERRES,CODIGO_SIA,IGUALDAD,EVPDGPTJ,EVPETIQUETAFAM,EVPPROMOTOR,EVPTRANSFRONTERIZO,EVPFAMILIAR,EVPNACIONALIDAD,EVPNIVELESTUDIOS,EVPCENTROESTUDIOS,EVPAMBITO,EVPVISADODESCESP,EVPRECUPERALD,EVPIGUALDAD,EVPTIPOTITULAR,EVPRESSINPAGTASR,EVPNSOPORTEUE,EVPCNED,EVPADJDOCRESUELTO,EVPPERMANENTE,EVPNUMPLAZO,EVPTIPPLAZO,EVPTIPESTIMACION,EVPLEYENDA,EVPINITASAS) values ('KAI','EFC','S12LNASSNNNNNNCDNNSNN O S              A','S','B20I14',to_date('20/05/25','DD/MM/RR'),null,'EX03','S',to_date('11/04/25','DD/MM/RR'),'S','201321','N','S','F','N','N','N',null,'N','N',null,'N','N','N','G','E','N','N','N','S','3','M','D','N','S');
Insert into VIA_PERMISO (EVPPER,EVPVIA,EVPFLAGS,EVPVAL,EVPMTAS,EVPFECINI,EVPFECFIN,EVPFORMULARIO,EVPESCCOS,EVPFGR,EVPVERRES,CODIGO_SIA,IGUALDAD,EVPDGPTJ,EVPETIQUETAFAM,EVPPROMOTOR,EVPTRANSFRONTERIZO,EVPFAMILIAR,EVPNACIONALIDAD,EVPNIVELESTUDIOS,EVPCENTROESTUDIOS,EVPAMBITO,EVPVISADODESCESP,EVPRECUPERALD,EVPIGUALDAD,EVPTIPOTITULAR,EVPRESSINPAGTASR,EVPNSOPORTEUE,EVPCNED,EVPADJDOCRESUELTO,EVPPERMANENTE,EVPNUMPLAZO,EVPTIPPLAZO,EVPTIPESTIMACION,EVPLEYENDA,EVPINITASAS) values ('AAI','SGT','S12LNASSNNNNNNCDNNSNN O S              A','S','J0I000',to_date('20/05/25','DD/MM/RR'),null,'EX03','S',to_date('11/04/25','DD/MM/RR'),'S','201321','N','S','F','N','N','N',null,'N','N',null,'N','N','N','G','E','N','N','N','S','3','M','D','N','S');
Insert into VIA_PERMISO (EVPPER,EVPVIA,EVPFLAGS,EVPVAL,EVPMTAS,EVPFECINI,EVPFECFIN,EVPFORMULARIO,EVPESCCOS,EVPFGR,EVPVERRES,CODIGO_SIA,IGUALDAD,EVPDGPTJ,EVPETIQUETAFAM,EVPPROMOTOR,EVPTRANSFRONTERIZO,EVPFAMILIAR,EVPNACIONALIDAD,EVPNIVELESTUDIOS,EVPCENTROESTUDIOS,EVPAMBITO,EVPVISADODESCESP,EVPRECUPERALD,EVPIGUALDAD,EVPTIPOTITULAR,EVPRESSINPAGTASR,EVPNSOPORTEUE,EVPCNED,EVPADJDOCRESUELTO,EVPPERMANENTE,EVPNUMPLAZO,EVPTIPPLAZO,EVPTIPESTIMACION,EVPLEYENDA,EVPINITASAS) values ('KAI','IG0','S12LNASSNNNNNNCDNNSNN O S              A','S','B21I00',to_date('20/05/25','DD/MM/RR'),null,'EX03','S',to_date('11/04/25','DD/MM/RR'),'S','201321','N','S','F','N','N','N',null,'N','N',null,'N','N','N','G','E','N','N','N','S','1','M','D','N','S');
Insert into VIA_PERMISO (EVPPER,EVPVIA,EVPFLAGS,EVPVAL,EVPMTAS,EVPFECINI,EVPFECFIN,EVPFORMULARIO,EVPESCCOS,EVPFGR,EVPVERRES,CODIGO_SIA,IGUALDAD,EVPDGPTJ,EVPETIQUETAFAM,EVPPROMOTOR,EVPTRANSFRONTERIZO,EVPFAMILIAR,EVPNACIONALIDAD,EVPNIVELESTUDIOS,EVPCENTROESTUDIOS,EVPAMBITO,EVPVISADODESCESP,EVPRECUPERALD,EVPIGUALDAD,EVPTIPOTITULAR,EVPRESSINPAGTASR,EVPNSOPORTEUE,EVPCNED,EVPADJDOCRESUELTO,EVPPERMANENTE,EVPNUMPLAZO,EVPTIPPLAZO,EVPTIPESTIMACION,EVPLEYENDA,EVPINITASAS) values ('KAI','IG1','S12LNASSNNNNNNCDNNSNN O S              A','S','B21I01',to_date('20/05/25','DD/MM/RR'),null,'EX03','S',to_date('11/04/25','DD/MM/RR'),'S','201321','N','S','F','N','N','N',null,'N','N',null,'N','N','N','G','E','N','N','N','S','1','M','D','N','S');
Insert into VIA_PERMISO (EVPPER,EVPVIA,EVPFLAGS,EVPVAL,EVPMTAS,EVPFECINI,EVPFECFIN,EVPFORMULARIO,EVPESCCOS,EVPFGR,EVPVERRES,CODIGO_SIA,IGUALDAD,EVPDGPTJ,EVPETIQUETAFAM,EVPPROMOTOR,EVPTRANSFRONTERIZO,EVPFAMILIAR,EVPNACIONALIDAD,EVPNIVELESTUDIOS,EVPCENTROESTUDIOS,EVPAMBITO,EVPVISADODESCESP,EVPRECUPERALD,EVPIGUALDAD,EVPTIPOTITULAR,EVPRESSINPAGTASR,EVPNSOPORTEUE,EVPCNED,EVPADJDOCRESUELTO,EVPPERMANENTE,EVPNUMPLAZO,EVPTIPPLAZO,EVPTIPESTIMACION,EVPLEYENDA,EVPINITASAS) values ('KAI','CE0','S12LNASSNNNNNNCDNNSNN O S              A','S','B21I02',to_date('20/05/25','DD/MM/RR'),null,'EX03','S',to_date('11/04/25','DD/MM/RR'),'S','201321','N','S','F','N','N','N',null,'N','N',null,'N','N','N','G','E','N','N','N','S','1','M','D','N','S');
Insert into VIA_PERMISO (EVPPER,EVPVIA,EVPFLAGS,EVPVAL,EVPMTAS,EVPFECINI,EVPFECFIN,EVPFORMULARIO,EVPESCCOS,EVPFGR,EVPVERRES,CODIGO_SIA,IGUALDAD,EVPDGPTJ,EVPETIQUETAFAM,EVPPROMOTOR,EVPTRANSFRONTERIZO,EVPFAMILIAR,EVPNACIONALIDAD,EVPNIVELESTUDIOS,EVPCENTROESTUDIOS,EVPAMBITO,EVPVISADODESCESP,EVPRECUPERALD,EVPIGUALDAD,EVPTIPOTITULAR,EVPRESSINPAGTASR,EVPNSOPORTEUE,EVPCNED,EVPADJDOCRESUELTO,EVPPERMANENTE,EVPNUMPLAZO,EVPTIPPLAZO,EVPTIPESTIMACION,EVPLEYENDA,EVPINITASAS) values ('KAI','CE1','S12LNASSNNNNNNCDNNSNN O S              A','S','B21I03',to_date('20/05/25','DD/MM/RR'),null,'EX03','S',to_date('11/04/25','DD/MM/RR'),'S','201321','N','S','F','N','N','N',null,'N','N',null,'N','N','N','G','E','N','N','N','S','1','M','D','N','S');
Insert into VIA_PERMISO (EVPPER,EVPVIA,EVPFLAGS,EVPVAL,EVPMTAS,EVPFECINI,EVPFECFIN,EVPFORMULARIO,EVPESCCOS,EVPFGR,EVPVERRES,CODIGO_SIA,IGUALDAD,EVPDGPTJ,EVPETIQUETAFAM,EVPPROMOTOR,EVPTRANSFRONTERIZO,EVPFAMILIAR,EVPNACIONALIDAD,EVPNIVELESTUDIOS,EVPCENTROESTUDIOS,EVPAMBITO,EVPVISADODESCESP,EVPRECUPERALD,EVPIGUALDAD,EVPTIPOTITULAR,EVPRESSINPAGTASR,EVPNSOPORTEUE,EVPCNED,EVPADJDOCRESUELTO,EVPPERMANENTE,EVPNUMPLAZO,EVPTIPPLAZO,EVPTIPESTIMACION,EVPLEYENDA,EVPINITASAS) values ('KA4','SG0','S12LNASSNNNNNNCDNNSNN O S              A','S','B2R000',to_date('20/05/25','DD/MM/RR'),null,'EX03','S',to_date('11/04/25','DD/MM/RR'),'S','201321','N','S','F','N','N','N',null,'N','N',null,'N','N','N','G','E','N','N','N','S','3','M','E','N','S');
Insert into VIA_PERMISO (EVPPER,EVPVIA,EVPFLAGS,EVPVAL,EVPMTAS,EVPFECINI,EVPFECFIN,EVPFORMULARIO,EVPESCCOS,EVPFGR,EVPVERRES,CODIGO_SIA,IGUALDAD,EVPDGPTJ,EVPETIQUETAFAM,EVPPROMOTOR,EVPTRANSFRONTERIZO,EVPFAMILIAR,EVPNACIONALIDAD,EVPNIVELESTUDIOS,EVPCENTROESTUDIOS,EVPAMBITO,EVPVISADODESCESP,EVPRECUPERALD,EVPIGUALDAD,EVPTIPOTITULAR,EVPRESSINPAGTASR,EVPNSOPORTEUE,EVPCNED,EVPADJDOCRESUELTO,EVPPERMANENTE,EVPNUMPLAZO,EVPTIPPLAZO,EVPTIPESTIMACION,EVPLEYENDA,EVPINITASAS) values ('KA1','SG1','S12LNASSNNNNNNCDNNSNN O S              A','S','B2R001',to_date('20/05/25','DD/MM/RR'),null,'EX03','S',to_date('11/04/25','DD/MM/RR'),'S','201321','N','S','F','N','N','N',null,'N','N',null,'N','N','N','G','E','N','N','N','S','3','M','E','N','S');
Insert into VIA_PERMISO (EVPPER,EVPVIA,EVPFLAGS,EVPVAL,EVPMTAS,EVPFECINI,EVPFECFIN,EVPFORMULARIO,EVPESCCOS,EVPFGR,EVPVERRES,CODIGO_SIA,IGUALDAD,EVPDGPTJ,EVPETIQUETAFAM,EVPPROMOTOR,EVPTRANSFRONTERIZO,EVPFAMILIAR,EVPNACIONALIDAD,EVPNIVELESTUDIOS,EVPCENTROESTUDIOS,EVPAMBITO,EVPVISADODESCESP,EVPRECUPERALD,EVPIGUALDAD,EVPTIPOTITULAR,EVPRESSINPAGTASR,EVPNSOPORTEUE,EVPCNED,EVPADJDOCRESUELTO,EVPPERMANENTE,EVPNUMPLAZO,EVPTIPPLAZO,EVPTIPESTIMACION,EVPLEYENDA,EVPINITASAS) values ('KA4','BP0','S12LNASSNNNNNNCDNNSNN O S              A','S','B2R002',to_date('20/05/25','DD/MM/RR'),null,'EX03','S',to_date('11/04/25','DD/MM/RR'),'S','201321','N','S','F','N','N','N',null,'N','N',null,'N','N','N','G','E','N','N','N','S','3','M','E','N','S');
Insert into VIA_PERMISO (EVPPER,EVPVIA,EVPFLAGS,EVPVAL,EVPMTAS,EVPFECINI,EVPFECFIN,EVPFORMULARIO,EVPESCCOS,EVPFGR,EVPVERRES,CODIGO_SIA,IGUALDAD,EVPDGPTJ,EVPETIQUETAFAM,EVPPROMOTOR,EVPTRANSFRONTERIZO,EVPFAMILIAR,EVPNACIONALIDAD,EVPNIVELESTUDIOS,EVPCENTROESTUDIOS,EVPAMBITO,EVPVISADODESCESP,EVPRECUPERALD,EVPIGUALDAD,EVPTIPOTITULAR,EVPRESSINPAGTASR,EVPNSOPORTEUE,EVPCNED,EVPADJDOCRESUELTO,EVPPERMANENTE,EVPNUMPLAZO,EVPTIPPLAZO,EVPTIPESTIMACION,EVPLEYENDA,EVPINITASAS) values ('KA1','BP1','S12LNASSNNNNNNCDNNSNN O S              A','S','B2R003',to_date('20/05/25','DD/MM/RR'),null,'EX03','S',to_date('11/04/25','DD/MM/RR'),'S','201321','N','S','F','N','N','N',null,'N','N',null,'N','N','N','G','E','N','N','N','S','3','M','E','N','S');
Insert into VIA_PERMISO (EVPPER,EVPVIA,EVPFLAGS,EVPVAL,EVPMTAS,EVPFECINI,EVPFECFIN,EVPFORMULARIO,EVPESCCOS,EVPFGR,EVPVERRES,CODIGO_SIA,IGUALDAD,EVPDGPTJ,EVPETIQUETAFAM,EVPPROMOTOR,EVPTRANSFRONTERIZO,EVPFAMILIAR,EVPNACIONALIDAD,EVPNIVELESTUDIOS,EVPCENTROESTUDIOS,EVPAMBITO,EVPVISADODESCESP,EVPRECUPERALD,EVPIGUALDAD,EVPTIPOTITULAR,EVPRESSINPAGTASR,EVPNSOPORTEUE,EVPCNED,EVPADJDOCRESUELTO,EVPPERMANENTE,EVPNUMPLAZO,EVPTIPPLAZO,EVPTIPESTIMACION,EVPLEYENDA,EVPINITASAS) values ('AAR','ATF','S12LNASSNNNNNNCDNNSNN O S              A','S','J0P000',to_date('20/05/25','DD/MM/RR'),null,'EX03','S',to_date('11/04/25','DD/MM/RR'),'S','201321','N','S','F','N','N','N',null,'N','N',null,'N','N','N','G','E','N','N','N','S','3','M','E','N','S');
Insert into VIA_PERMISO (EVPPER,EVPVIA,EVPFLAGS,EVPVAL,EVPMTAS,EVPFECINI,EVPFECFIN,EVPFORMULARIO,EVPESCCOS,EVPFGR,EVPVERRES,CODIGO_SIA,IGUALDAD,EVPDGPTJ,EVPETIQUETAFAM,EVPPROMOTOR,EVPTRANSFRONTERIZO,EVPFAMILIAR,EVPNACIONALIDAD,EVPNIVELESTUDIOS,EVPCENTROESTUDIOS,EVPAMBITO,EVPVISADODESCESP,EVPRECUPERALD,EVPIGUALDAD,EVPTIPOTITULAR,EVPRESSINPAGTASR,EVPNSOPORTEUE,EVPCNED,EVPADJDOCRESUELTO,EVPPERMANENTE,EVPNUMPLAZO,EVPTIPPLAZO,EVPTIPESTIMACION,EVPLEYENDA,EVPINITASAS) values ('AT3','IPA','S12LNASSNNNNNNCDNNSNN O S              A','S','J2P000',to_date('20/05/25','DD/MM/RR'),null,'EX03','S',to_date('11/04/25','DD/MM/RR'),'S','201321','N','S','F','N','N','N',null,'N','N',null,'N','N','N','G','E','N','N','N','S','3','M','E','N','S');
Insert into VIA_PERMISO (EVPPER,EVPVIA,EVPFLAGS,EVPVAL,EVPMTAS,EVPFECINI,EVPFECFIN,EVPFORMULARIO,EVPESCCOS,EVPFGR,EVPVERRES,CODIGO_SIA,IGUALDAD,EVPDGPTJ,EVPETIQUETAFAM,EVPPROMOTOR,EVPTRANSFRONTERIZO,EVPFAMILIAR,EVPNACIONALIDAD,EVPNIVELESTUDIOS,EVPCENTROESTUDIOS,EVPAMBITO,EVPVISADODESCESP,EVPRECUPERALD,EVPIGUALDAD,EVPTIPOTITULAR,EVPRESSINPAGTASR,EVPNSOPORTEUE,EVPCNED,EVPADJDOCRESUELTO,EVPPERMANENTE,EVPNUMPLAZO,EVPTIPPLAZO,EVPTIPESTIMACION,EVPLEYENDA,EVPINITASAS) values ('KAI','VRE','S12LNASSNNNNNNCDNNSNN O S              A','S','B21I04',to_date('20/05/25','DD/MM/RR'),null,'EX03','S',to_date('11/04/25','DD/MM/RR'),'S','201321','N','S','F','N','N','N',null,'N','N',null,'N','N','N','G','E','N','N','N','S','3','M','D','N','S');
Insert into VIA_PERMISO (EVPPER,EVPVIA,EVPFLAGS,EVPVAL,EVPMTAS,EVPFECINI,EVPFECFIN,EVPFORMULARIO,EVPESCCOS,EVPFGR,EVPVERRES,CODIGO_SIA,IGUALDAD,EVPDGPTJ,EVPETIQUETAFAM,EVPPROMOTOR,EVPTRANSFRONTERIZO,EVPFAMILIAR,EVPNACIONALIDAD,EVPNIVELESTUDIOS,EVPCENTROESTUDIOS,EVPAMBITO,EVPVISADODESCESP,EVPRECUPERALD,EVPIGUALDAD,EVPTIPOTITULAR,EVPRESSINPAGTASR,EVPNSOPORTEUE,EVPCNED,EVPADJDOCRESUELTO,EVPPERMANENTE,EVPNUMPLAZO,EVPTIPPLAZO,EVPTIPESTIMACION,EVPLEYENDA,EVPINITASAS) values ('KA4','ARE','S12LNASSNNNNNNCDNNSNN O S              A','S','B2R004',to_date('20/05/25','DD/MM/RR'),null,'EX03','S',to_date('11/04/25','DD/MM/RR'),'S','201321','N','S','F','N','N','N',null,'N','N',null,'N','N','N','G','E','N','N','N','S','3','M','E','N','S');


-- CONFIGURACION_AUTORIZACIONES

Insert into CONFIGURACION_AUTORIZACIONES (ID_CFG_AUTORIZACIONES,TIPO_COMPETENCIA,COD_PERMISO,COD_VIA,ALTA_EXPEDIENTES,MOD_EXPEDIENTES,RES_EXPEDIENTE,RES_PROPUESTA_AGE,RES_PROPUESTA_CCAA,GEN_TASAS_TRABAJO,GEN_TASAS_RESIDENCIA,POR_DEFECTO) values (SQ_CONF_AUTORIZACIONES.NEXTVAL,'00001','KAI','EXA','S','S','S','N','N','S','S','N');
Insert into CONFIGURACION_AUTORIZACIONES (ID_CFG_AUTORIZACIONES,TIPO_COMPETENCIA,COD_PERMISO,COD_VIA,ALTA_EXPEDIENTES,MOD_EXPEDIENTES,RES_EXPEDIENTE,RES_PROPUESTA_AGE,RES_PROPUESTA_CCAA,GEN_TASAS_TRABAJO,GEN_TASAS_RESIDENCIA,POR_DEFECTO) values (SQ_CONF_AUTORIZACIONES.NEXTVAL,'00001','KAI','EXB','S','S','S','N','N','S','S','N');
Insert into CONFIGURACION_AUTORIZACIONES (ID_CFG_AUTORIZACIONES,TIPO_COMPETENCIA,COD_PERMISO,COD_VIA,ALTA_EXPEDIENTES,MOD_EXPEDIENTES,RES_EXPEDIENTE,RES_PROPUESTA_AGE,RES_PROPUESTA_CCAA,GEN_TASAS_TRABAJO,GEN_TASAS_RESIDENCIA,POR_DEFECTO) values (SQ_CONF_AUTORIZACIONES.NEXTVAL,'00001','KAI','EXC','S','S','S','N','N','S','S','N');
Insert into CONFIGURACION_AUTORIZACIONES (ID_CFG_AUTORIZACIONES,TIPO_COMPETENCIA,COD_PERMISO,COD_VIA,ALTA_EXPEDIENTES,MOD_EXPEDIENTES,RES_EXPEDIENTE,RES_PROPUESTA_AGE,RES_PROPUESTA_CCAA,GEN_TASAS_TRABAJO,GEN_TASAS_RESIDENCIA,POR_DEFECTO) values (SQ_CONF_AUTORIZACIONES.NEXTVAL,'00001','KAI','EXD','S','S','S','N','N','S','S','N');
Insert into CONFIGURACION_AUTORIZACIONES (ID_CFG_AUTORIZACIONES,TIPO_COMPETENCIA,COD_PERMISO,COD_VIA,ALTA_EXPEDIENTES,MOD_EXPEDIENTES,RES_EXPEDIENTE,RES_PROPUESTA_AGE,RES_PROPUESTA_CCAA,GEN_TASAS_TRABAJO,GEN_TASAS_RESIDENCIA,POR_DEFECTO) values (SQ_CONF_AUTORIZACIONES.NEXTVAL,'00001','KAI','ODA','S','S','S','N','N','S','S','N');
Insert into CONFIGURACION_AUTORIZACIONES (ID_CFG_AUTORIZACIONES,TIPO_COMPETENCIA,COD_PERMISO,COD_VIA,ALTA_EXPEDIENTES,MOD_EXPEDIENTES,RES_EXPEDIENTE,RES_PROPUESTA_AGE,RES_PROPUESTA_CCAA,GEN_TASAS_TRABAJO,GEN_TASAS_RESIDENCIA,POR_DEFECTO) values (SQ_CONF_AUTORIZACIONES.NEXTVAL,'00001','KAI','ODB','S','S','S','N','N','S','S','N');
Insert into CONFIGURACION_AUTORIZACIONES (ID_CFG_AUTORIZACIONES,TIPO_COMPETENCIA,COD_PERMISO,COD_VIA,ALTA_EXPEDIENTES,MOD_EXPEDIENTES,RES_EXPEDIENTE,RES_PROPUESTA_AGE,RES_PROPUESTA_CCAA,GEN_TASAS_TRABAJO,GEN_TASAS_RESIDENCIA,POR_DEFECTO) values (SQ_CONF_AUTORIZACIONES.NEXTVAL,'00001','KAI','OGA','S','S','S','N','N','S','S','N');
Insert into CONFIGURACION_AUTORIZACIONES (ID_CFG_AUTORIZACIONES,TIPO_COMPETENCIA,COD_PERMISO,COD_VIA,ALTA_EXPEDIENTES,MOD_EXPEDIENTES,RES_EXPEDIENTE,RES_PROPUESTA_AGE,RES_PROPUESTA_CCAA,GEN_TASAS_TRABAJO,GEN_TASAS_RESIDENCIA,POR_DEFECTO) values (SQ_CONF_AUTORIZACIONES.NEXTVAL,'00001','KAI','OGB','S','S','S','N','N','S','S','N');
Insert into CONFIGURACION_AUTORIZACIONES (ID_CFG_AUTORIZACIONES,TIPO_COMPETENCIA,COD_PERMISO,COD_VIA,ALTA_EXPEDIENTES,MOD_EXPEDIENTES,RES_EXPEDIENTE,RES_PROPUESTA_AGE,RES_PROPUESTA_CCAA,GEN_TASAS_TRABAJO,GEN_TASAS_RESIDENCIA,POR_DEFECTO) values (SQ_CONF_AUTORIZACIONES.NEXTVAL,'00001','KAI','EA0','S','S','S','N','N','S','S','N');
Insert into CONFIGURACION_AUTORIZACIONES (ID_CFG_AUTORIZACIONES,TIPO_COMPETENCIA,COD_PERMISO,COD_VIA,ALTA_EXPEDIENTES,MOD_EXPEDIENTES,RES_EXPEDIENTE,RES_PROPUESTA_AGE,RES_PROPUESTA_CCAA,GEN_TASAS_TRABAJO,GEN_TASAS_RESIDENCIA,POR_DEFECTO) values (SQ_CONF_AUTORIZACIONES.NEXTVAL,'00001','KAI','EA1','S','S','S','N','N','S','S','N');
Insert into CONFIGURACION_AUTORIZACIONES (ID_CFG_AUTORIZACIONES,TIPO_COMPETENCIA,COD_PERMISO,COD_VIA,ALTA_EXPEDIENTES,MOD_EXPEDIENTES,RES_EXPEDIENTE,RES_PROPUESTA_AGE,RES_PROPUESTA_CCAA,GEN_TASAS_TRABAJO,GEN_TASAS_RESIDENCIA,POR_DEFECTO) values (SQ_CONF_AUTORIZACIONES.NEXTVAL,'00003','KAI','EXA','S','S','S','N','N','S','S','N');
Insert into CONFIGURACION_AUTORIZACIONES (ID_CFG_AUTORIZACIONES,TIPO_COMPETENCIA,COD_PERMISO,COD_VIA,ALTA_EXPEDIENTES,MOD_EXPEDIENTES,RES_EXPEDIENTE,RES_PROPUESTA_AGE,RES_PROPUESTA_CCAA,GEN_TASAS_TRABAJO,GEN_TASAS_RESIDENCIA,POR_DEFECTO) values (SQ_CONF_AUTORIZACIONES.NEXTVAL,'00003','KAI','EXB','S','S','S','N','N','S','S','N');
Insert into CONFIGURACION_AUTORIZACIONES (ID_CFG_AUTORIZACIONES,TIPO_COMPETENCIA,COD_PERMISO,COD_VIA,ALTA_EXPEDIENTES,MOD_EXPEDIENTES,RES_EXPEDIENTE,RES_PROPUESTA_AGE,RES_PROPUESTA_CCAA,GEN_TASAS_TRABAJO,GEN_TASAS_RESIDENCIA,POR_DEFECTO) values (SQ_CONF_AUTORIZACIONES.NEXTVAL,'00003','KAI','EXC','S','S','S','N','N','S','S','N');
Insert into CONFIGURACION_AUTORIZACIONES (ID_CFG_AUTORIZACIONES,TIPO_COMPETENCIA,COD_PERMISO,COD_VIA,ALTA_EXPEDIENTES,MOD_EXPEDIENTES,RES_EXPEDIENTE,RES_PROPUESTA_AGE,RES_PROPUESTA_CCAA,GEN_TASAS_TRABAJO,GEN_TASAS_RESIDENCIA,POR_DEFECTO) values (SQ_CONF_AUTORIZACIONES.NEXTVAL,'00003','KAI','EXD','S','S','S','N','N','S','S','N');
Insert into CONFIGURACION_AUTORIZACIONES (ID_CFG_AUTORIZACIONES,TIPO_COMPETENCIA,COD_PERMISO,COD_VIA,ALTA_EXPEDIENTES,MOD_EXPEDIENTES,RES_EXPEDIENTE,RES_PROPUESTA_AGE,RES_PROPUESTA_CCAA,GEN_TASAS_TRABAJO,GEN_TASAS_RESIDENCIA,POR_DEFECTO) values (SQ_CONF_AUTORIZACIONES.NEXTVAL,'00003','KAI','ODA','S','S','S','N','N','S','S','N');
Insert into CONFIGURACION_AUTORIZACIONES (ID_CFG_AUTORIZACIONES,TIPO_COMPETENCIA,COD_PERMISO,COD_VIA,ALTA_EXPEDIENTES,MOD_EXPEDIENTES,RES_EXPEDIENTE,RES_PROPUESTA_AGE,RES_PROPUESTA_CCAA,GEN_TASAS_TRABAJO,GEN_TASAS_RESIDENCIA,POR_DEFECTO) values (SQ_CONF_AUTORIZACIONES.NEXTVAL,'00003','KAI','ODB','S','S','S','N','N','S','S','N');
Insert into CONFIGURACION_AUTORIZACIONES (ID_CFG_AUTORIZACIONES,TIPO_COMPETENCIA,COD_PERMISO,COD_VIA,ALTA_EXPEDIENTES,MOD_EXPEDIENTES,RES_EXPEDIENTE,RES_PROPUESTA_AGE,RES_PROPUESTA_CCAA,GEN_TASAS_TRABAJO,GEN_TASAS_RESIDENCIA,POR_DEFECTO) values (SQ_CONF_AUTORIZACIONES.NEXTVAL,'00003','KAI','OGA','S','S','S','N','N','S','S','N');
Insert into CONFIGURACION_AUTORIZACIONES (ID_CFG_AUTORIZACIONES,TIPO_COMPETENCIA,COD_PERMISO,COD_VIA,ALTA_EXPEDIENTES,MOD_EXPEDIENTES,RES_EXPEDIENTE,RES_PROPUESTA_AGE,RES_PROPUESTA_CCAA,GEN_TASAS_TRABAJO,GEN_TASAS_RESIDENCIA,POR_DEFECTO) values (SQ_CONF_AUTORIZACIONES.NEXTVAL,'00003','KAI','OGB','S','S','S','N','N','S','S','N');
Insert into CONFIGURACION_AUTORIZACIONES (ID_CFG_AUTORIZACIONES,TIPO_COMPETENCIA,COD_PERMISO,COD_VIA,ALTA_EXPEDIENTES,MOD_EXPEDIENTES,RES_EXPEDIENTE,RES_PROPUESTA_AGE,RES_PROPUESTA_CCAA,GEN_TASAS_TRABAJO,GEN_TASAS_RESIDENCIA,POR_DEFECTO) values (SQ_CONF_AUTORIZACIONES.NEXTVAL,'00003','KAI','EA0','S','S','S','N','N','S','S','N');
Insert into CONFIGURACION_AUTORIZACIONES (ID_CFG_AUTORIZACIONES,TIPO_COMPETENCIA,COD_PERMISO,COD_VIA,ALTA_EXPEDIENTES,MOD_EXPEDIENTES,RES_EXPEDIENTE,RES_PROPUESTA_AGE,RES_PROPUESTA_CCAA,GEN_TASAS_TRABAJO,GEN_TASAS_RESIDENCIA,POR_DEFECTO) values (SQ_CONF_AUTORIZACIONES.NEXTVAL,'00003','KAI','EA1','S','S','S','N','N','S','S','N');
Insert into CONFIGURACION_AUTORIZACIONES (ID_CFG_AUTORIZACIONES,TIPO_COMPETENCIA,COD_PERMISO,COD_VIA,ALTA_EXPEDIENTES,MOD_EXPEDIENTES,RES_EXPEDIENTE,RES_PROPUESTA_AGE,RES_PROPUESTA_CCAA,GEN_TASAS_TRABAJO,GEN_TASAS_RESIDENCIA,POR_DEFECTO) values (SQ_CONF_AUTORIZACIONES.NEXTVAL,'00001','AAI','SGT','S','S','S','N','N','S','S','N');
Insert into CONFIGURACION_AUTORIZACIONES (ID_CFG_AUTORIZACIONES,TIPO_COMPETENCIA,COD_PERMISO,COD_VIA,ALTA_EXPEDIENTES,MOD_EXPEDIENTES,RES_EXPEDIENTE,RES_PROPUESTA_AGE,RES_PROPUESTA_CCAA,GEN_TASAS_TRABAJO,GEN_TASAS_RESIDENCIA,POR_DEFECTO) values (SQ_CONF_AUTORIZACIONES.NEXTVAL,'00001','KAI','IG0','S','S','S','N','N','S','S','N');
Insert into CONFIGURACION_AUTORIZACIONES (ID_CFG_AUTORIZACIONES,TIPO_COMPETENCIA,COD_PERMISO,COD_VIA,ALTA_EXPEDIENTES,MOD_EXPEDIENTES,RES_EXPEDIENTE,RES_PROPUESTA_AGE,RES_PROPUESTA_CCAA,GEN_TASAS_TRABAJO,GEN_TASAS_RESIDENCIA,POR_DEFECTO) values (SQ_CONF_AUTORIZACIONES.NEXTVAL,'00001','KAI','IG1','S','S','S','N','N','S','S','N');
Insert into CONFIGURACION_AUTORIZACIONES (ID_CFG_AUTORIZACIONES,TIPO_COMPETENCIA,COD_PERMISO,COD_VIA,ALTA_EXPEDIENTES,MOD_EXPEDIENTES,RES_EXPEDIENTE,RES_PROPUESTA_AGE,RES_PROPUESTA_CCAA,GEN_TASAS_TRABAJO,GEN_TASAS_RESIDENCIA,POR_DEFECTO) values (SQ_CONF_AUTORIZACIONES.NEXTVAL,'00001','KAI','CE0','S','S','S','N','N','S','S','N');
Insert into CONFIGURACION_AUTORIZACIONES (ID_CFG_AUTORIZACIONES,TIPO_COMPETENCIA,COD_PERMISO,COD_VIA,ALTA_EXPEDIENTES,MOD_EXPEDIENTES,RES_EXPEDIENTE,RES_PROPUESTA_AGE,RES_PROPUESTA_CCAA,GEN_TASAS_TRABAJO,GEN_TASAS_RESIDENCIA,POR_DEFECTO) values (SQ_CONF_AUTORIZACIONES.NEXTVAL,'00001','KAI','CE1','S','S','S','N','N','S','S','N');
Insert into CONFIGURACION_AUTORIZACIONES (ID_CFG_AUTORIZACIONES,TIPO_COMPETENCIA,COD_PERMISO,COD_VIA,ALTA_EXPEDIENTES,MOD_EXPEDIENTES,RES_EXPEDIENTE,RES_PROPUESTA_AGE,RES_PROPUESTA_CCAA,GEN_TASAS_TRABAJO,GEN_TASAS_RESIDENCIA,POR_DEFECTO) values (SQ_CONF_AUTORIZACIONES.NEXTVAL,'00001','AAR','ATF','S','S','S','N','N','S','S','N');
Insert into CONFIGURACION_AUTORIZACIONES (ID_CFG_AUTORIZACIONES,TIPO_COMPETENCIA,COD_PERMISO,COD_VIA,ALTA_EXPEDIENTES,MOD_EXPEDIENTES,RES_EXPEDIENTE,RES_PROPUESTA_AGE,RES_PROPUESTA_CCAA,GEN_TASAS_TRABAJO,GEN_TASAS_RESIDENCIA,POR_DEFECTO) values (SQ_CONF_AUTORIZACIONES.NEXTVAL,'00002','KAI','EA2','S','S','S','N','N','S','S','N');
Insert into CONFIGURACION_AUTORIZACIONES (ID_CFG_AUTORIZACIONES,TIPO_COMPETENCIA,COD_PERMISO,COD_VIA,ALTA_EXPEDIENTES,MOD_EXPEDIENTES,RES_EXPEDIENTE,RES_PROPUESTA_AGE,RES_PROPUESTA_CCAA,GEN_TASAS_TRABAJO,GEN_TASAS_RESIDENCIA,POR_DEFECTO) values (SQ_CONF_AUTORIZACIONES.NEXTVAL,'00002','KAI','EA3','S','S','S','N','N','S','S','N');
Insert into CONFIGURACION_AUTORIZACIONES (ID_CFG_AUTORIZACIONES,TIPO_COMPETENCIA,COD_PERMISO,COD_VIA,ALTA_EXPEDIENTES,MOD_EXPEDIENTES,RES_EXPEDIENTE,RES_PROPUESTA_AGE,RES_PROPUESTA_CCAA,GEN_TASAS_TRABAJO,GEN_TASAS_RESIDENCIA,POR_DEFECTO) values (SQ_CONF_AUTORIZACIONES.NEXTVAL,'00002','KAI','EA4','S','S','S','N','N','S','S','N');
Insert into CONFIGURACION_AUTORIZACIONES (ID_CFG_AUTORIZACIONES,TIPO_COMPETENCIA,COD_PERMISO,COD_VIA,ALTA_EXPEDIENTES,MOD_EXPEDIENTES,RES_EXPEDIENTE,RES_PROPUESTA_AGE,RES_PROPUESTA_CCAA,GEN_TASAS_TRABAJO,GEN_TASAS_RESIDENCIA,POR_DEFECTO) values (SQ_CONF_AUTORIZACIONES.NEXTVAL,'00002','KAI','EA5','S','S','S','N','N','S','S','N');
Insert into CONFIGURACION_AUTORIZACIONES (ID_CFG_AUTORIZACIONES,TIPO_COMPETENCIA,COD_PERMISO,COD_VIA,ALTA_EXPEDIENTES,MOD_EXPEDIENTES,RES_EXPEDIENTE,RES_PROPUESTA_AGE,RES_PROPUESTA_CCAA,GEN_TASAS_TRABAJO,GEN_TASAS_RESIDENCIA,POR_DEFECTO) values (SQ_CONF_AUTORIZACIONES.NEXTVAL,'00002','ATI','IPA','S','S','S','N','N','S','S','N');
Insert into CONFIGURACION_AUTORIZACIONES (ID_CFG_AUTORIZACIONES,TIPO_COMPETENCIA,COD_PERMISO,COD_VIA,ALTA_EXPEDIENTES,MOD_EXPEDIENTES,RES_EXPEDIENTE,RES_PROPUESTA_AGE,RES_PROPUESTA_CCAA,GEN_TASAS_TRABAJO,GEN_TASAS_RESIDENCIA,POR_DEFECTO) values (SQ_CONF_AUTORIZACIONES.NEXTVAL,'00002','KAI','EFC','S','S','S','N','N','S','S','N');
Insert into CONFIGURACION_AUTORIZACIONES (ID_CFG_AUTORIZACIONES,TIPO_COMPETENCIA,COD_PERMISO,COD_VIA,ALTA_EXPEDIENTES,MOD_EXPEDIENTES,RES_EXPEDIENTE,RES_PROPUESTA_AGE,RES_PROPUESTA_CCAA,GEN_TASAS_TRABAJO,GEN_TASAS_RESIDENCIA,POR_DEFECTO) values (SQ_CONF_AUTORIZACIONES.NEXTVAL,'00002','KA4','SG0','S','S','S','N','N','S','S','N');
Insert into CONFIGURACION_AUTORIZACIONES (ID_CFG_AUTORIZACIONES,TIPO_COMPETENCIA,COD_PERMISO,COD_VIA,ALTA_EXPEDIENTES,MOD_EXPEDIENTES,RES_EXPEDIENTE,RES_PROPUESTA_AGE,RES_PROPUESTA_CCAA,GEN_TASAS_TRABAJO,GEN_TASAS_RESIDENCIA,POR_DEFECTO) values (SQ_CONF_AUTORIZACIONES.NEXTVAL,'00002','KA1','SG1','S','S','S','N','N','S','S','N');
Insert into CONFIGURACION_AUTORIZACIONES (ID_CFG_AUTORIZACIONES,TIPO_COMPETENCIA,COD_PERMISO,COD_VIA,ALTA_EXPEDIENTES,MOD_EXPEDIENTES,RES_EXPEDIENTE,RES_PROPUESTA_AGE,RES_PROPUESTA_CCAA,GEN_TASAS_TRABAJO,GEN_TASAS_RESIDENCIA,POR_DEFECTO) values (SQ_CONF_AUTORIZACIONES.NEXTVAL,'00002','KA4','BP0','S','S','S','N','N','S','S','N');
Insert into CONFIGURACION_AUTORIZACIONES (ID_CFG_AUTORIZACIONES,TIPO_COMPETENCIA,COD_PERMISO,COD_VIA,ALTA_EXPEDIENTES,MOD_EXPEDIENTES,RES_EXPEDIENTE,RES_PROPUESTA_AGE,RES_PROPUESTA_CCAA,GEN_TASAS_TRABAJO,GEN_TASAS_RESIDENCIA,POR_DEFECTO) values (SQ_CONF_AUTORIZACIONES.NEXTVAL,'00002','KA1','BP1','S','S','S','N','N','S','S','N');
Insert into CONFIGURACION_AUTORIZACIONES (ID_CFG_AUTORIZACIONES,TIPO_COMPETENCIA,COD_PERMISO,COD_VIA,ALTA_EXPEDIENTES,MOD_EXPEDIENTES,RES_EXPEDIENTE,RES_PROPUESTA_AGE,RES_PROPUESTA_CCAA,GEN_TASAS_TRABAJO,GEN_TASAS_RESIDENCIA,POR_DEFECTO) values (SQ_CONF_AUTORIZACIONES.NEXTVAL,'00002','AT3','IPA','S','S','S','N','N','S','S','N');
Insert into CONFIGURACION_AUTORIZACIONES (ID_CFG_AUTORIZACIONES,TIPO_COMPETENCIA,COD_PERMISO,COD_VIA,ALTA_EXPEDIENTES,MOD_EXPEDIENTES,RES_EXPEDIENTE,RES_PROPUESTA_AGE,RES_PROPUESTA_CCAA,GEN_TASAS_TRABAJO,GEN_TASAS_RESIDENCIA,POR_DEFECTO) values (SQ_CONF_AUTORIZACIONES.NEXTVAL,'00003','KAI','EA2','S','S','S','N','N','S','S','N');
Insert into CONFIGURACION_AUTORIZACIONES (ID_CFG_AUTORIZACIONES,TIPO_COMPETENCIA,COD_PERMISO,COD_VIA,ALTA_EXPEDIENTES,MOD_EXPEDIENTES,RES_EXPEDIENTE,RES_PROPUESTA_AGE,RES_PROPUESTA_CCAA,GEN_TASAS_TRABAJO,GEN_TASAS_RESIDENCIA,POR_DEFECTO) values (SQ_CONF_AUTORIZACIONES.NEXTVAL,'00003','KAI','EA3','S','S','S','N','N','S','S','N');
Insert into CONFIGURACION_AUTORIZACIONES (ID_CFG_AUTORIZACIONES,TIPO_COMPETENCIA,COD_PERMISO,COD_VIA,ALTA_EXPEDIENTES,MOD_EXPEDIENTES,RES_EXPEDIENTE,RES_PROPUESTA_AGE,RES_PROPUESTA_CCAA,GEN_TASAS_TRABAJO,GEN_TASAS_RESIDENCIA,POR_DEFECTO) values (SQ_CONF_AUTORIZACIONES.NEXTVAL,'00003','KAI','EA4','S','S','S','N','N','S','S','N');
Insert into CONFIGURACION_AUTORIZACIONES (ID_CFG_AUTORIZACIONES,TIPO_COMPETENCIA,COD_PERMISO,COD_VIA,ALTA_EXPEDIENTES,MOD_EXPEDIENTES,RES_EXPEDIENTE,RES_PROPUESTA_AGE,RES_PROPUESTA_CCAA,GEN_TASAS_TRABAJO,GEN_TASAS_RESIDENCIA,POR_DEFECTO) values (SQ_CONF_AUTORIZACIONES.NEXTVAL,'00003','KAI','EA5','S','S','S','N','N','S','S','N');
Insert into CONFIGURACION_AUTORIZACIONES (ID_CFG_AUTORIZACIONES,TIPO_COMPETENCIA,COD_PERMISO,COD_VIA,ALTA_EXPEDIENTES,MOD_EXPEDIENTES,RES_EXPEDIENTE,RES_PROPUESTA_AGE,RES_PROPUESTA_CCAA,GEN_TASAS_TRABAJO,GEN_TASAS_RESIDENCIA,POR_DEFECTO) values (SQ_CONF_AUTORIZACIONES.NEXTVAL,'00003','ATI','IPA','S','S','S','N','N','S','S','N');
Insert into CONFIGURACION_AUTORIZACIONES (ID_CFG_AUTORIZACIONES,TIPO_COMPETENCIA,COD_PERMISO,COD_VIA,ALTA_EXPEDIENTES,MOD_EXPEDIENTES,RES_EXPEDIENTE,RES_PROPUESTA_AGE,RES_PROPUESTA_CCAA,GEN_TASAS_TRABAJO,GEN_TASAS_RESIDENCIA,POR_DEFECTO) values (SQ_CONF_AUTORIZACIONES.NEXTVAL,'00003','KAI','EFC','S','S','S','N','N','S','S','N');
Insert into CONFIGURACION_AUTORIZACIONES (ID_CFG_AUTORIZACIONES,TIPO_COMPETENCIA,COD_PERMISO,COD_VIA,ALTA_EXPEDIENTES,MOD_EXPEDIENTES,RES_EXPEDIENTE,RES_PROPUESTA_AGE,RES_PROPUESTA_CCAA,GEN_TASAS_TRABAJO,GEN_TASAS_RESIDENCIA,POR_DEFECTO) values (SQ_CONF_AUTORIZACIONES.NEXTVAL,'00003','KA4','SG0','S','S','S','N','N','S','S','N');
Insert into CONFIGURACION_AUTORIZACIONES (ID_CFG_AUTORIZACIONES,TIPO_COMPETENCIA,COD_PERMISO,COD_VIA,ALTA_EXPEDIENTES,MOD_EXPEDIENTES,RES_EXPEDIENTE,RES_PROPUESTA_AGE,RES_PROPUESTA_CCAA,GEN_TASAS_TRABAJO,GEN_TASAS_RESIDENCIA,POR_DEFECTO) values (SQ_CONF_AUTORIZACIONES.NEXTVAL,'00003','KA1','SG1','S','S','S','N','N','S','S','N');
Insert into CONFIGURACION_AUTORIZACIONES (ID_CFG_AUTORIZACIONES,TIPO_COMPETENCIA,COD_PERMISO,COD_VIA,ALTA_EXPEDIENTES,MOD_EXPEDIENTES,RES_EXPEDIENTE,RES_PROPUESTA_AGE,RES_PROPUESTA_CCAA,GEN_TASAS_TRABAJO,GEN_TASAS_RESIDENCIA,POR_DEFECTO) values (SQ_CONF_AUTORIZACIONES.NEXTVAL,'00003','KA4','BP0','S','S','S','N','N','S','S','N');
Insert into CONFIGURACION_AUTORIZACIONES (ID_CFG_AUTORIZACIONES,TIPO_COMPETENCIA,COD_PERMISO,COD_VIA,ALTA_EXPEDIENTES,MOD_EXPEDIENTES,RES_EXPEDIENTE,RES_PROPUESTA_AGE,RES_PROPUESTA_CCAA,GEN_TASAS_TRABAJO,GEN_TASAS_RESIDENCIA,POR_DEFECTO) values (SQ_CONF_AUTORIZACIONES.NEXTVAL,'00003','KA1','BP1','S','S','S','N','N','S','S','N');
Insert into CONFIGURACION_AUTORIZACIONES (ID_CFG_AUTORIZACIONES,TIPO_COMPETENCIA,COD_PERMISO,COD_VIA,ALTA_EXPEDIENTES,MOD_EXPEDIENTES,RES_EXPEDIENTE,RES_PROPUESTA_AGE,RES_PROPUESTA_CCAA,GEN_TASAS_TRABAJO,GEN_TASAS_RESIDENCIA,POR_DEFECTO) values (SQ_CONF_AUTORIZACIONES.NEXTVAL,'00003','AT3','IPA','S','S','S','N','N','S','S','N');
Insert into CONFIGURACION_AUTORIZACIONES (ID_CFG_AUTORIZACIONES,TIPO_COMPETENCIA,COD_PERMISO,COD_VIA,ALTA_EXPEDIENTES,MOD_EXPEDIENTES,RES_EXPEDIENTE,RES_PROPUESTA_AGE,RES_PROPUESTA_CCAA,GEN_TASAS_TRABAJO,GEN_TASAS_RESIDENCIA,POR_DEFECTO) values (SQ_CONF_AUTORIZACIONES.NEXTVAL,'00004','KAI','VRE','S','S','S','N','N','S','S','N');
Insert into CONFIGURACION_AUTORIZACIONES (ID_CFG_AUTORIZACIONES,TIPO_COMPETENCIA,COD_PERMISO,COD_VIA,ALTA_EXPEDIENTES,MOD_EXPEDIENTES,RES_EXPEDIENTE,RES_PROPUESTA_AGE,RES_PROPUESTA_CCAA,GEN_TASAS_TRABAJO,GEN_TASAS_RESIDENCIA,POR_DEFECTO) values (SQ_CONF_AUTORIZACIONES.NEXTVAL,'00004','KA4','ARE','S','S','S','N','N','S','S','N');


commit;

-- EX26

-- PERMISOS

Insert into PERMISOS (EPEPER,EPENOM,EPELUC,EPECOM,EPECAP,EPEFCO,EPEFEX,EPERES,EPEVAL,EPEGRP,EPETIP,EPEFLAGS,EPEVIA,EPEMVA,EPEREG,EPECARTASMTAS,EPENOMBRESEDE,EXCLUDESEDE) values ('MAI','MODIFICACIÓN RESIDENCIA TEMPORAL Y TRABAJO CUENTA AJENA INICIAL','N',' ','N',' ',' ','S','S','PER','RE','SSNCSNNSNNNNSNN','FA1','12','RD1155','S',null,'N');
Insert into PERMISOS (EPEPER,EPENOM,EPELUC,EPECOM,EPECAP,EPEFCO,EPEFEX,EPERES,EPEVAL,EPEGRP,EPETIP,EPEFLAGS,EPEVIA,EPEMVA,EPEREG,EPECARTASMTAS,EPENOMBRESEDE,EXCLUDESEDE) values ('MF1','MODIFICACIÓN FAMILIAR REAGRUPADO INICIAL','N',' ','N',' ',' ','S','S','PER','RE','SSNCSNNSNNNNSNN','FA1','12','RD1155','S',null,'N');
Insert into PERMISOS (EPEPER,EPENOM,EPELUC,EPECOM,EPECAP,EPEFCO,EPEFEX,EPERES,EPEVAL,EPEGRP,EPETIP,EPEFLAGS,EPEVIA,EPEMVA,EPEREG,EPECARTASMTAS,EPENOMBRESEDE,EXCLUDESEDE) values ('MPI','MODIFICACIÓN RESIDENCIA TEMPORAL Y TRABAJO CUENTA PROPIA INICIAL','N',' ','N',' ',' ','S','S','PER','RE','SSNCSNNSNNNNSNN','FA1','12','RD1155','S',null,'N');
Insert into PERMISOS (EPEPER,EPENOM,EPELUC,EPECOM,EPECAP,EPEFCO,EPEFEX,EPERES,EPEVAL,EPEGRP,EPETIP,EPEFLAGS,EPEVIA,EPEMVA,EPEREG,EPECARTASMTAS,EPENOMBRESEDE,EXCLUDESEDE) values ('MTI','MODIFICACIÓN RESIDENCIA TEMPORAL Y TRABAJO INICIAL','N',' ','N',' ',' ','S','S','PER','RE','SSNCSNNSNNNNSNN','FA1','12','RD1155','S',null,'N');
Insert into PERMISOS (EPEPER,EPENOM,EPELUC,EPECOM,EPECAP,EPEFCO,EPEFEX,EPERES,EPEVAL,EPEGRP,EPETIP,EPEFLAGS,EPEVIA,EPEMVA,EPEREG,EPECARTASMTAS,EPENOMBRESEDE,EXCLUDESEDE) values ('MTE','MODIFICACIÓN RESIDENCIA TEMPORAL EXCEPTUADA','N',' ','N',' ',' ','S','S','PER','RE','SSNCSNNSNNNNSNN','FA1','12','RD1155','S',null,'N');
Insert into PERMISOS (EPEPER,EPENOM,EPELUC,EPECOM,EPECAP,EPEFCO,EPEFEX,EPERES,EPEVAL,EPEGRP,EPETIP,EPEFLAGS,EPEVIA,EPEMVA,EPEREG,EPECARTASMTAS,EPENOMBRESEDE,EXCLUDESEDE) values ('M2R','MODIFICACIÓN RESIDENCIA TEMPORAL Y TRABAJO CUENTA AJENA Y PROPIA RENOVADA','N',' ','N',' ',' ','S','S','PER','RE','SSNCSNNSNNNNSNN','FA1','12','RD1155','S',null,'N');
Insert into PERMISOS (EPEPER,EPENOM,EPELUC,EPECOM,EPECAP,EPEFCO,EPEFEX,EPERES,EPEVAL,EPEGRP,EPETIP,EPEFLAGS,EPEVIA,EPEMVA,EPEREG,EPECARTASMTAS,EPENOMBRESEDE,EXCLUDESEDE) values ('M2I','MODIFICACIÓN RESIDENCIA TEMPORAL Y TRABAJO CUENTA AJENA Y PROPIA INICIAL','N',' ','N',' ',' ','S','S','PER','RE','SSNCSNNSNNNNSNN','FA1','12','RD1155','S',null,'N');
Insert into PERMISOS (EPEPER,EPENOM,EPELUC,EPECOM,EPECAP,EPEFCO,EPEFEX,EPERES,EPEVAL,EPEGRP,EPETIP,EPEFLAGS,EPEVIA,EPEMVA,EPEREG,EPECARTASMTAS,EPENOMBRESEDE,EXCLUDESEDE) values ('MTN','MODIFICACIÓN RESIDENCIA TEMPORAL NO LUCRATIVA INICIAL','N',' ','N',' ',' ','S','S','PER','RE','SSNCSNNSNNNNSNN','FA1','12','RD1155','S',null,'N');


-- VIA_ACCESO

INSERT INTO VIA_ACCESO (EVICOD,EVIDES,EVICER,EVIGEN) VALUES ('MET','DE ESTANCIA LARGA DURACIÓN POR ESTUDIOS SUPERIORES, ENSEÑANZA SECUNDARIA O ACTIVIDADES FORMATIVAS  A RESIDENCIA Y TRABAJO POR CUENTA AJENA POR OBTENER TITULACIÓN (ART. 52.A),B),4º-5º E),58 Y 190)','N','S');
INSERT INTO VIA_ACCESO (EVICOD,EVIDES,EVICER,EVIGEN) VALUES ('MFE','DE ESTANCIA COMO FAMILIAR DE ESTUDIANTE A PERMISO DE RESIDENCIA Y TRABAJO COMO FAMILIAR REAGRUPADO (190.5)','N','S');
INSERT INTO VIA_ACCESO (EVICOD,EVIDES,EVICER,EVIGEN) VALUES ('MEA','DE ESTANCIA LARGA DURACIÓN POR ESTUDIOS SUPERIORES, ENSEÑANZA SECUNDARIA O ACTIVIDADES FORMATIVAS  A RESIDENCIA Y TRABAJO POR CUENTA PROPIA POR OBTENER TITULACIÓN (ART. 52.A),B),4º-5º E),58 Y 190)','N','S');
INSERT INTO VIA_ACCESO (EVICOD,EVIDES,EVICER,EVIGEN) VALUES ('MBE','TITULAR DE ESTANCIA POR ESTUDIOS SUPERIORES QUE CESA PARA BÚSQUEDA DE EMPLEO (DA 17ª DE LA LEY 14/2013) POR HABER FINALIZADO ESTUDIOS SUPERIORES (NIVEL 6 MECES).','N','S');
INSERT INTO VIA_ACCESO (EVICOD,EVIDES,EVICER,EVIGEN) VALUES ('MEE','DE ESTANCIA POR ESTUDIOS SUPERIORES, ENSEÑANZA SECUNDARIA O ACTIVIDADES FORMATIVAS POR OBTENER TITULACIÓN (ART. 52.A),B),4º-5º E),58 Y 190) A RESIDENCIA CON EXCEPCIÓN DE AUTORIZACIÓN DE TRABAJO','N','S');
INSERT INTO VIA_ACCESO (EVICOD,EVIDES,EVICER,EVIGEN) VALUES ('MA1','DE RESIDENCIA TEMPORAL NO LUCRATIVA, CON EXCEPCIÓN DE TRABAJO,  O QUE NO HABILITA A TRABAJAR Y QUE LLEVA MENOS DE UN AÑO EN TERRITORIO NACIONAL A RESIDENCIA Y TRABAJO POR CUENTA AJENA  (99.7ART.191.2 Y 8)  ','N','S');
INSERT INTO VIA_ACCESO (EVICOD,EVIDES,EVICER,EVIGEN) VALUES ('MA2','DE RESIDENCIA TEMPORAL NO LUCRATIVA, CON EXCEPCIÓN DE TRABAJO, DE  FAMILIAR DE COMUNITARIO QUE CESA E TAL CONDICIÓN O DE ESPAÑOL SIN DERECHO A MANTENER AUTORIZACIÓN  QUE NO AUTORIZABA A TRABAJAR Y  QUE LLEVA MÁS DE UN AÑO EN TERRITORIO NACIONAL. A RESIDENCIA Y TRABAJO POR CUENTA AJENA. (99.7, 191.3 Y 8)','N','S');
INSERT INTO VIA_ACCESO (EVICOD,EVIDES,EVICER,EVIGEN) VALUES ('MP2','DE RESIDENCIA TEMPORAL NO LUCRATIVA, CON EXCEPCIÓN DE TRABAJO,  DE  FAMILIAR DE COMUNITARIO QUE CESA EN TAL CONDICIÓN O DE ESPAÑOL SIN DERECHO A MANTENER AUTORIZACIÓN  Y QUE NO AUTORIZABA A TRABAJAR  QUE LLEVA MÁS DE UN AÑO EN TERRITORIO NACIONAL. A RESIDENCIA Y TRABAJO POR CUENTA PROPIA. (99.7, 191.3 Y 8)','N','S');
INSERT INTO VIA_ACCESO (EVICOD,EVIDES,EVICER,EVIGEN) VALUES ('MCA','DE RESIDENCIA TEMPORAL QUE YA AUTORIZABA A TRABAJAR Y QUE LLEVA MÁS DE UN AÑO EN TERRITORIO NACIONAL. A RESIDENCIA Y TRABAJO POR CUENTA AJENA Y CUENTA PROPIA. (191.3 Y 8)','N','S');
INSERT INTO VIA_ACCESO (EVICOD,EVIDES,EVICER,EVIGEN) VALUES ('MGT','DE RESIDENCIA Y TRABAJO POR CUENTA AJENA INICIAL CON LIMITACIÓN GEOGRÁFICA A RESIDENCIA Y TRABAJO POR CUENTA AJENA CON CAMBIO GEOGRÁFICO ART.192','N','S');
INSERT INTO VIA_ACCESO (EVICOD,EVIDES,EVICER,EVIGEN) VALUES ('MST','DE RESIDENCIA Y TRABAJO POR CUENTA AJENA INICIAL CON LIMITACIÓN SECTORIAL A RESIDENCIA Y TRABAJO POR CUENTA AJENA SIN LIMITACIÓN SECTORIAL ART.192','N','S');
INSERT INTO VIA_ACCESO (EVICOD,EVIDES,EVICER,EVIGEN) VALUES ('MSG','DE RESIDENCIA Y TRABAJO POR CUENTA AJENA INICIAL CON LIMITACIÓN SECTORIAL Y GEOGRÁFICA A RESIDENCIA Y TRABAJO POR CUENTA AJENA SIN LIMITACIÓN SECTORIAL Y CAMBIO GEOGRÁFICO ART.192','N','S');
INSERT INTO VIA_ACCESO (EVICOD,EVIDES,EVICER,EVIGEN) VALUES ('MCL','DE RESIDENCIA Y TRABAJO POR CUENTA AJENA INICIAL  A RESIDENCIA Y TRABAJO INCIAL CON CAMBIO DE EMPLEADOR ART.76','N','S');
INSERT INTO VIA_ACCESO (EVICOD,EVIDES,EVICER,EVIGEN) VALUES ('MAP','DE RESIDENCIA Y TRABAJO POR CUENTA AJENA INICIAL A RESIDENCIA Y TRABAJO POR CUENTA AJENA Y CUENTA PROPIA ','N','S');
INSERT INTO VIA_ACCESO (EVICOD,EVIDES,EVICER,EVIGEN) VALUES ('MTA','DE RESIDENCIA Y TRABAJO POR ACTIVIDADES DE TEMPORADA A RESIDENCIA Y TRABAJO POR CUENTA AJENA (ART 191.6)','N','S');
INSERT INTO VIA_ACCESO (EVICOD,EVIDES,EVICER,EVIGEN) VALUES ('MTP','DE RESIDENCIA Y TRABAJO POR ACTIVIDADES DE TEMPORADA A RESIDENCIA Y TRABAJO POR CUENTA PROPIA(ART 191.6)','N','S');
INSERT INTO VIA_ACCESO (EVICOD,EVIDES,EVICER,EVIGEN) VALUES ('MIE','DE RESIDENCIA TEMPORAL COMO FAMILIAR DE NACIONAL ESPAÑOL  A RESIDENCIA Y TRABAJO POR CUENTA PROPIA Y AJENA INDEPENDIENTE POR PÉRDIDA DE VÍNCULO PERO CON DERECHO A MANTENER AUTORIZACIÓN DE RESIDENCIA  (ARTÍCULO 99.6)','N','S');
INSERT INTO VIA_ACCESO (EVICOD,EVIDES,EVICER,EVIGEN) VALUES ('MCE','DE RESIDENCIA TEMPORAL COMO FAMILIAR DE COMUNITARIO O DE ESPAÑOL A RESIDENCIA CON EXCEPCIÓN DE AUTORIZACIÓN DE TRABAJO  ART. 99 Y 191.8','N','S');
INSERT INTO VIA_ACCESO (EVICOD,EVIDES,EVICER,EVIGEN) VALUES ('MNL','DE RESIDENCIA TEMPORAL COMO FAMILIAR DE COMUNITARIO O DE ESPAÑOL A RESIDENCIA NO LUCRATIVA  ART.  61, 99.7  Y 191.8','N','S');

-- AUTORIZAC

Insert into AUTORIZAC (AUTCOD,AUTDES,AUTFLAGS,AUTVAL,AUTGRP,AUTCLA,AUTMOD,AUTTIP,AUTDES_CAT,AUTDES_CAT_CAS,AUTDES_UMI,AUTJERAR,AUTCLAS) values ('I3I000','MODIFICACIÓN RESIDENCIA TEMPORAL Y TRABAJO CUENTA AJENA INICIAL - De estancia larga duración por estudios superiores, enseñanza secundaria o actividades formativas  a residencia y trabajo por cuenta ajena por obtener titulación (art. 52.a),b),4º-5º e),58 y 190)',null,'S',null,null,null,null,null,null,null,null,null);
Insert into AUTORIZAC (AUTCOD,AUTDES,AUTFLAGS,AUTVAL,AUTGRP,AUTCLA,AUTMOD,AUTTIP,AUTDES_CAT,AUTDES_CAT_CAS,AUTDES_UMI,AUTJERAR,AUTCLAS) values ('I1I000','MODIFICACIÓN FAMILIAR REAGRUPADO INICIAL - De estancia como familiar de estudiante a permiso de residencia y trabajo como familiar reagrupado (190.5)',null,'S',null,null,null,null,null,null,null,null,null);
Insert into AUTORIZAC (AUTCOD,AUTDES,AUTFLAGS,AUTVAL,AUTGRP,AUTCLA,AUTMOD,AUTTIP,AUTDES_CAT,AUTDES_CAT_CAS,AUTDES_UMI,AUTJERAR,AUTCLAS) values ('I4I000','MODIFICACIÓN RESIDENCIA TEMPORAL Y TRABAJO CUENTA PROPIA INICIAL - De estancia larga duración por estudios superiores, enseñanza secundaria o actividades formativas  a residencia y trabajo por cuenta propia por obtener titulación (art. 52.a),b),4º-5º e),58 y 190)',null,'S',null,null,null,null,null,null,null,null,null);
Insert into AUTORIZAC (AUTCOD,AUTDES,AUTFLAGS,AUTVAL,AUTGRP,AUTCLA,AUTMOD,AUTTIP,AUTDES_CAT,AUTDES_CAT_CAS,AUTDES_UMI,AUTJERAR,AUTCLAS) values ('I5I000','MODIFICACIÓN RESIDENCIA TEMPORAL Y TRABAJO INICIAL - TITULAR de estancia por estudios superiores que cesa para búsqueda de empleo (DA 17ª de la Ley 14/2013) por haber finalizado estudios superiores (Nivel 6 MECES).',null,'S',null,null,null,null,null,null,null,null,null);
Insert into AUTORIZAC (AUTCOD,AUTDES,AUTFLAGS,AUTVAL,AUTGRP,AUTCLA,AUTMOD,AUTTIP,AUTDES_CAT,AUTDES_CAT_CAS,AUTDES_UMI,AUTJERAR,AUTCLAS) values ('I6I000','MODIFICACIÓN RESIDENCIA TEMPORAL EXCEPTUADA - De estancia por estudios superiores, enseñanza secundaria o actividades formativas por obtener titulación (art. 52.a),b),4º-5º e),58 y 190) a residencia con excepción de autorización de trabajo',null,'S',null,null,null,null,null,null,null,null,null);
Insert into AUTORIZAC (AUTCOD,AUTDES,AUTFLAGS,AUTVAL,AUTGRP,AUTCLA,AUTMOD,AUTTIP,AUTDES_CAT,AUTDES_CAT_CAS,AUTDES_UMI,AUTJERAR,AUTCLAS) values ('I3I001','MODIFICACIÓN RESIDENCIA TEMPORAL Y TRABAJO CUENTA AJENA INICIAL - De residencia temporal no lucrativa, con excepción de trabajo,  o que no habilita a trabajar y que lleva menos de un año en territorio nacional a residencia y trabajo por cuenta ajena  (99.7ART.191.2 y 8)  ',null,'S',null,null,null,null,null,null,null,null,null);
Insert into AUTORIZAC (AUTCOD,AUTDES,AUTFLAGS,AUTVAL,AUTGRP,AUTCLA,AUTMOD,AUTTIP,AUTDES_CAT,AUTDES_CAT_CAS,AUTDES_UMI,AUTJERAR,AUTCLAS) values ('I3I002','MODIFICACIÓN RESIDENCIA TEMPORAL Y TRABAJO CUENTA AJENA INICIAL - De residencia temporal no lucrativa, con excepción de trabajo, de  familiar de comunitario que cesa e tal condición o de español sin derecho a mantener autorización  que no autorizaba a trabajar y  que lleva más de un año en territorio nacional. a residencia y trabajo por cuenta ajena. (99.7, 191.3 y 8)',null,'S',null,null,null,null,null,null,null,null,null);
Insert into AUTORIZAC (AUTCOD,AUTDES,AUTFLAGS,AUTVAL,AUTGRP,AUTCLA,AUTMOD,AUTTIP,AUTDES_CAT,AUTDES_CAT_CAS,AUTDES_UMI,AUTJERAR,AUTCLAS) values ('I4I001','MODIFICACIÓN RESIDENCIA TEMPORAL Y TRABAJO CUENTA PROPIA INICIAL - De residencia temporal no lucrativa, con excepción de trabajo,  de  familiar de comunitario que cesa en tal condición o de español sin derecho a mantener autorización  y que no autorizaba a trabajar  que lleva más de un año en territorio nacional. a residencia y trabajo por cuenta propia. (99.7, 191.3 y 8)',null,'S',null,null,null,null,null,null,null,null,null);
Insert into AUTORIZAC (AUTCOD,AUTDES,AUTFLAGS,AUTVAL,AUTGRP,AUTCLA,AUTMOD,AUTTIP,AUTDES_CAT,AUTDES_CAT_CAS,AUTDES_UMI,AUTJERAR,AUTCLAS) values ('I5R000','MODIFICACIÓN RESIDENCIA TEMPORAL Y TRABAJO CUENTA AJENA Y PROPIA RENOVADA - De residencia temporal que ya autorizaba a trabajar y que lleva más de un año en territorio nacional. a residencia y trabajo por cuenta ajena y cuenta propia. (191.3 y 8)',null,'S',null,null,null,null,null,null,null,null,null);
Insert into AUTORIZAC (AUTCOD,AUTDES,AUTFLAGS,AUTVAL,AUTGRP,AUTCLA,AUTMOD,AUTTIP,AUTDES_CAT,AUTDES_CAT_CAS,AUTDES_UMI,AUTJERAR,AUTCLAS) values ('I3I003','MODIFICACIÓN RESIDENCIA TEMPORAL Y TRABAJO CUENTA AJENA INICIAL - De residencia y trabajo por cuenta ajena inicial con limitación geográfica a residencia y trabajo por cuenta ajena con cambio geográfico art.192',null,'S',null,null,null,null,null,null,null,null,null);
Insert into AUTORIZAC (AUTCOD,AUTDES,AUTFLAGS,AUTVAL,AUTGRP,AUTCLA,AUTMOD,AUTTIP,AUTDES_CAT,AUTDES_CAT_CAS,AUTDES_UMI,AUTJERAR,AUTCLAS) values ('I3I004','MODIFICACIÓN RESIDENCIA TEMPORAL Y TRABAJO CUENTA AJENA INICIAL - De residencia y trabajo por cuenta ajena inicial con limitación sectorial a residencia y trabajo por cuenta ajena sin limitación sectorial art.192',null,'S',null,null,null,null,null,null,null,null,null);
Insert into AUTORIZAC (AUTCOD,AUTDES,AUTFLAGS,AUTVAL,AUTGRP,AUTCLA,AUTMOD,AUTTIP,AUTDES_CAT,AUTDES_CAT_CAS,AUTDES_UMI,AUTJERAR,AUTCLAS) values ('I3I005','MODIFICACIÓN RESIDENCIA TEMPORAL Y TRABAJO CUENTA AJENA INICIAL - De residencia y trabajo por cuenta ajena inicial con limitación sectorial y geográfica a residencia y trabajo por cuenta ajena sin limitación sectorial y cambio geográfico art.192',null,'S',null,null,null,null,null,null,null,null,null);
Insert into AUTORIZAC (AUTCOD,AUTDES,AUTFLAGS,AUTVAL,AUTGRP,AUTCLA,AUTMOD,AUTTIP,AUTDES_CAT,AUTDES_CAT_CAS,AUTDES_UMI,AUTJERAR,AUTCLAS) values ('I3I006','MODIFICACIÓN RESIDENCIA TEMPORAL Y TRABAJO CUENTA AJENA INICIAL - De residencia y trabajo por cuenta ajena inicial  a residencia y trabajo incial con cambio de empleador art.76',null,'S',null,null,null,null,null,null,null,null,null);
Insert into AUTORIZAC (AUTCOD,AUTDES,AUTFLAGS,AUTVAL,AUTGRP,AUTCLA,AUTMOD,AUTTIP,AUTDES_CAT,AUTDES_CAT_CAS,AUTDES_UMI,AUTJERAR,AUTCLAS) values ('I5I001','MODIFICACIÓN RESIDENCIA TEMPORAL Y TRABAJO CUENTA AJENA Y PROPIA INICIAL - De residencia y trabajo por cuenta ajena inicial a residencia y trabajo por cuenta ajena y cuenta propia ',null,'S',null,null,null,null,null,null,null,null,null);
Insert into AUTORIZAC (AUTCOD,AUTDES,AUTFLAGS,AUTVAL,AUTGRP,AUTCLA,AUTMOD,AUTTIP,AUTDES_CAT,AUTDES_CAT_CAS,AUTDES_UMI,AUTJERAR,AUTCLAS) values ('I3I007','MODIFICACIÓN RESIDENCIA TEMPORAL Y TRABAJO CUENTA AJENA INICIAL - De residencia y trabajo por actividades de temporada a residencia y trabajo por cuenta ajena (ART 191.6)',null,'S',null,null,null,null,null,null,null,null,null);
Insert into AUTORIZAC (AUTCOD,AUTDES,AUTFLAGS,AUTVAL,AUTGRP,AUTCLA,AUTMOD,AUTTIP,AUTDES_CAT,AUTDES_CAT_CAS,AUTDES_UMI,AUTJERAR,AUTCLAS) values ('I4I002','MODIFICACIÓN RESIDENCIA TEMPORAL Y TRABAJO CUENTA PROPIA INICIAL - De residencia y trabajo por actividades de temporada a residencia y trabajo por cuenta propia(ART 191.6)',null,'S',null,null,null,null,null,null,null,null,null);
Insert into AUTORIZAC (AUTCOD,AUTDES,AUTFLAGS,AUTVAL,AUTGRP,AUTCLA,AUTMOD,AUTTIP,AUTDES_CAT,AUTDES_CAT_CAS,AUTDES_UMI,AUTJERAR,AUTCLAS) values ('I5R001','MODIFICACIÓN RESIDENCIA TEMPORAL Y TRABAJO CUENTA AJENA Y PROPIA RENOVADA - De residencia temporal como familiar de nacional Español  a residencia y trabajo por cuenta propia y ajena independiente por pérdida de vínculo pero con derecho a mantener autorización de residencia  (artículo 99.6)',null,'S',null,null,null,null,null,null,null,null,null);
Insert into AUTORIZAC (AUTCOD,AUTDES,AUTFLAGS,AUTVAL,AUTGRP,AUTCLA,AUTMOD,AUTTIP,AUTDES_CAT,AUTDES_CAT_CAS,AUTDES_UMI,AUTJERAR,AUTCLAS) values ('I6I001','MODIFICACIÓN RESIDENCIA TEMPORAL EXCEPTUADA - De residencia temporal como familiar de comunitario o de español a residencia con excepción de autorización de trabajo  art. 99 y 191.8',null,'S',null,null,null,null,null,null,null,null,null);
Insert into AUTORIZAC (AUTCOD,AUTDES,AUTFLAGS,AUTVAL,AUTGRP,AUTCLA,AUTMOD,AUTTIP,AUTDES_CAT,AUTDES_CAT_CAS,AUTDES_UMI,AUTJERAR,AUTCLAS) values ('I0I000','MODIFICACIÓN RESIDENCIA TEMPORAL NO LUCRATIVA INICIAL - De residencia temporal como familiar de comunitario o de español a residencia NO lucrativa  art.  61, 99.7  y 191.8',null,'S',null,null,null,null,null,null,null,null,null);

-- VIA_PERMISO

Insert into VIA_PERMISO (EVPPER,EVPVIA,EVPFLAGS,EVPVAL,EVPMTAS,EVPFECINI,EVPFECFIN,EVPFORMULARIO,EVPESCCOS,EVPFGR,EVPVERRES,CODIGO_SIA,IGUALDAD,EVPDGPTJ,EVPETIQUETAFAM,EVPPROMOTOR,EVPTRANSFRONTERIZO,EVPFAMILIAR,EVPNACIONALIDAD,EVPNIVELESTUDIOS,EVPCENTROESTUDIOS,EVPAMBITO,EVPVISADODESCESP,EVPRECUPERALD,EVPIGUALDAD,EVPTIPOTITULAR,EVPRESSINPAGTASR,EVPNSOPORTEUE,EVPCNED,EVPADJDOCRESUELTO,EVPPERMANENTE,EVPNUMPLAZO,EVPTIPPLAZO,EVPTIPESTIMACION,EVPLEYENDA,EVPINITASAS) values ('MAI','MET','S12LNASSNNNNNNCDNNSNN O S              A','S','I3I000',to_date('20/05/25','DD/MM/RR'),null,'EX26','S',to_date('11/04/25','DD/MM/RR'),'S','201321','N','S','F','N','N','N',null,'N','N',null,'N','N','N','G','E','N','N','N','S','3','M','D','N','S');
Insert into VIA_PERMISO (EVPPER,EVPVIA,EVPFLAGS,EVPVAL,EVPMTAS,EVPFECINI,EVPFECFIN,EVPFORMULARIO,EVPESCCOS,EVPFGR,EVPVERRES,CODIGO_SIA,IGUALDAD,EVPDGPTJ,EVPETIQUETAFAM,EVPPROMOTOR,EVPTRANSFRONTERIZO,EVPFAMILIAR,EVPNACIONALIDAD,EVPNIVELESTUDIOS,EVPCENTROESTUDIOS,EVPAMBITO,EVPVISADODESCESP,EVPRECUPERALD,EVPIGUALDAD,EVPTIPOTITULAR,EVPRESSINPAGTASR,EVPNSOPORTEUE,EVPCNED,EVPADJDOCRESUELTO,EVPPERMANENTE,EVPNUMPLAZO,EVPTIPPLAZO,EVPTIPESTIMACION,EVPLEYENDA,EVPINITASAS) values ('MF1','MFE','S12LNASSNNNNNNCDNNSNN O S              A','S','I1I000',to_date('20/05/25','DD/MM/RR'),null,'EX26','S',to_date('11/04/25','DD/MM/RR'),'S','201321','N','S','F','N','N','N',null,'N','N',null,'N','N','N','G','E','N','N','N','S','3','M','D','N','S');
Insert into VIA_PERMISO (EVPPER,EVPVIA,EVPFLAGS,EVPVAL,EVPMTAS,EVPFECINI,EVPFECFIN,EVPFORMULARIO,EVPESCCOS,EVPFGR,EVPVERRES,CODIGO_SIA,IGUALDAD,EVPDGPTJ,EVPETIQUETAFAM,EVPPROMOTOR,EVPTRANSFRONTERIZO,EVPFAMILIAR,EVPNACIONALIDAD,EVPNIVELESTUDIOS,EVPCENTROESTUDIOS,EVPAMBITO,EVPVISADODESCESP,EVPRECUPERALD,EVPIGUALDAD,EVPTIPOTITULAR,EVPRESSINPAGTASR,EVPNSOPORTEUE,EVPCNED,EVPADJDOCRESUELTO,EVPPERMANENTE,EVPNUMPLAZO,EVPTIPPLAZO,EVPTIPESTIMACION,EVPLEYENDA,EVPINITASAS) values ('MPI','MEA','S12LNASSNNNNNNCDNNSNN O S              A','S','I4I000',to_date('20/05/25','DD/MM/RR'),null,'EX26','S',to_date('11/04/25','DD/MM/RR'),'S','201321','N','S','F','N','N','N',null,'N','N',null,'N','N','N','G','E','N','N','N','S','3','M','D','N','S');
Insert into VIA_PERMISO (EVPPER,EVPVIA,EVPFLAGS,EVPVAL,EVPMTAS,EVPFECINI,EVPFECFIN,EVPFORMULARIO,EVPESCCOS,EVPFGR,EVPVERRES,CODIGO_SIA,IGUALDAD,EVPDGPTJ,EVPETIQUETAFAM,EVPPROMOTOR,EVPTRANSFRONTERIZO,EVPFAMILIAR,EVPNACIONALIDAD,EVPNIVELESTUDIOS,EVPCENTROESTUDIOS,EVPAMBITO,EVPVISADODESCESP,EVPRECUPERALD,EVPIGUALDAD,EVPTIPOTITULAR,EVPRESSINPAGTASR,EVPNSOPORTEUE,EVPCNED,EVPADJDOCRESUELTO,EVPPERMANENTE,EVPNUMPLAZO,EVPTIPPLAZO,EVPTIPESTIMACION,EVPLEYENDA,EVPINITASAS) values ('MTI','MBE','S12LNASSNNNNNNCDNNSNN O S              A','S','I5I000',to_date('20/05/25','DD/MM/RR'),null,'EX26','S',to_date('11/04/25','DD/MM/RR'),'S','201321','N','S','F','N','N','N',null,'N','N',null,'N','N','N','G','E','N','N','N','S','20','D','E','N','S');
Insert into VIA_PERMISO (EVPPER,EVPVIA,EVPFLAGS,EVPVAL,EVPMTAS,EVPFECINI,EVPFECFIN,EVPFORMULARIO,EVPESCCOS,EVPFGR,EVPVERRES,CODIGO_SIA,IGUALDAD,EVPDGPTJ,EVPETIQUETAFAM,EVPPROMOTOR,EVPTRANSFRONTERIZO,EVPFAMILIAR,EVPNACIONALIDAD,EVPNIVELESTUDIOS,EVPCENTROESTUDIOS,EVPAMBITO,EVPVISADODESCESP,EVPRECUPERALD,EVPIGUALDAD,EVPTIPOTITULAR,EVPRESSINPAGTASR,EVPNSOPORTEUE,EVPCNED,EVPADJDOCRESUELTO,EVPPERMANENTE,EVPNUMPLAZO,EVPTIPPLAZO,EVPTIPESTIMACION,EVPLEYENDA,EVPINITASAS) values ('MTE','MEE','S12LNASSNNNNNNCDNNSNN O S              A','S','I6I000',to_date('20/05/25','DD/MM/RR'),null,'EX26','S',to_date('11/04/25','DD/MM/RR'),'S','201321','N','S','F','N','N','N',null,'N','N',null,'N','N','N','G','E','N','N','N','S','2 ','M','D','N','S');
Insert into VIA_PERMISO (EVPPER,EVPVIA,EVPFLAGS,EVPVAL,EVPMTAS,EVPFECINI,EVPFECFIN,EVPFORMULARIO,EVPESCCOS,EVPFGR,EVPVERRES,CODIGO_SIA,IGUALDAD,EVPDGPTJ,EVPETIQUETAFAM,EVPPROMOTOR,EVPTRANSFRONTERIZO,EVPFAMILIAR,EVPNACIONALIDAD,EVPNIVELESTUDIOS,EVPCENTROESTUDIOS,EVPAMBITO,EVPVISADODESCESP,EVPRECUPERALD,EVPIGUALDAD,EVPTIPOTITULAR,EVPRESSINPAGTASR,EVPNSOPORTEUE,EVPCNED,EVPADJDOCRESUELTO,EVPPERMANENTE,EVPNUMPLAZO,EVPTIPPLAZO,EVPTIPESTIMACION,EVPLEYENDA,EVPINITASAS) values ('MAI','MA1','S12LNASSNNNNNNCDNNSNN O S              A','S','I3I001',to_date('20/05/25','DD/MM/RR'),null,'EX26','S',to_date('11/04/25','DD/MM/RR'),'S','201321','N','S','F','N','N','N',null,'N','N',null,'N','N','N','G','E','N','N','N','S','3','M','D','N','S');
Insert into VIA_PERMISO (EVPPER,EVPVIA,EVPFLAGS,EVPVAL,EVPMTAS,EVPFECINI,EVPFECFIN,EVPFORMULARIO,EVPESCCOS,EVPFGR,EVPVERRES,CODIGO_SIA,IGUALDAD,EVPDGPTJ,EVPETIQUETAFAM,EVPPROMOTOR,EVPTRANSFRONTERIZO,EVPFAMILIAR,EVPNACIONALIDAD,EVPNIVELESTUDIOS,EVPCENTROESTUDIOS,EVPAMBITO,EVPVISADODESCESP,EVPRECUPERALD,EVPIGUALDAD,EVPTIPOTITULAR,EVPRESSINPAGTASR,EVPNSOPORTEUE,EVPCNED,EVPADJDOCRESUELTO,EVPPERMANENTE,EVPNUMPLAZO,EVPTIPPLAZO,EVPTIPESTIMACION,EVPLEYENDA,EVPINITASAS) values ('MAI','MA2','S12LNASSNNNNNNCDNNSNN O S              A','S','I3I002',to_date('20/05/25','DD/MM/RR'),null,'EX26','S',to_date('11/04/25','DD/MM/RR'),'S','201321','N','S','F','N','N','N',null,'N','N',null,'N','N','N','G','E','N','N','N','S','3','M','D','N','S');
Insert into VIA_PERMISO (EVPPER,EVPVIA,EVPFLAGS,EVPVAL,EVPMTAS,EVPFECINI,EVPFECFIN,EVPFORMULARIO,EVPESCCOS,EVPFGR,EVPVERRES,CODIGO_SIA,IGUALDAD,EVPDGPTJ,EVPETIQUETAFAM,EVPPROMOTOR,EVPTRANSFRONTERIZO,EVPFAMILIAR,EVPNACIONALIDAD,EVPNIVELESTUDIOS,EVPCENTROESTUDIOS,EVPAMBITO,EVPVISADODESCESP,EVPRECUPERALD,EVPIGUALDAD,EVPTIPOTITULAR,EVPRESSINPAGTASR,EVPNSOPORTEUE,EVPCNED,EVPADJDOCRESUELTO,EVPPERMANENTE,EVPNUMPLAZO,EVPTIPPLAZO,EVPTIPESTIMACION,EVPLEYENDA,EVPINITASAS) values ('MPI','MP2','S12LNASSNNNNNNCDNNSNN O S              A','S','I4I001',to_date('20/05/25','DD/MM/RR'),null,'EX26','S',to_date('11/04/25','DD/MM/RR'),'S','201321','N','S','F','N','N','N',null,'N','N',null,'N','N','N','G','E','N','N','N','S','3','M','D','N','S');
Insert into VIA_PERMISO (EVPPER,EVPVIA,EVPFLAGS,EVPVAL,EVPMTAS,EVPFECINI,EVPFECFIN,EVPFORMULARIO,EVPESCCOS,EVPFGR,EVPVERRES,CODIGO_SIA,IGUALDAD,EVPDGPTJ,EVPETIQUETAFAM,EVPPROMOTOR,EVPTRANSFRONTERIZO,EVPFAMILIAR,EVPNACIONALIDAD,EVPNIVELESTUDIOS,EVPCENTROESTUDIOS,EVPAMBITO,EVPVISADODESCESP,EVPRECUPERALD,EVPIGUALDAD,EVPTIPOTITULAR,EVPRESSINPAGTASR,EVPNSOPORTEUE,EVPCNED,EVPADJDOCRESUELTO,EVPPERMANENTE,EVPNUMPLAZO,EVPTIPPLAZO,EVPTIPESTIMACION,EVPLEYENDA,EVPINITASAS) values ('M2R','MCA','S12LNASSNNNNNNCDNNSNN O S              A','S','I5R000',to_date('20/05/25','DD/MM/RR'),null,'EX26','S',to_date('11/04/25','DD/MM/RR'),'S','201321','N','S','F','N','N','N',null,'N','N',null,'N','N','N','G','E','N','N','N','S','3','M','D','N','S');
Insert into VIA_PERMISO (EVPPER,EVPVIA,EVPFLAGS,EVPVAL,EVPMTAS,EVPFECINI,EVPFECFIN,EVPFORMULARIO,EVPESCCOS,EVPFGR,EVPVERRES,CODIGO_SIA,IGUALDAD,EVPDGPTJ,EVPETIQUETAFAM,EVPPROMOTOR,EVPTRANSFRONTERIZO,EVPFAMILIAR,EVPNACIONALIDAD,EVPNIVELESTUDIOS,EVPCENTROESTUDIOS,EVPAMBITO,EVPVISADODESCESP,EVPRECUPERALD,EVPIGUALDAD,EVPTIPOTITULAR,EVPRESSINPAGTASR,EVPNSOPORTEUE,EVPCNED,EVPADJDOCRESUELTO,EVPPERMANENTE,EVPNUMPLAZO,EVPTIPPLAZO,EVPTIPESTIMACION,EVPLEYENDA,EVPINITASAS) values ('MAI','MGT','S12LNASSNNNNNNCDNNSNN O S              A','S','I3I003',to_date('20/05/25','DD/MM/RR'),null,'EX26','S',to_date('11/04/25','DD/MM/RR'),'S','201321','N','S','F','N','N','N',null,'N','N',null,'N','N','N','G','E','N','N','N','S','1','M','E','N','S');
Insert into VIA_PERMISO (EVPPER,EVPVIA,EVPFLAGS,EVPVAL,EVPMTAS,EVPFECINI,EVPFECFIN,EVPFORMULARIO,EVPESCCOS,EVPFGR,EVPVERRES,CODIGO_SIA,IGUALDAD,EVPDGPTJ,EVPETIQUETAFAM,EVPPROMOTOR,EVPTRANSFRONTERIZO,EVPFAMILIAR,EVPNACIONALIDAD,EVPNIVELESTUDIOS,EVPCENTROESTUDIOS,EVPAMBITO,EVPVISADODESCESP,EVPRECUPERALD,EVPIGUALDAD,EVPTIPOTITULAR,EVPRESSINPAGTASR,EVPNSOPORTEUE,EVPCNED,EVPADJDOCRESUELTO,EVPPERMANENTE,EVPNUMPLAZO,EVPTIPPLAZO,EVPTIPESTIMACION,EVPLEYENDA,EVPINITASAS) values ('MAI','MST','S12LNASSNNNNNNCDNNSNN O S              A','S','I3I004',to_date('20/05/25','DD/MM/RR'),null,'EX26','S',to_date('11/04/25','DD/MM/RR'),'S','201321','N','S','F','N','N','N',null,'N','N',null,'N','N','N','G','E','N','N','N','S','1','M','E','N','S');
Insert into VIA_PERMISO (EVPPER,EVPVIA,EVPFLAGS,EVPVAL,EVPMTAS,EVPFECINI,EVPFECFIN,EVPFORMULARIO,EVPESCCOS,EVPFGR,EVPVERRES,CODIGO_SIA,IGUALDAD,EVPDGPTJ,EVPETIQUETAFAM,EVPPROMOTOR,EVPTRANSFRONTERIZO,EVPFAMILIAR,EVPNACIONALIDAD,EVPNIVELESTUDIOS,EVPCENTROESTUDIOS,EVPAMBITO,EVPVISADODESCESP,EVPRECUPERALD,EVPIGUALDAD,EVPTIPOTITULAR,EVPRESSINPAGTASR,EVPNSOPORTEUE,EVPCNED,EVPADJDOCRESUELTO,EVPPERMANENTE,EVPNUMPLAZO,EVPTIPPLAZO,EVPTIPESTIMACION,EVPLEYENDA,EVPINITASAS) values ('MAI','MSG','S12LNASSNNNNNNCDNNSNN O S              A','S','I3I005',to_date('20/05/25','DD/MM/RR'),null,'EX26','S',to_date('11/04/25','DD/MM/RR'),'S','201321','N','S','F','N','N','N',null,'N','N',null,'N','N','N','G','E','N','N','N','S','1','M','E','N','S');
Insert into VIA_PERMISO (EVPPER,EVPVIA,EVPFLAGS,EVPVAL,EVPMTAS,EVPFECINI,EVPFECFIN,EVPFORMULARIO,EVPESCCOS,EVPFGR,EVPVERRES,CODIGO_SIA,IGUALDAD,EVPDGPTJ,EVPETIQUETAFAM,EVPPROMOTOR,EVPTRANSFRONTERIZO,EVPFAMILIAR,EVPNACIONALIDAD,EVPNIVELESTUDIOS,EVPCENTROESTUDIOS,EVPAMBITO,EVPVISADODESCESP,EVPRECUPERALD,EVPIGUALDAD,EVPTIPOTITULAR,EVPRESSINPAGTASR,EVPNSOPORTEUE,EVPCNED,EVPADJDOCRESUELTO,EVPPERMANENTE,EVPNUMPLAZO,EVPTIPPLAZO,EVPTIPESTIMACION,EVPLEYENDA,EVPINITASAS) values ('MAI','MCL','S12LNASSNNNNNNCDNNSNN O S              A','S','I3I006',to_date('20/05/25','DD/MM/RR'),null,'EX26','S',to_date('11/04/25','DD/MM/RR'),'S','201321','N','S','F','N','N','N',null,'N','N',null,'N','N','N','G','E','N','N','N','S','1','M','D','N','S');
Insert into VIA_PERMISO (EVPPER,EVPVIA,EVPFLAGS,EVPVAL,EVPMTAS,EVPFECINI,EVPFECFIN,EVPFORMULARIO,EVPESCCOS,EVPFGR,EVPVERRES,CODIGO_SIA,IGUALDAD,EVPDGPTJ,EVPETIQUETAFAM,EVPPROMOTOR,EVPTRANSFRONTERIZO,EVPFAMILIAR,EVPNACIONALIDAD,EVPNIVELESTUDIOS,EVPCENTROESTUDIOS,EVPAMBITO,EVPVISADODESCESP,EVPRECUPERALD,EVPIGUALDAD,EVPTIPOTITULAR,EVPRESSINPAGTASR,EVPNSOPORTEUE,EVPCNED,EVPADJDOCRESUELTO,EVPPERMANENTE,EVPNUMPLAZO,EVPTIPPLAZO,EVPTIPESTIMACION,EVPLEYENDA,EVPINITASAS) values ('M2I','MAP','S12LNASSNNNNNNCDNNSNN O S              A','S','I5I001',to_date('20/05/25','DD/MM/RR'),null,'EX26','S',to_date('11/04/25','DD/MM/RR'),'S','201321','N','S','F','N','N','N',null,'N','N',null,'N','N','N','G','E','N','N','N','S','1','M','E','N','S');
Insert into VIA_PERMISO (EVPPER,EVPVIA,EVPFLAGS,EVPVAL,EVPMTAS,EVPFECINI,EVPFECFIN,EVPFORMULARIO,EVPESCCOS,EVPFGR,EVPVERRES,CODIGO_SIA,IGUALDAD,EVPDGPTJ,EVPETIQUETAFAM,EVPPROMOTOR,EVPTRANSFRONTERIZO,EVPFAMILIAR,EVPNACIONALIDAD,EVPNIVELESTUDIOS,EVPCENTROESTUDIOS,EVPAMBITO,EVPVISADODESCESP,EVPRECUPERALD,EVPIGUALDAD,EVPTIPOTITULAR,EVPRESSINPAGTASR,EVPNSOPORTEUE,EVPCNED,EVPADJDOCRESUELTO,EVPPERMANENTE,EVPNUMPLAZO,EVPTIPPLAZO,EVPTIPESTIMACION,EVPLEYENDA,EVPINITASAS) values ('MAI','MTA','S12LNASSNNNNNNCDNNSNN O S              A','S','I3I007',to_date('20/05/25','DD/MM/RR'),null,'EX26','S',to_date('11/04/25','DD/MM/RR'),'S','201321','N','S','F','N','N','N',null,'N','N',null,'N','N','N','G','E','N','N','N','S','3','M','D','N','S');
Insert into VIA_PERMISO (EVPPER,EVPVIA,EVPFLAGS,EVPVAL,EVPMTAS,EVPFECINI,EVPFECFIN,EVPFORMULARIO,EVPESCCOS,EVPFGR,EVPVERRES,CODIGO_SIA,IGUALDAD,EVPDGPTJ,EVPETIQUETAFAM,EVPPROMOTOR,EVPTRANSFRONTERIZO,EVPFAMILIAR,EVPNACIONALIDAD,EVPNIVELESTUDIOS,EVPCENTROESTUDIOS,EVPAMBITO,EVPVISADODESCESP,EVPRECUPERALD,EVPIGUALDAD,EVPTIPOTITULAR,EVPRESSINPAGTASR,EVPNSOPORTEUE,EVPCNED,EVPADJDOCRESUELTO,EVPPERMANENTE,EVPNUMPLAZO,EVPTIPPLAZO,EVPTIPESTIMACION,EVPLEYENDA,EVPINITASAS) values ('MPI','MTP','S12LNASSNNNNNNCDNNSNN O S              A','S','I4I002',to_date('20/05/25','DD/MM/RR'),null,'EX26','S',to_date('11/04/25','DD/MM/RR'),'S','201321','N','S','F','N','N','N',null,'N','N',null,'N','N','N','G','E','N','N','N','S','3','M','D','N','S');
Insert into VIA_PERMISO (EVPPER,EVPVIA,EVPFLAGS,EVPVAL,EVPMTAS,EVPFECINI,EVPFECFIN,EVPFORMULARIO,EVPESCCOS,EVPFGR,EVPVERRES,CODIGO_SIA,IGUALDAD,EVPDGPTJ,EVPETIQUETAFAM,EVPPROMOTOR,EVPTRANSFRONTERIZO,EVPFAMILIAR,EVPNACIONALIDAD,EVPNIVELESTUDIOS,EVPCENTROESTUDIOS,EVPAMBITO,EVPVISADODESCESP,EVPRECUPERALD,EVPIGUALDAD,EVPTIPOTITULAR,EVPRESSINPAGTASR,EVPNSOPORTEUE,EVPCNED,EVPADJDOCRESUELTO,EVPPERMANENTE,EVPNUMPLAZO,EVPTIPPLAZO,EVPTIPESTIMACION,EVPLEYENDA,EVPINITASAS) values ('M2R','MIE','S12LNASSNNNNNNCDNNSNN O S              A','S','I5R001',to_date('20/05/25','DD/MM/RR'),null,'EX26','S',to_date('11/04/25','DD/MM/RR'),'S','201321','N','S','F','N','N','N',null,'N','N',null,'N','N','N','G','E','N','N','N','S','3 ','M','D','N','S');
Insert into VIA_PERMISO (EVPPER,EVPVIA,EVPFLAGS,EVPVAL,EVPMTAS,EVPFECINI,EVPFECFIN,EVPFORMULARIO,EVPESCCOS,EVPFGR,EVPVERRES,CODIGO_SIA,IGUALDAD,EVPDGPTJ,EVPETIQUETAFAM,EVPPROMOTOR,EVPTRANSFRONTERIZO,EVPFAMILIAR,EVPNACIONALIDAD,EVPNIVELESTUDIOS,EVPCENTROESTUDIOS,EVPAMBITO,EVPVISADODESCESP,EVPRECUPERALD,EVPIGUALDAD,EVPTIPOTITULAR,EVPRESSINPAGTASR,EVPNSOPORTEUE,EVPCNED,EVPADJDOCRESUELTO,EVPPERMANENTE,EVPNUMPLAZO,EVPTIPPLAZO,EVPTIPESTIMACION,EVPLEYENDA,EVPINITASAS) values ('MTE','MCE','S12LNASSNNNNNNCDNNSNN O S              A','S','I6I001',to_date('20/05/25','DD/MM/RR'),null,'EX26','S',to_date('11/04/25','DD/MM/RR'),'S','201321','N','S','F','N','N','N',null,'N','N',null,'N','N','N','G','E','N','N','N','S','2 ','M','D','N','S');
Insert into VIA_PERMISO (EVPPER,EVPVIA,EVPFLAGS,EVPVAL,EVPMTAS,EVPFECINI,EVPFECFIN,EVPFORMULARIO,EVPESCCOS,EVPFGR,EVPVERRES,CODIGO_SIA,IGUALDAD,EVPDGPTJ,EVPETIQUETAFAM,EVPPROMOTOR,EVPTRANSFRONTERIZO,EVPFAMILIAR,EVPNACIONALIDAD,EVPNIVELESTUDIOS,EVPCENTROESTUDIOS,EVPAMBITO,EVPVISADODESCESP,EVPRECUPERALD,EVPIGUALDAD,EVPTIPOTITULAR,EVPRESSINPAGTASR,EVPNSOPORTEUE,EVPCNED,EVPADJDOCRESUELTO,EVPPERMANENTE,EVPNUMPLAZO,EVPTIPPLAZO,EVPTIPESTIMACION,EVPLEYENDA,EVPINITASAS) values ('MTN','MNL','S12LNASSNNNNNNCDNNSNN O S              A','S','I0I000',to_date('20/05/25','DD/MM/RR'),null,'EX26','S',to_date('11/04/25','DD/MM/RR'),'S','201321','N','S','F','N','N','N',null,'N','N',null,'N','N','N','G','E','N','N','N','S','1 ','M','D','N','S');

-- CONFIGURACION_AUTORIZACIONES

Insert into CONFIGURACION_AUTORIZACIONES (ID_CFG_AUTORIZACIONES,TIPO_COMPETENCIA,COD_PERMISO,COD_VIA,ALTA_EXPEDIENTES,MOD_EXPEDIENTES,RES_EXPEDIENTE,RES_PROPUESTA_AGE,RES_PROPUESTA_CCAA,GEN_TASAS_TRABAJO,GEN_TASAS_RESIDENCIA,POR_DEFECTO) values (SQ_CONF_AUTORIZACIONES.NEXTVAL,'00002','MF1','MFE','S','S','S','N','N','S','S','N');
Insert into CONFIGURACION_AUTORIZACIONES (ID_CFG_AUTORIZACIONES,TIPO_COMPETENCIA,COD_PERMISO,COD_VIA,ALTA_EXPEDIENTES,MOD_EXPEDIENTES,RES_EXPEDIENTE,RES_PROPUESTA_AGE,RES_PROPUESTA_CCAA,GEN_TASAS_TRABAJO,GEN_TASAS_RESIDENCIA,POR_DEFECTO) values (SQ_CONF_AUTORIZACIONES.NEXTVAL,'00002','MPI','MEA','S','S','S','N','N','S','S','N');
Insert into CONFIGURACION_AUTORIZACIONES (ID_CFG_AUTORIZACIONES,TIPO_COMPETENCIA,COD_PERMISO,COD_VIA,ALTA_EXPEDIENTES,MOD_EXPEDIENTES,RES_EXPEDIENTE,RES_PROPUESTA_AGE,RES_PROPUESTA_CCAA,GEN_TASAS_TRABAJO,GEN_TASAS_RESIDENCIA,POR_DEFECTO) values (SQ_CONF_AUTORIZACIONES.NEXTVAL,'00002','MTI','MBE','S','S','S','N','N','S','S','N');
Insert into CONFIGURACION_AUTORIZACIONES (ID_CFG_AUTORIZACIONES,TIPO_COMPETENCIA,COD_PERMISO,COD_VIA,ALTA_EXPEDIENTES,MOD_EXPEDIENTES,RES_EXPEDIENTE,RES_PROPUESTA_AGE,RES_PROPUESTA_CCAA,GEN_TASAS_TRABAJO,GEN_TASAS_RESIDENCIA,POR_DEFECTO) values (SQ_CONF_AUTORIZACIONES.NEXTVAL,'00002','MTE','MEE','S','S','S','N','N','S','S','N');
Insert into CONFIGURACION_AUTORIZACIONES (ID_CFG_AUTORIZACIONES,TIPO_COMPETENCIA,COD_PERMISO,COD_VIA,ALTA_EXPEDIENTES,MOD_EXPEDIENTES,RES_EXPEDIENTE,RES_PROPUESTA_AGE,RES_PROPUESTA_CCAA,GEN_TASAS_TRABAJO,GEN_TASAS_RESIDENCIA,POR_DEFECTO) values (SQ_CONF_AUTORIZACIONES.NEXTVAL,'00002','M2R','MCA','S','S','S','N','N','S','S','N');
Insert into CONFIGURACION_AUTORIZACIONES (ID_CFG_AUTORIZACIONES,TIPO_COMPETENCIA,COD_PERMISO,COD_VIA,ALTA_EXPEDIENTES,MOD_EXPEDIENTES,RES_EXPEDIENTE,RES_PROPUESTA_AGE,RES_PROPUESTA_CCAA,GEN_TASAS_TRABAJO,GEN_TASAS_RESIDENCIA,POR_DEFECTO) values (SQ_CONF_AUTORIZACIONES.NEXTVAL,'00002','MAI','MGT','S','S','S','N','N','S','S','N');
Insert into CONFIGURACION_AUTORIZACIONES (ID_CFG_AUTORIZACIONES,TIPO_COMPETENCIA,COD_PERMISO,COD_VIA,ALTA_EXPEDIENTES,MOD_EXPEDIENTES,RES_EXPEDIENTE,RES_PROPUESTA_AGE,RES_PROPUESTA_CCAA,GEN_TASAS_TRABAJO,GEN_TASAS_RESIDENCIA,POR_DEFECTO) values (SQ_CONF_AUTORIZACIONES.NEXTVAL,'00002','MAI','MST','S','S','S','N','N','S','S','N');
Insert into CONFIGURACION_AUTORIZACIONES (ID_CFG_AUTORIZACIONES,TIPO_COMPETENCIA,COD_PERMISO,COD_VIA,ALTA_EXPEDIENTES,MOD_EXPEDIENTES,RES_EXPEDIENTE,RES_PROPUESTA_AGE,RES_PROPUESTA_CCAA,GEN_TASAS_TRABAJO,GEN_TASAS_RESIDENCIA,POR_DEFECTO) values (SQ_CONF_AUTORIZACIONES.NEXTVAL,'00002','MAI','MSG','S','S','S','N','N','S','S','N');
Insert into CONFIGURACION_AUTORIZACIONES (ID_CFG_AUTORIZACIONES,TIPO_COMPETENCIA,COD_PERMISO,COD_VIA,ALTA_EXPEDIENTES,MOD_EXPEDIENTES,RES_EXPEDIENTE,RES_PROPUESTA_AGE,RES_PROPUESTA_CCAA,GEN_TASAS_TRABAJO,GEN_TASAS_RESIDENCIA,POR_DEFECTO) values (SQ_CONF_AUTORIZACIONES.NEXTVAL,'00002','MAI','MCL','S','S','S','N','N','S','S','N');
Insert into CONFIGURACION_AUTORIZACIONES (ID_CFG_AUTORIZACIONES,TIPO_COMPETENCIA,COD_PERMISO,COD_VIA,ALTA_EXPEDIENTES,MOD_EXPEDIENTES,RES_EXPEDIENTE,RES_PROPUESTA_AGE,RES_PROPUESTA_CCAA,GEN_TASAS_TRABAJO,GEN_TASAS_RESIDENCIA,POR_DEFECTO) values (SQ_CONF_AUTORIZACIONES.NEXTVAL,'00002','M2I','MAP','S','S','S','N','N','S','S','N');
Insert into CONFIGURACION_AUTORIZACIONES (ID_CFG_AUTORIZACIONES,TIPO_COMPETENCIA,COD_PERMISO,COD_VIA,ALTA_EXPEDIENTES,MOD_EXPEDIENTES,RES_EXPEDIENTE,RES_PROPUESTA_AGE,RES_PROPUESTA_CCAA,GEN_TASAS_TRABAJO,GEN_TASAS_RESIDENCIA,POR_DEFECTO) values (SQ_CONF_AUTORIZACIONES.NEXTVAL,'00002','M2R','MIE','S','S','S','N','N','S','S','N');
Insert into CONFIGURACION_AUTORIZACIONES (ID_CFG_AUTORIZACIONES,TIPO_COMPETENCIA,COD_PERMISO,COD_VIA,ALTA_EXPEDIENTES,MOD_EXPEDIENTES,RES_EXPEDIENTE,RES_PROPUESTA_AGE,RES_PROPUESTA_CCAA,GEN_TASAS_TRABAJO,GEN_TASAS_RESIDENCIA,POR_DEFECTO) values (SQ_CONF_AUTORIZACIONES.NEXTVAL,'00002','MTE','MCE','S','S','S','N','N','S','S','N');
Insert into CONFIGURACION_AUTORIZACIONES (ID_CFG_AUTORIZACIONES,TIPO_COMPETENCIA,COD_PERMISO,COD_VIA,ALTA_EXPEDIENTES,MOD_EXPEDIENTES,RES_EXPEDIENTE,RES_PROPUESTA_AGE,RES_PROPUESTA_CCAA,GEN_TASAS_TRABAJO,GEN_TASAS_RESIDENCIA,POR_DEFECTO) values (SQ_CONF_AUTORIZACIONES.NEXTVAL,'00002','MTN','MNL','S','S','S','N','N','S','S','N');
Insert into CONFIGURACION_AUTORIZACIONES (ID_CFG_AUTORIZACIONES,TIPO_COMPETENCIA,COD_PERMISO,COD_VIA,ALTA_EXPEDIENTES,MOD_EXPEDIENTES,RES_EXPEDIENTE,RES_PROPUESTA_AGE,RES_PROPUESTA_CCAA,GEN_TASAS_TRABAJO,GEN_TASAS_RESIDENCIA,POR_DEFECTO) values (SQ_CONF_AUTORIZACIONES.NEXTVAL,'00003','MF1','MFE','S','S','S','N','N','S','S','N');
Insert into CONFIGURACION_AUTORIZACIONES (ID_CFG_AUTORIZACIONES,TIPO_COMPETENCIA,COD_PERMISO,COD_VIA,ALTA_EXPEDIENTES,MOD_EXPEDIENTES,RES_EXPEDIENTE,RES_PROPUESTA_AGE,RES_PROPUESTA_CCAA,GEN_TASAS_TRABAJO,GEN_TASAS_RESIDENCIA,POR_DEFECTO) values (SQ_CONF_AUTORIZACIONES.NEXTVAL,'00003','MPI','MEA','S','S','S','N','N','S','S','N');
Insert into CONFIGURACION_AUTORIZACIONES (ID_CFG_AUTORIZACIONES,TIPO_COMPETENCIA,COD_PERMISO,COD_VIA,ALTA_EXPEDIENTES,MOD_EXPEDIENTES,RES_EXPEDIENTE,RES_PROPUESTA_AGE,RES_PROPUESTA_CCAA,GEN_TASAS_TRABAJO,GEN_TASAS_RESIDENCIA,POR_DEFECTO) values (SQ_CONF_AUTORIZACIONES.NEXTVAL,'00003','MTI','MBE','S','S','S','N','N','S','S','N');
Insert into CONFIGURACION_AUTORIZACIONES (ID_CFG_AUTORIZACIONES,TIPO_COMPETENCIA,COD_PERMISO,COD_VIA,ALTA_EXPEDIENTES,MOD_EXPEDIENTES,RES_EXPEDIENTE,RES_PROPUESTA_AGE,RES_PROPUESTA_CCAA,GEN_TASAS_TRABAJO,GEN_TASAS_RESIDENCIA,POR_DEFECTO) values (SQ_CONF_AUTORIZACIONES.NEXTVAL,'00003','MTE','MEE','S','S','S','N','N','S','S','N');
Insert into CONFIGURACION_AUTORIZACIONES (ID_CFG_AUTORIZACIONES,TIPO_COMPETENCIA,COD_PERMISO,COD_VIA,ALTA_EXPEDIENTES,MOD_EXPEDIENTES,RES_EXPEDIENTE,RES_PROPUESTA_AGE,RES_PROPUESTA_CCAA,GEN_TASAS_TRABAJO,GEN_TASAS_RESIDENCIA,POR_DEFECTO) values (SQ_CONF_AUTORIZACIONES.NEXTVAL,'00003','M2R','MCA','S','S','S','N','N','S','S','N');
Insert into CONFIGURACION_AUTORIZACIONES (ID_CFG_AUTORIZACIONES,TIPO_COMPETENCIA,COD_PERMISO,COD_VIA,ALTA_EXPEDIENTES,MOD_EXPEDIENTES,RES_EXPEDIENTE,RES_PROPUESTA_AGE,RES_PROPUESTA_CCAA,GEN_TASAS_TRABAJO,GEN_TASAS_RESIDENCIA,POR_DEFECTO) values (SQ_CONF_AUTORIZACIONES.NEXTVAL,'00003','MAI','MGT','S','S','S','N','N','S','S','N');
Insert into CONFIGURACION_AUTORIZACIONES (ID_CFG_AUTORIZACIONES,TIPO_COMPETENCIA,COD_PERMISO,COD_VIA,ALTA_EXPEDIENTES,MOD_EXPEDIENTES,RES_EXPEDIENTE,RES_PROPUESTA_AGE,RES_PROPUESTA_CCAA,GEN_TASAS_TRABAJO,GEN_TASAS_RESIDENCIA,POR_DEFECTO) values (SQ_CONF_AUTORIZACIONES.NEXTVAL,'00003','MAI','MST','S','S','S','N','N','S','S','N');
Insert into CONFIGURACION_AUTORIZACIONES (ID_CFG_AUTORIZACIONES,TIPO_COMPETENCIA,COD_PERMISO,COD_VIA,ALTA_EXPEDIENTES,MOD_EXPEDIENTES,RES_EXPEDIENTE,RES_PROPUESTA_AGE,RES_PROPUESTA_CCAA,GEN_TASAS_TRABAJO,GEN_TASAS_RESIDENCIA,POR_DEFECTO) values (SQ_CONF_AUTORIZACIONES.NEXTVAL,'00003','MAI','MSG','S','S','S','N','N','S','S','N');
Insert into CONFIGURACION_AUTORIZACIONES (ID_CFG_AUTORIZACIONES,TIPO_COMPETENCIA,COD_PERMISO,COD_VIA,ALTA_EXPEDIENTES,MOD_EXPEDIENTES,RES_EXPEDIENTE,RES_PROPUESTA_AGE,RES_PROPUESTA_CCAA,GEN_TASAS_TRABAJO,GEN_TASAS_RESIDENCIA,POR_DEFECTO) values (SQ_CONF_AUTORIZACIONES.NEXTVAL,'00003','MAI','MCL','S','S','S','N','N','S','S','N');
Insert into CONFIGURACION_AUTORIZACIONES (ID_CFG_AUTORIZACIONES,TIPO_COMPETENCIA,COD_PERMISO,COD_VIA,ALTA_EXPEDIENTES,MOD_EXPEDIENTES,RES_EXPEDIENTE,RES_PROPUESTA_AGE,RES_PROPUESTA_CCAA,GEN_TASAS_TRABAJO,GEN_TASAS_RESIDENCIA,POR_DEFECTO) values (SQ_CONF_AUTORIZACIONES.NEXTVAL,'00003','M2I','MAP','S','S','S','N','N','S','S','N');
Insert into CONFIGURACION_AUTORIZACIONES (ID_CFG_AUTORIZACIONES,TIPO_COMPETENCIA,COD_PERMISO,COD_VIA,ALTA_EXPEDIENTES,MOD_EXPEDIENTES,RES_EXPEDIENTE,RES_PROPUESTA_AGE,RES_PROPUESTA_CCAA,GEN_TASAS_TRABAJO,GEN_TASAS_RESIDENCIA,POR_DEFECTO) values (SQ_CONF_AUTORIZACIONES.NEXTVAL,'00003','M2R','MIE','S','S','S','N','N','S','S','N');
Insert into CONFIGURACION_AUTORIZACIONES (ID_CFG_AUTORIZACIONES,TIPO_COMPETENCIA,COD_PERMISO,COD_VIA,ALTA_EXPEDIENTES,MOD_EXPEDIENTES,RES_EXPEDIENTE,RES_PROPUESTA_AGE,RES_PROPUESTA_CCAA,GEN_TASAS_TRABAJO,GEN_TASAS_RESIDENCIA,POR_DEFECTO) values (SQ_CONF_AUTORIZACIONES.NEXTVAL,'00003','MTE','MCE','S','S','S','N','N','S','S','N');
Insert into CONFIGURACION_AUTORIZACIONES (ID_CFG_AUTORIZACIONES,TIPO_COMPETENCIA,COD_PERMISO,COD_VIA,ALTA_EXPEDIENTES,MOD_EXPEDIENTES,RES_EXPEDIENTE,RES_PROPUESTA_AGE,RES_PROPUESTA_CCAA,GEN_TASAS_TRABAJO,GEN_TASAS_RESIDENCIA,POR_DEFECTO) values (SQ_CONF_AUTORIZACIONES.NEXTVAL,'00003','MTN','MNL','S','S','S','N','N','S','S','N');
Insert into CONFIGURACION_AUTORIZACIONES (ID_CFG_AUTORIZACIONES,TIPO_COMPETENCIA,COD_PERMISO,COD_VIA,ALTA_EXPEDIENTES,MOD_EXPEDIENTES,RES_EXPEDIENTE,RES_PROPUESTA_AGE,RES_PROPUESTA_CCAA,GEN_TASAS_TRABAJO,GEN_TASAS_RESIDENCIA,POR_DEFECTO) values (SQ_CONF_AUTORIZACIONES.NEXTVAL,'00001','MAI','MET','S','S','S','N','N','S','S','N');
Insert into CONFIGURACION_AUTORIZACIONES (ID_CFG_AUTORIZACIONES,TIPO_COMPETENCIA,COD_PERMISO,COD_VIA,ALTA_EXPEDIENTES,MOD_EXPEDIENTES,RES_EXPEDIENTE,RES_PROPUESTA_AGE,RES_PROPUESTA_CCAA,GEN_TASAS_TRABAJO,GEN_TASAS_RESIDENCIA,POR_DEFECTO) values (SQ_CONF_AUTORIZACIONES.NEXTVAL,'00001','MAI','MA1','S','S','S','N','N','S','S','N');
Insert into CONFIGURACION_AUTORIZACIONES (ID_CFG_AUTORIZACIONES,TIPO_COMPETENCIA,COD_PERMISO,COD_VIA,ALTA_EXPEDIENTES,MOD_EXPEDIENTES,RES_EXPEDIENTE,RES_PROPUESTA_AGE,RES_PROPUESTA_CCAA,GEN_TASAS_TRABAJO,GEN_TASAS_RESIDENCIA,POR_DEFECTO) values (SQ_CONF_AUTORIZACIONES.NEXTVAL,'00001','MAI','MA2','S','S','S','N','N','S','S','N');
Insert into CONFIGURACION_AUTORIZACIONES (ID_CFG_AUTORIZACIONES,TIPO_COMPETENCIA,COD_PERMISO,COD_VIA,ALTA_EXPEDIENTES,MOD_EXPEDIENTES,RES_EXPEDIENTE,RES_PROPUESTA_AGE,RES_PROPUESTA_CCAA,GEN_TASAS_TRABAJO,GEN_TASAS_RESIDENCIA,POR_DEFECTO) values (SQ_CONF_AUTORIZACIONES.NEXTVAL,'00001','MPI','MP2','S','S','S','N','N','S','S','N');
Insert into CONFIGURACION_AUTORIZACIONES (ID_CFG_AUTORIZACIONES,TIPO_COMPETENCIA,COD_PERMISO,COD_VIA,ALTA_EXPEDIENTES,MOD_EXPEDIENTES,RES_EXPEDIENTE,RES_PROPUESTA_AGE,RES_PROPUESTA_CCAA,GEN_TASAS_TRABAJO,GEN_TASAS_RESIDENCIA,POR_DEFECTO) values (SQ_CONF_AUTORIZACIONES.NEXTVAL,'00001','MAI','MTA','S','S','S','N','N','S','S','N');
Insert into CONFIGURACION_AUTORIZACIONES (ID_CFG_AUTORIZACIONES,TIPO_COMPETENCIA,COD_PERMISO,COD_VIA,ALTA_EXPEDIENTES,MOD_EXPEDIENTES,RES_EXPEDIENTE,RES_PROPUESTA_AGE,RES_PROPUESTA_CCAA,GEN_TASAS_TRABAJO,GEN_TASAS_RESIDENCIA,POR_DEFECTO) values (SQ_CONF_AUTORIZACIONES.NEXTVAL,'00001','MPI','MTP','S','S','S','N','N','S','S','N');
Insert into CONFIGURACION_AUTORIZACIONES (ID_CFG_AUTORIZACIONES,TIPO_COMPETENCIA,COD_PERMISO,COD_VIA,ALTA_EXPEDIENTES,MOD_EXPEDIENTES,RES_EXPEDIENTE,RES_PROPUESTA_AGE,RES_PROPUESTA_CCAA,GEN_TASAS_TRABAJO,GEN_TASAS_RESIDENCIA,POR_DEFECTO) values (SQ_CONF_AUTORIZACIONES.NEXTVAL,'00003','MAI','MET','S','S','S','N','N','S','S','N');
Insert into CONFIGURACION_AUTORIZACIONES (ID_CFG_AUTORIZACIONES,TIPO_COMPETENCIA,COD_PERMISO,COD_VIA,ALTA_EXPEDIENTES,MOD_EXPEDIENTES,RES_EXPEDIENTE,RES_PROPUESTA_AGE,RES_PROPUESTA_CCAA,GEN_TASAS_TRABAJO,GEN_TASAS_RESIDENCIA,POR_DEFECTO) values (SQ_CONF_AUTORIZACIONES.NEXTVAL,'00003','MAI','MA1','S','S','S','N','N','S','S','N');
Insert into CONFIGURACION_AUTORIZACIONES (ID_CFG_AUTORIZACIONES,TIPO_COMPETENCIA,COD_PERMISO,COD_VIA,ALTA_EXPEDIENTES,MOD_EXPEDIENTES,RES_EXPEDIENTE,RES_PROPUESTA_AGE,RES_PROPUESTA_CCAA,GEN_TASAS_TRABAJO,GEN_TASAS_RESIDENCIA,POR_DEFECTO) values (SQ_CONF_AUTORIZACIONES.NEXTVAL,'00003','MAI','MA2','S','S','S','N','N','S','S','N');
Insert into CONFIGURACION_AUTORIZACIONES (ID_CFG_AUTORIZACIONES,TIPO_COMPETENCIA,COD_PERMISO,COD_VIA,ALTA_EXPEDIENTES,MOD_EXPEDIENTES,RES_EXPEDIENTE,RES_PROPUESTA_AGE,RES_PROPUESTA_CCAA,GEN_TASAS_TRABAJO,GEN_TASAS_RESIDENCIA,POR_DEFECTO) values (SQ_CONF_AUTORIZACIONES.NEXTVAL,'00003','MPI','MP2','S','S','S','N','N','S','S','N');
Insert into CONFIGURACION_AUTORIZACIONES (ID_CFG_AUTORIZACIONES,TIPO_COMPETENCIA,COD_PERMISO,COD_VIA,ALTA_EXPEDIENTES,MOD_EXPEDIENTES,RES_EXPEDIENTE,RES_PROPUESTA_AGE,RES_PROPUESTA_CCAA,GEN_TASAS_TRABAJO,GEN_TASAS_RESIDENCIA,POR_DEFECTO) values (SQ_CONF_AUTORIZACIONES.NEXTVAL,'00003','MAI','MTA','S','S','S','N','N','S','S','N');
Insert into CONFIGURACION_AUTORIZACIONES (ID_CFG_AUTORIZACIONES,TIPO_COMPETENCIA,COD_PERMISO,COD_VIA,ALTA_EXPEDIENTES,MOD_EXPEDIENTES,RES_EXPEDIENTE,RES_PROPUESTA_AGE,RES_PROPUESTA_CCAA,GEN_TASAS_TRABAJO,GEN_TASAS_RESIDENCIA,POR_DEFECTO) values (SQ_CONF_AUTORIZACIONES.NEXTVAL,'00003','MPI','MTP','S','S','S','N','N','S','S','N');


commit;

-- EX02

-- PERMISOS

Insert into PERMISOS (EPEPER,EPENOM,EPELUC,EPECOM,EPECAP,EPEFCO,EPEFEX,EPERES,EPEVAL,EPEGRP,EPETIP,EPEFLAGS,EPEVIA,EPEMVA,EPEREG,EPECARTASMTAS,EPENOMBRESEDE,EXCLUDESEDE) values ('RGI','AUTORIZACIÓN DE RESIDENCIA TEMPORAL POR REAGRUPACIÓN FAMILIAR INICIAL','N',' ','N',' ',' ','S','S','PER','RE','SSNCSNNSNNNNSNN','FA1','12','RD1155','S',null,'N');
Insert into PERMISOS (EPEPER,EPENOM,EPELUC,EPECOM,EPECAP,EPEFCO,EPEFEX,EPERES,EPEVAL,EPEGRP,EPETIP,EPEFLAGS,EPEVIA,EPEMVA,EPEREG,EPECARTASMTAS,EPENOMBRESEDE,EXCLUDESEDE) values ('RFV','AUTORIZACIÓN DE RESIDENCIA TEMPORAL POR REAGRUPACIÓN FAMILIAR ','N',' ','N',' ',' ','S','S','PER','RE','SSNCSNNSNNNNSNN','FA1','12','RD1155','S',null,'N');
Insert into PERMISOS (EPEPER,EPENOM,EPELUC,EPECOM,EPECAP,EPEFCO,EPEFEX,EPERES,EPEVAL,EPEGRP,EPETIP,EPEFLAGS,EPEVIA,EPEMVA,EPEREG,EPECARTASMTAS,EPENOMBRESEDE,EXCLUDESEDE) values ('RIT','AUTORIZACIÓN DE RESIDENCIA TEMPORAL INDPENDIENTE DEL  REAGRUPANTE','N',' ','N',' ',' ','S','S','PER','RE','SSNCSNNSNNNNSNN','FA1','12','RD1155','S',null,'N');
Insert into PERMISOS (EPEPER,EPENOM,EPELUC,EPECOM,EPECAP,EPEFCO,EPEFEX,EPERES,EPEVAL,EPEGRP,EPETIP,EPEFLAGS,EPEVIA,EPEMVA,EPEREG,EPECARTASMTAS,EPENOMBRESEDE,EXCLUDESEDE) values ('RGR','AUTORIZACIÓN DE RESIDENCIA TEMPORAL POR REAGRUPACIÓN FAMILIAR RENOVADA','N',' ','N',' ',' ','S','S','PER','RE','SSNCSNNSNNNNSNN','FA1','12','RD1155','S',null,'N');
Insert into PERMISOS (EPEPER,EPENOM,EPELUC,EPECOM,EPECAP,EPEFCO,EPEFEX,EPERES,EPEVAL,EPEGRP,EPETIP,EPEFLAGS,EPEVIA,EPEMVA,EPEREG,EPECARTASMTAS,EPENOMBRESEDE,EXCLUDESEDE) values ('TRG','AUTORIZACIÓN DE TRABAJO','N',' ','N',' ',' ','S','S','PER','RE','SSNCSNNSNNNNSNN','FA1','12','RD1155','S',null,'N');

-- VIA_ACCESO

INSERT INTO VIA_ACCESO (EVICOD,EVIDES,EVICER,EVIGEN) VALUES ('RFI','AUTORIZACIÓN DE RESIDENCIA TEMPORAL POR REAGRUPACIÓN FAMILIAR INICIAL. ART. 65','N','S');
INSERT INTO VIA_ACCESO (EVICOD,EVIDES,EVICER,EVIGEN) VALUES ('FUE','AUTORIZACIÓN DE RESIDENCIA TEMPORAL POR REAGRUPACIÓN FAMILIAR INICIAL COMO FAMILIAR DE RESIDENTE DE LARGA DURACIÓN-UE EN OTRO ESTADO DE LA UNIÓN EUROPEA. ART. 68.5','N','S');
INSERT INTO VIA_ACCESO (EVICOD,EVIDES,EVICER,EVIGEN) VALUES ('RED','AUTORIZACIÓN DE RESIDENCIA TEMPORAL POR REAGRUPACIÓN FAMILIAR DE LOS HIJOS E HIJAS DE  VICTIMA DE REDES ORGANIZADAS. ART. 147','N','S');
INSERT INTO VIA_ACCESO (EVICOD,EVIDES,EVICER,EVIGEN) VALUES ('TSH','AUTORIZACIÓN DE RESIDENCIA TEMPORAL POR REAGRUPACIÓN FAMILIAR DE LOS HIJOS E HIJAS DE  VICTIMA DE TRATA DE SERES HUMANOS. ART. 155','N','S');
INSERT INTO VIA_ACCESO (EVICOD,EVIDES,EVICER,EVIGEN) VALUES ('INI','AUTORIZACIÓN DE RESIDENCIA TEMPORAL INDEPENDIENTE DEL REAGRUPANTE. ART. 69.1','N','S');
INSERT INTO VIA_ACCESO (EVICOD,EVIDES,EVICER,EVIGEN) VALUES ('INR','AUTORIZACIÓN DE RESIDENCIA TEMPORAL INDEPENDIENTE DEL REAGRUPANTE POR RUPTURA DEL VÍNCULO. ART. 69.2.A','N','S');
INSERT INTO VIA_ACCESO (EVICOD,EVIDES,EVICER,EVIGEN) VALUES ('INV','AUTORIZACIÓN DE RESIDENCIA TEMPORAL INDEPENDIENTE EL REAGRUPANTE POR VIOLENCIA. ART. 69.2.B','N','S');
INSERT INTO VIA_ACCESO (EVICOD,EVIDES,EVICER,EVIGEN) VALUES ('INF','AUTORIZACIÓN DE RESIDENCIA TEMPORAL INDEPENDIENTE EL REAGRUPANTE POR FALLECIMIENTO. ART. 69.2.C','N','S');
INSERT INTO VIA_ACCESO (EVICOD,EVIDES,EVICER,EVIGEN) VALUES ('INE','AUTORIZACIÓN DE RESIDENCIA TEMPORAL INDEPENDIENTE DEL REAGRUPANTE POR EDAD/REPRESENTACIÓN. ART. 69.4','N','S');
INSERT INTO VIA_ACCESO (EVICOD,EVIDES,EVICER,EVIGEN) VALUES ('INU','AUTORIZACIÓN DE RESIDENCIA TEMPORAL INDEPENDIENTE DEL REAGRUPANTE TITULAR DE UNA TARJETA AZUL-UE. ART. 69.5','N','S');
INSERT INTO VIA_ACCESO (EVICOD,EVIDES,EVICER,EVIGEN) VALUES ('INA','AUTORIZACIÓN DE RESIDENCIA TEMPORAL INDEPENDIENTE DEL REAGRUPANTE POR EL ASCENDIENTE. ART. 69.6','N','S');
INSERT INTO VIA_ACCESO (EVICOD,EVIDES,EVICER,EVIGEN) VALUES ('RFR','AUTORIZACIÓN DE RESIDENCIA TEMPORAL POR REAGRUPACIÓN FAMILIAR RENOVADA ART. 71','N','S');
INSERT INTO VIA_ACCESO (EVICOD,EVIDES,EVICER,EVIGEN) VALUES ('ASA','AUTORIZACIÓN DE TRABAJO POR CUENTA AJENA PARA ASCENDIENTE REAGRUPADO. ART. 69.6','N','S');
INSERT INTO VIA_ACCESO (EVICOD,EVIDES,EVICER,EVIGEN) VALUES ('ASP','AUTORIZACIÓN DE TRABAJO POR CUENTA PROPIA PARA ASCENDIENTE REAGRUPADO. ART. 69.6','N','S');


-- AUTORIZAC


INSERT INTO AUTORIZAC (AUTCOD,AUTDES,AUTFLAGS,AUTVAL,AUTGRP,AUTCLA,AUTMOD,AUTTIP,AUTDES_CAT,AUTDES_CAT_CAS,AUTDES_UMI,AUTJERAR,AUTCLAS) VALUES ('B1I000','AUTORIZACIÓN DE RESIDENCIA TEMPORAL POR REAGRUPACIÓN FAMILIAR INICIAL - AUTORIZACIÓN DE RESIDENCIA TEMPORAL POR REAGRUPACIÓN FAMILIAR INICIAL. ART. 65',NULL,'S',NULL,NULL,NULL,NULL,NULL,NULL,NULL,NULL,NULL);
INSERT INTO AUTORIZAC (AUTCOD,AUTDES,AUTFLAGS,AUTVAL,AUTGRP,AUTCLA,AUTMOD,AUTTIP,AUTDES_CAT,AUTDES_CAT_CAS,AUTDES_UMI,AUTJERAR,AUTCLAS) VALUES ('B1I001','AUTORIZACIÓN DE RESIDENCIA TEMPORAL POR REAGRUPACIÓN FAMILIAR INICIAL - AUTORIZACIÓN DE RESIDENCIA TEMPORAL POR REAGRUPACIÓN FAMILIAR INICIAL COMO FAMILIAR DE RESIDENTE DE LARGA DURACIÓN-UE EN OTRO ESTADO DE LA UNIÓN EUROPEA. ART. 68.5',NULL,'S',NULL,NULL,NULL,NULL,NULL,NULL,NULL,NULL,NULL);
INSERT INTO AUTORIZAC (AUTCOD,AUTDES,AUTFLAGS,AUTVAL,AUTGRP,AUTCLA,AUTMOD,AUTTIP,AUTDES_CAT,AUTDES_CAT_CAS,AUTDES_UMI,AUTJERAR,AUTCLAS) VALUES ('B1I002','AUTORIZACIÓN DE RESIDENCIA TEMPORAL POR REAGRUPACIÓN FAMILIAR  - AUTORIZACIÓN DE RESIDENCIA TEMPORAL POR REAGRUPACIÓN FAMILIAR DE LOS HIJOS E HIJAS DE  VICTIMA DE REDES ORGANIZADAS. ART. 147',NULL,'S',NULL,NULL,NULL,NULL,NULL,NULL,NULL,NULL,NULL);
INSERT INTO AUTORIZAC (AUTCOD,AUTDES,AUTFLAGS,AUTVAL,AUTGRP,AUTCLA,AUTMOD,AUTTIP,AUTDES_CAT,AUTDES_CAT_CAS,AUTDES_UMI,AUTJERAR,AUTCLAS) VALUES ('B1I003','AUTORIZACIÓN DE RESIDENCIA TEMPORAL POR REAGRUPACIÓN FAMILIAR  - AUTORIZACIÓN DE RESIDENCIA TEMPORAL POR REAGRUPACIÓN FAMILIAR DE LOS HIJOS E HIJAS DE  VICTIMA DE TRATA DE SERES HUMANOS. ART. 155',NULL,'S',NULL,NULL,NULL,NULL,NULL,NULL,NULL,NULL,NULL);
INSERT INTO AUTORIZAC (AUTCOD,AUTDES,AUTFLAGS,AUTVAL,AUTGRP,AUTCLA,AUTMOD,AUTTIP,AUTDES_CAT,AUTDES_CAT_CAS,AUTDES_UMI,AUTJERAR,AUTCLAS) VALUES ('B9FI00','AUTORIZACIÓN DE RESIDENCIA TEMPORAL INDPENDIENTE DEL  REAGRUPANTE - AUTORIZACIÓN DE RESIDENCIA TEMPORAL INDEPENDIENTE DEL REAGRUPANTE. ART. 69.1',NULL,'S',NULL,NULL,NULL,NULL,NULL,NULL,NULL,NULL,NULL);
INSERT INTO AUTORIZAC (AUTCOD,AUTDES,AUTFLAGS,AUTVAL,AUTGRP,AUTCLA,AUTMOD,AUTTIP,AUTDES_CAT,AUTDES_CAT_CAS,AUTDES_UMI,AUTJERAR,AUTCLAS) VALUES ('B9FI01','AUTORIZACIÓN DE RESIDENCIA TEMPORAL INDPENDIENTE DEL  REAGRUPANTE - AUTORIZACIÓN DE RESIDENCIA TEMPORAL INDEPENDIENTE DEL REAGRUPANTE POR RUPTURA DEL VÍNCULO. ART. 69.2.A',NULL,'S',NULL,NULL,NULL,NULL,NULL,NULL,NULL,NULL,NULL);
INSERT INTO AUTORIZAC (AUTCOD,AUTDES,AUTFLAGS,AUTVAL,AUTGRP,AUTCLA,AUTMOD,AUTTIP,AUTDES_CAT,AUTDES_CAT_CAS,AUTDES_UMI,AUTJERAR,AUTCLAS) VALUES ('B9FI02','AUTORIZACIÓN DE RESIDENCIA TEMPORAL INDPENDIENTE DEL  REAGRUPANTE - AUTORIZACIÓN DE RESIDENCIA TEMPORAL INDEPENDIENTE EL REAGRUPANTE POR VIOLENCIA. ART. 69.2.B',NULL,'S',NULL,NULL,NULL,NULL,NULL,NULL,NULL,NULL,NULL);
INSERT INTO AUTORIZAC (AUTCOD,AUTDES,AUTFLAGS,AUTVAL,AUTGRP,AUTCLA,AUTMOD,AUTTIP,AUTDES_CAT,AUTDES_CAT_CAS,AUTDES_UMI,AUTJERAR,AUTCLAS) VALUES ('B9FI03','AUTORIZACIÓN DE RESIDENCIA TEMPORAL INDPENDIENTE DEL  REAGRUPANTE - AUTORIZACIÓN DE RESIDENCIA TEMPORAL INDEPENDIENTE EL REAGRUPANTE POR FALLECIMIENTO. ART. 69.2.C',NULL,'S',NULL,NULL,NULL,NULL,NULL,NULL,NULL,NULL,NULL);
INSERT INTO AUTORIZAC (AUTCOD,AUTDES,AUTFLAGS,AUTVAL,AUTGRP,AUTCLA,AUTMOD,AUTTIP,AUTDES_CAT,AUTDES_CAT_CAS,AUTDES_UMI,AUTJERAR,AUTCLAS) VALUES ('B9FI04','AUTORIZACIÓN DE RESIDENCIA TEMPORAL INDPENDIENTE DEL  REAGRUPANTE - AUTORIZACIÓN DE RESIDENCIA TEMPORAL INDEPENDIENTE DEL REAGRUPANTE POR EDAD/REPRESENTACIÓN. ART. 69.4',NULL,'S',NULL,NULL,NULL,NULL,NULL,NULL,NULL,NULL,NULL);
INSERT INTO AUTORIZAC (AUTCOD,AUTDES,AUTFLAGS,AUTVAL,AUTGRP,AUTCLA,AUTMOD,AUTTIP,AUTDES_CAT,AUTDES_CAT_CAS,AUTDES_UMI,AUTJERAR,AUTCLAS) VALUES ('B9FI05','AUTORIZACIÓN DE RESIDENCIA TEMPORAL INDPENDIENTE DEL  REAGRUPANTE - AUTORIZACIÓN DE RESIDENCIA TEMPORAL INDEPENDIENTE DEL REAGRUPANTE TITULAR DE UNA TARJETA AZUL-UE. ART. 69.5',NULL,'S',NULL,NULL,NULL,NULL,NULL,NULL,NULL,NULL,NULL);
INSERT INTO AUTORIZAC (AUTCOD,AUTDES,AUTFLAGS,AUTVAL,AUTGRP,AUTCLA,AUTMOD,AUTTIP,AUTDES_CAT,AUTDES_CAT_CAS,AUTDES_UMI,AUTJERAR,AUTCLAS) VALUES ('B9FI06','AUTORIZACIÓN DE RESIDENCIA TEMPORAL INDPENDIENTE DEL  REAGRUPANTE - AUTORIZACIÓN DE RESIDENCIA TEMPORAL INDEPENDIENTE DEL REAGRUPANTE POR EL ASCENDIENTE. ART. 69.6',NULL,'S',NULL,NULL,NULL,NULL,NULL,NULL,NULL,NULL,NULL);
INSERT INTO AUTORIZAC (AUTCOD,AUTDES,AUTFLAGS,AUTVAL,AUTGRP,AUTCLA,AUTMOD,AUTTIP,AUTDES_CAT,AUTDES_CAT_CAS,AUTDES_UMI,AUTJERAR,AUTCLAS) VALUES ('B1R000','AUTORIZACIÓN DE RESIDENCIA TEMPORAL POR REAGRUPACIÓN FAMILIAR RENOVADA - AUTORIZACIÓN DE RESIDENCIA TEMPORAL POR REAGRUPACIÓN FAMILIAR RENOVADA ART. 71',NULL,'S',NULL,NULL,NULL,NULL,NULL,NULL,NULL,NULL,NULL);
INSERT INTO AUTORIZAC (AUTCOD,AUTDES,AUTFLAGS,AUTVAL,AUTGRP,AUTCLA,AUTMOD,AUTTIP,AUTDES_CAT,AUTDES_CAT_CAS,AUTDES_UMI,AUTJERAR,AUTCLAS) VALUES ('B21I05','AUTORIZACIÓN DE TRABAJO - AUTORIZACIÓN DE TRABAJO POR CUENTA AJENA PARA ASCENDIENTE REAGRUPADO. ART. 69.6',NULL,'S',NULL,NULL,NULL,NULL,NULL,NULL,NULL,NULL,NULL);
INSERT INTO AUTORIZAC (AUTCOD,AUTDES,AUTFLAGS,AUTVAL,AUTGRP,AUTCLA,AUTMOD,AUTTIP,AUTDES_CAT,AUTDES_CAT_CAS,AUTDES_UMI,AUTJERAR,AUTCLAS) VALUES ('B21I06','AUTORIZACIÓN DE TRABAJO - AUTORIZACIÓN DE TRABAJO POR CUENTA PROPIA PARA ASCENDIENTE REAGRUPADO. ART. 69.6',NULL,'S',NULL,NULL,NULL,NULL,NULL,NULL,NULL,NULL,NULL);


-- VIA_PERMISO

Insert into VIA_PERMISO (EVPPER,EVPVIA,EVPFLAGS,EVPVAL,EVPMTAS,EVPFECINI,EVPFECFIN,EVPFORMULARIO,EVPESCCOS,EVPFGR,EVPVERRES,CODIGO_SIA,IGUALDAD,EVPDGPTJ,EVPETIQUETAFAM,EVPPROMOTOR,EVPTRANSFRONTERIZO,EVPFAMILIAR,EVPNACIONALIDAD,EVPNIVELESTUDIOS,EVPCENTROESTUDIOS,EVPAMBITO,EVPVISADODESCESP,EVPRECUPERALD,EVPIGUALDAD,EVPTIPOTITULAR,EVPRESSINPAGTASR,EVPNSOPORTEUE,EVPCNED,EVPADJDOCRESUELTO,EVPPERMANENTE,EVPNUMPLAZO,EVPTIPPLAZO,EVPTIPESTIMACION,EVPLEYENDA,EVPINITASAS) values ('RGI','RFI','S12LNASSNNNNNNCDNNSNN O S              A','S','B1I000',to_date('20/05/25','DD/MM/RR'),null,'EX02','S',to_date('11/04/25','DD/MM/RR'),'S','201321','N','S','F','N','N','N',null,'N','N',null,'N','N','N','G','E','N','N','N','S','2','M','D','N','S');
Insert into VIA_PERMISO (EVPPER,EVPVIA,EVPFLAGS,EVPVAL,EVPMTAS,EVPFECINI,EVPFECFIN,EVPFORMULARIO,EVPESCCOS,EVPFGR,EVPVERRES,CODIGO_SIA,IGUALDAD,EVPDGPTJ,EVPETIQUETAFAM,EVPPROMOTOR,EVPTRANSFRONTERIZO,EVPFAMILIAR,EVPNACIONALIDAD,EVPNIVELESTUDIOS,EVPCENTROESTUDIOS,EVPAMBITO,EVPVISADODESCESP,EVPRECUPERALD,EVPIGUALDAD,EVPTIPOTITULAR,EVPRESSINPAGTASR,EVPNSOPORTEUE,EVPCNED,EVPADJDOCRESUELTO,EVPPERMANENTE,EVPNUMPLAZO,EVPTIPPLAZO,EVPTIPESTIMACION,EVPLEYENDA,EVPINITASAS) values ('RGI','FUE','S12LNASSNNNNNNCDNNSNN O S              A','S','B1I001',to_date('20/05/25','DD/MM/RR'),null,'EX02','S',to_date('11/04/25','DD/MM/RR'),'S','201321','N','S','F','N','N','N',null,'N','N',null,'N','N','N','G','E','N','N','N','S','2','M','D','N','S');
Insert into VIA_PERMISO (EVPPER,EVPVIA,EVPFLAGS,EVPVAL,EVPMTAS,EVPFECINI,EVPFECFIN,EVPFORMULARIO,EVPESCCOS,EVPFGR,EVPVERRES,CODIGO_SIA,IGUALDAD,EVPDGPTJ,EVPETIQUETAFAM,EVPPROMOTOR,EVPTRANSFRONTERIZO,EVPFAMILIAR,EVPNACIONALIDAD,EVPNIVELESTUDIOS,EVPCENTROESTUDIOS,EVPAMBITO,EVPVISADODESCESP,EVPRECUPERALD,EVPIGUALDAD,EVPTIPOTITULAR,EVPRESSINPAGTASR,EVPNSOPORTEUE,EVPCNED,EVPADJDOCRESUELTO,EVPPERMANENTE,EVPNUMPLAZO,EVPTIPPLAZO,EVPTIPESTIMACION,EVPLEYENDA,EVPINITASAS) values ('RFV','RED','S12LNASSNNNNNNCDNNSNN O S              A','S','B1I002',to_date('20/05/25','DD/MM/RR'),null,'EX02','S',to_date('11/04/25','DD/MM/RR'),'S','201321','N','S','F','N','N','N',null,'N','N',null,'N','N','N','G','E','N','N','N','S','2','M','D','N','S');
Insert into VIA_PERMISO (EVPPER,EVPVIA,EVPFLAGS,EVPVAL,EVPMTAS,EVPFECINI,EVPFECFIN,EVPFORMULARIO,EVPESCCOS,EVPFGR,EVPVERRES,CODIGO_SIA,IGUALDAD,EVPDGPTJ,EVPETIQUETAFAM,EVPPROMOTOR,EVPTRANSFRONTERIZO,EVPFAMILIAR,EVPNACIONALIDAD,EVPNIVELESTUDIOS,EVPCENTROESTUDIOS,EVPAMBITO,EVPVISADODESCESP,EVPRECUPERALD,EVPIGUALDAD,EVPTIPOTITULAR,EVPRESSINPAGTASR,EVPNSOPORTEUE,EVPCNED,EVPADJDOCRESUELTO,EVPPERMANENTE,EVPNUMPLAZO,EVPTIPPLAZO,EVPTIPESTIMACION,EVPLEYENDA,EVPINITASAS) values ('RFV','TSH','S12LNASSNNNNNNCDNNSNN O S              A','S','B1I003',to_date('20/05/25','DD/MM/RR'),null,'EX02','S',to_date('11/04/25','DD/MM/RR'),'S','201321','N','S','F','N','N','N',null,'N','N',null,'N','N','N','G','E','N','N','N','S','2','M','D','N','S');
Insert into VIA_PERMISO (EVPPER,EVPVIA,EVPFLAGS,EVPVAL,EVPMTAS,EVPFECINI,EVPFECFIN,EVPFORMULARIO,EVPESCCOS,EVPFGR,EVPVERRES,CODIGO_SIA,IGUALDAD,EVPDGPTJ,EVPETIQUETAFAM,EVPPROMOTOR,EVPTRANSFRONTERIZO,EVPFAMILIAR,EVPNACIONALIDAD,EVPNIVELESTUDIOS,EVPCENTROESTUDIOS,EVPAMBITO,EVPVISADODESCESP,EVPRECUPERALD,EVPIGUALDAD,EVPTIPOTITULAR,EVPRESSINPAGTASR,EVPNSOPORTEUE,EVPCNED,EVPADJDOCRESUELTO,EVPPERMANENTE,EVPNUMPLAZO,EVPTIPPLAZO,EVPTIPESTIMACION,EVPLEYENDA,EVPINITASAS) values ('RIT','INI','S12LNASSNNNNNNCDNNSNN O S              A','S','B9FI00',to_date('20/05/25','DD/MM/RR'),null,'EX02','S',to_date('11/04/25','DD/MM/RR'),'S','201321','N','S','F','N','N','N',null,'N','N',null,'N','N','N','G','E','N','N','N','S','2','M','D','N','S');
Insert into VIA_PERMISO (EVPPER,EVPVIA,EVPFLAGS,EVPVAL,EVPMTAS,EVPFECINI,EVPFECFIN,EVPFORMULARIO,EVPESCCOS,EVPFGR,EVPVERRES,CODIGO_SIA,IGUALDAD,EVPDGPTJ,EVPETIQUETAFAM,EVPPROMOTOR,EVPTRANSFRONTERIZO,EVPFAMILIAR,EVPNACIONALIDAD,EVPNIVELESTUDIOS,EVPCENTROESTUDIOS,EVPAMBITO,EVPVISADODESCESP,EVPRECUPERALD,EVPIGUALDAD,EVPTIPOTITULAR,EVPRESSINPAGTASR,EVPNSOPORTEUE,EVPCNED,EVPADJDOCRESUELTO,EVPPERMANENTE,EVPNUMPLAZO,EVPTIPPLAZO,EVPTIPESTIMACION,EVPLEYENDA,EVPINITASAS) values ('RIT','INR','S12LNASSNNNNNNCDNNSNN O S              A','S','B9FI01',to_date('20/05/25','DD/MM/RR'),null,'EX02','S',to_date('11/04/25','DD/MM/RR'),'S','201321','N','S','F','N','N','N',null,'N','N',null,'N','N','N','G','E','N','N','N','S','2','M','D','N','S');
Insert into VIA_PERMISO (EVPPER,EVPVIA,EVPFLAGS,EVPVAL,EVPMTAS,EVPFECINI,EVPFECFIN,EVPFORMULARIO,EVPESCCOS,EVPFGR,EVPVERRES,CODIGO_SIA,IGUALDAD,EVPDGPTJ,EVPETIQUETAFAM,EVPPROMOTOR,EVPTRANSFRONTERIZO,EVPFAMILIAR,EVPNACIONALIDAD,EVPNIVELESTUDIOS,EVPCENTROESTUDIOS,EVPAMBITO,EVPVISADODESCESP,EVPRECUPERALD,EVPIGUALDAD,EVPTIPOTITULAR,EVPRESSINPAGTASR,EVPNSOPORTEUE,EVPCNED,EVPADJDOCRESUELTO,EVPPERMANENTE,EVPNUMPLAZO,EVPTIPPLAZO,EVPTIPESTIMACION,EVPLEYENDA,EVPINITASAS) values ('RIT','INV','S12LNASSNNNNNNCDNNSNN O S              A','S','B9FI02',to_date('20/05/25','DD/MM/RR'),null,'EX02','S',to_date('11/04/25','DD/MM/RR'),'S','201321','N','S','F','N','N','N',null,'N','N',null,'N','N','N','G','E','N','N','N','S','2','M','D','N','S');
Insert into VIA_PERMISO (EVPPER,EVPVIA,EVPFLAGS,EVPVAL,EVPMTAS,EVPFECINI,EVPFECFIN,EVPFORMULARIO,EVPESCCOS,EVPFGR,EVPVERRES,CODIGO_SIA,IGUALDAD,EVPDGPTJ,EVPETIQUETAFAM,EVPPROMOTOR,EVPTRANSFRONTERIZO,EVPFAMILIAR,EVPNACIONALIDAD,EVPNIVELESTUDIOS,EVPCENTROESTUDIOS,EVPAMBITO,EVPVISADODESCESP,EVPRECUPERALD,EVPIGUALDAD,EVPTIPOTITULAR,EVPRESSINPAGTASR,EVPNSOPORTEUE,EVPCNED,EVPADJDOCRESUELTO,EVPPERMANENTE,EVPNUMPLAZO,EVPTIPPLAZO,EVPTIPESTIMACION,EVPLEYENDA,EVPINITASAS) values ('RIT','INF','S12LNASSNNNNNNCDNNSNN O S              A','S','B9FI03',to_date('20/05/25','DD/MM/RR'),null,'EX02','S',to_date('11/04/25','DD/MM/RR'),'S','201321','N','S','F','N','N','N',null,'N','N',null,'N','N','N','G','E','N','N','N','S','2','M','D','N','S');
Insert into VIA_PERMISO (EVPPER,EVPVIA,EVPFLAGS,EVPVAL,EVPMTAS,EVPFECINI,EVPFECFIN,EVPFORMULARIO,EVPESCCOS,EVPFGR,EVPVERRES,CODIGO_SIA,IGUALDAD,EVPDGPTJ,EVPETIQUETAFAM,EVPPROMOTOR,EVPTRANSFRONTERIZO,EVPFAMILIAR,EVPNACIONALIDAD,EVPNIVELESTUDIOS,EVPCENTROESTUDIOS,EVPAMBITO,EVPVISADODESCESP,EVPRECUPERALD,EVPIGUALDAD,EVPTIPOTITULAR,EVPRESSINPAGTASR,EVPNSOPORTEUE,EVPCNED,EVPADJDOCRESUELTO,EVPPERMANENTE,EVPNUMPLAZO,EVPTIPPLAZO,EVPTIPESTIMACION,EVPLEYENDA,EVPINITASAS) values ('RIT','INE','S12LNASSNNNNNNCDNNSNN O S              A','S','B9FI04',to_date('20/05/25','DD/MM/RR'),null,'EX02','S',to_date('11/04/25','DD/MM/RR'),'S','201321','N','S','F','N','N','N',null,'N','N',null,'N','N','N','G','E','N','N','N','S','2','M','D','N','S');
Insert into VIA_PERMISO (EVPPER,EVPVIA,EVPFLAGS,EVPVAL,EVPMTAS,EVPFECINI,EVPFECFIN,EVPFORMULARIO,EVPESCCOS,EVPFGR,EVPVERRES,CODIGO_SIA,IGUALDAD,EVPDGPTJ,EVPETIQUETAFAM,EVPPROMOTOR,EVPTRANSFRONTERIZO,EVPFAMILIAR,EVPNACIONALIDAD,EVPNIVELESTUDIOS,EVPCENTROESTUDIOS,EVPAMBITO,EVPVISADODESCESP,EVPRECUPERALD,EVPIGUALDAD,EVPTIPOTITULAR,EVPRESSINPAGTASR,EVPNSOPORTEUE,EVPCNED,EVPADJDOCRESUELTO,EVPPERMANENTE,EVPNUMPLAZO,EVPTIPPLAZO,EVPTIPESTIMACION,EVPLEYENDA,EVPINITASAS) values ('RIT','INU','S12LNASSNNNNNNCDNNSNN O S              A','S','B9FI05',to_date('20/05/25','DD/MM/RR'),null,'EX02','S',to_date('11/04/25','DD/MM/RR'),'S','201321','N','S','F','N','N','N',null,'N','N',null,'N','N','N','G','E','N','N','N','S','2','M','D','N','S');
Insert into VIA_PERMISO (EVPPER,EVPVIA,EVPFLAGS,EVPVAL,EVPMTAS,EVPFECINI,EVPFECFIN,EVPFORMULARIO,EVPESCCOS,EVPFGR,EVPVERRES,CODIGO_SIA,IGUALDAD,EVPDGPTJ,EVPETIQUETAFAM,EVPPROMOTOR,EVPTRANSFRONTERIZO,EVPFAMILIAR,EVPNACIONALIDAD,EVPNIVELESTUDIOS,EVPCENTROESTUDIOS,EVPAMBITO,EVPVISADODESCESP,EVPRECUPERALD,EVPIGUALDAD,EVPTIPOTITULAR,EVPRESSINPAGTASR,EVPNSOPORTEUE,EVPCNED,EVPADJDOCRESUELTO,EVPPERMANENTE,EVPNUMPLAZO,EVPTIPPLAZO,EVPTIPESTIMACION,EVPLEYENDA,EVPINITASAS) values ('RIT','INA','S12LNASSNNNNNNCDNNSNN O S              A','S','B9FI06',to_date('20/05/25','DD/MM/RR'),null,'EX02','S',to_date('11/04/25','DD/MM/RR'),'S','201321','N','S','F','N','N','N',null,'N','N',null,'N','N','N','G','E','N','N','N','S','2','M','D','N','S');
Insert into VIA_PERMISO (EVPPER,EVPVIA,EVPFLAGS,EVPVAL,EVPMTAS,EVPFECINI,EVPFECFIN,EVPFORMULARIO,EVPESCCOS,EVPFGR,EVPVERRES,CODIGO_SIA,IGUALDAD,EVPDGPTJ,EVPETIQUETAFAM,EVPPROMOTOR,EVPTRANSFRONTERIZO,EVPFAMILIAR,EVPNACIONALIDAD,EVPNIVELESTUDIOS,EVPCENTROESTUDIOS,EVPAMBITO,EVPVISADODESCESP,EVPRECUPERALD,EVPIGUALDAD,EVPTIPOTITULAR,EVPRESSINPAGTASR,EVPNSOPORTEUE,EVPCNED,EVPADJDOCRESUELTO,EVPPERMANENTE,EVPNUMPLAZO,EVPTIPPLAZO,EVPTIPESTIMACION,EVPLEYENDA,EVPINITASAS) values ('RGR','RFR','S12LNASSNNNNNNCDNNSNN O S              A','S','B1R000',to_date('20/05/25','DD/MM/RR'),null,'EX02','S',to_date('11/04/25','DD/MM/RR'),'S','201321','N','S','F','N','N','N',null,'N','N',null,'N','N','N','G','E','N','N','N','S','3','M','E','N','S');
Insert into VIA_PERMISO (EVPPER,EVPVIA,EVPFLAGS,EVPVAL,EVPMTAS,EVPFECINI,EVPFECFIN,EVPFORMULARIO,EVPESCCOS,EVPFGR,EVPVERRES,CODIGO_SIA,IGUALDAD,EVPDGPTJ,EVPETIQUETAFAM,EVPPROMOTOR,EVPTRANSFRONTERIZO,EVPFAMILIAR,EVPNACIONALIDAD,EVPNIVELESTUDIOS,EVPCENTROESTUDIOS,EVPAMBITO,EVPVISADODESCESP,EVPRECUPERALD,EVPIGUALDAD,EVPTIPOTITULAR,EVPRESSINPAGTASR,EVPNSOPORTEUE,EVPCNED,EVPADJDOCRESUELTO,EVPPERMANENTE,EVPNUMPLAZO,EVPTIPPLAZO,EVPTIPESTIMACION,EVPLEYENDA,EVPINITASAS) values ('TRG','ASA','S12LNASSNNNNNNCDNNSNN O S              A','S','B21I05',to_date('20/05/25','DD/MM/RR'),null,'EX02','S',to_date('11/04/25','DD/MM/RR'),'S','201321','N','S','F','N','N','N',null,'N','N',null,'N','N','N','G','E','N','N','N','S','3','M','E','N','S');
Insert into VIA_PERMISO (EVPPER,EVPVIA,EVPFLAGS,EVPVAL,EVPMTAS,EVPFECINI,EVPFECFIN,EVPFORMULARIO,EVPESCCOS,EVPFGR,EVPVERRES,CODIGO_SIA,IGUALDAD,EVPDGPTJ,EVPETIQUETAFAM,EVPPROMOTOR,EVPTRANSFRONTERIZO,EVPFAMILIAR,EVPNACIONALIDAD,EVPNIVELESTUDIOS,EVPCENTROESTUDIOS,EVPAMBITO,EVPVISADODESCESP,EVPRECUPERALD,EVPIGUALDAD,EVPTIPOTITULAR,EVPRESSINPAGTASR,EVPNSOPORTEUE,EVPCNED,EVPADJDOCRESUELTO,EVPPERMANENTE,EVPNUMPLAZO,EVPTIPPLAZO,EVPTIPESTIMACION,EVPLEYENDA,EVPINITASAS) values ('TRG','ASP','S12LNASSNNNNNNCDNNSNN O S              A','S','B21I06',to_date('20/05/25','DD/MM/RR'),null,'EX02','S',to_date('11/04/25','DD/MM/RR'),'S','201321','N','S','F','N','N','N',null,'N','N',null,'N','N','N','G','E','N','N','N','S','3','M','E','N','S');


-- CONFIGURACION_AUTORIZACIONES

Insert into CONFIGURACION_AUTORIZACIONES (ID_CFG_AUTORIZACIONES,TIPO_COMPETENCIA,COD_PERMISO,COD_VIA,ALTA_EXPEDIENTES,MOD_EXPEDIENTES,RES_EXPEDIENTE,RES_PROPUESTA_AGE,RES_PROPUESTA_CCAA,GEN_TASAS_TRABAJO,GEN_TASAS_RESIDENCIA,POR_DEFECTO) values (SQ_CONF_AUTORIZACIONES.NEXTVAL,'00002','RGI','RFI','S','S','S','N','N','S','S','N');
Insert into CONFIGURACION_AUTORIZACIONES (ID_CFG_AUTORIZACIONES,TIPO_COMPETENCIA,COD_PERMISO,COD_VIA,ALTA_EXPEDIENTES,MOD_EXPEDIENTES,RES_EXPEDIENTE,RES_PROPUESTA_AGE,RES_PROPUESTA_CCAA,GEN_TASAS_TRABAJO,GEN_TASAS_RESIDENCIA,POR_DEFECTO) values (SQ_CONF_AUTORIZACIONES.NEXTVAL,'00002','RGI','FUE','S','S','S','N','N','S','S','N');
Insert into CONFIGURACION_AUTORIZACIONES (ID_CFG_AUTORIZACIONES,TIPO_COMPETENCIA,COD_PERMISO,COD_VIA,ALTA_EXPEDIENTES,MOD_EXPEDIENTES,RES_EXPEDIENTE,RES_PROPUESTA_AGE,RES_PROPUESTA_CCAA,GEN_TASAS_TRABAJO,GEN_TASAS_RESIDENCIA,POR_DEFECTO) values (SQ_CONF_AUTORIZACIONES.NEXTVAL,'00002','RFV','RED','S','S','S','N','N','S','S','N');
Insert into CONFIGURACION_AUTORIZACIONES (ID_CFG_AUTORIZACIONES,TIPO_COMPETENCIA,COD_PERMISO,COD_VIA,ALTA_EXPEDIENTES,MOD_EXPEDIENTES,RES_EXPEDIENTE,RES_PROPUESTA_AGE,RES_PROPUESTA_CCAA,GEN_TASAS_TRABAJO,GEN_TASAS_RESIDENCIA,POR_DEFECTO) values (SQ_CONF_AUTORIZACIONES.NEXTVAL,'00002','RFV','TSH','S','S','S','N','N','S','S','N');
Insert into CONFIGURACION_AUTORIZACIONES (ID_CFG_AUTORIZACIONES,TIPO_COMPETENCIA,COD_PERMISO,COD_VIA,ALTA_EXPEDIENTES,MOD_EXPEDIENTES,RES_EXPEDIENTE,RES_PROPUESTA_AGE,RES_PROPUESTA_CCAA,GEN_TASAS_TRABAJO,GEN_TASAS_RESIDENCIA,POR_DEFECTO) values (SQ_CONF_AUTORIZACIONES.NEXTVAL,'00002','RIT','INI','S','S','S','N','N','S','S','N');
Insert into CONFIGURACION_AUTORIZACIONES (ID_CFG_AUTORIZACIONES,TIPO_COMPETENCIA,COD_PERMISO,COD_VIA,ALTA_EXPEDIENTES,MOD_EXPEDIENTES,RES_EXPEDIENTE,RES_PROPUESTA_AGE,RES_PROPUESTA_CCAA,GEN_TASAS_TRABAJO,GEN_TASAS_RESIDENCIA,POR_DEFECTO) values (SQ_CONF_AUTORIZACIONES.NEXTVAL,'00002','RIT','INR','S','S','S','N','N','S','S','N');
Insert into CONFIGURACION_AUTORIZACIONES (ID_CFG_AUTORIZACIONES,TIPO_COMPETENCIA,COD_PERMISO,COD_VIA,ALTA_EXPEDIENTES,MOD_EXPEDIENTES,RES_EXPEDIENTE,RES_PROPUESTA_AGE,RES_PROPUESTA_CCAA,GEN_TASAS_TRABAJO,GEN_TASAS_RESIDENCIA,POR_DEFECTO) values (SQ_CONF_AUTORIZACIONES.NEXTVAL,'00002','RIT','INV','S','S','S','N','N','S','S','N');
Insert into CONFIGURACION_AUTORIZACIONES (ID_CFG_AUTORIZACIONES,TIPO_COMPETENCIA,COD_PERMISO,COD_VIA,ALTA_EXPEDIENTES,MOD_EXPEDIENTES,RES_EXPEDIENTE,RES_PROPUESTA_AGE,RES_PROPUESTA_CCAA,GEN_TASAS_TRABAJO,GEN_TASAS_RESIDENCIA,POR_DEFECTO) values (SQ_CONF_AUTORIZACIONES.NEXTVAL,'00002','RIT','INF','S','S','S','N','N','S','S','N');
Insert into CONFIGURACION_AUTORIZACIONES (ID_CFG_AUTORIZACIONES,TIPO_COMPETENCIA,COD_PERMISO,COD_VIA,ALTA_EXPEDIENTES,MOD_EXPEDIENTES,RES_EXPEDIENTE,RES_PROPUESTA_AGE,RES_PROPUESTA_CCAA,GEN_TASAS_TRABAJO,GEN_TASAS_RESIDENCIA,POR_DEFECTO) values (SQ_CONF_AUTORIZACIONES.NEXTVAL,'00002','RIT','INE','S','S','S','N','N','S','S','N');
Insert into CONFIGURACION_AUTORIZACIONES (ID_CFG_AUTORIZACIONES,TIPO_COMPETENCIA,COD_PERMISO,COD_VIA,ALTA_EXPEDIENTES,MOD_EXPEDIENTES,RES_EXPEDIENTE,RES_PROPUESTA_AGE,RES_PROPUESTA_CCAA,GEN_TASAS_TRABAJO,GEN_TASAS_RESIDENCIA,POR_DEFECTO) values (SQ_CONF_AUTORIZACIONES.NEXTVAL,'00002','RIT','INU','S','S','S','N','N','S','S','N');
Insert into CONFIGURACION_AUTORIZACIONES (ID_CFG_AUTORIZACIONES,TIPO_COMPETENCIA,COD_PERMISO,COD_VIA,ALTA_EXPEDIENTES,MOD_EXPEDIENTES,RES_EXPEDIENTE,RES_PROPUESTA_AGE,RES_PROPUESTA_CCAA,GEN_TASAS_TRABAJO,GEN_TASAS_RESIDENCIA,POR_DEFECTO) values (SQ_CONF_AUTORIZACIONES.NEXTVAL,'00002','RIT','INA','S','S','S','N','N','S','S','N');
Insert into CONFIGURACION_AUTORIZACIONES (ID_CFG_AUTORIZACIONES,TIPO_COMPETENCIA,COD_PERMISO,COD_VIA,ALTA_EXPEDIENTES,MOD_EXPEDIENTES,RES_EXPEDIENTE,RES_PROPUESTA_AGE,RES_PROPUESTA_CCAA,GEN_TASAS_TRABAJO,GEN_TASAS_RESIDENCIA,POR_DEFECTO) values (SQ_CONF_AUTORIZACIONES.NEXTVAL,'00002','RGR','RFR','S','S','S','N','N','S','S','N');
Insert into CONFIGURACION_AUTORIZACIONES (ID_CFG_AUTORIZACIONES,TIPO_COMPETENCIA,COD_PERMISO,COD_VIA,ALTA_EXPEDIENTES,MOD_EXPEDIENTES,RES_EXPEDIENTE,RES_PROPUESTA_AGE,RES_PROPUESTA_CCAA,GEN_TASAS_TRABAJO,GEN_TASAS_RESIDENCIA,POR_DEFECTO) values (SQ_CONF_AUTORIZACIONES.NEXTVAL,'00003','RGI','RFI','S','S','S','N','N','S','S','N');
Insert into CONFIGURACION_AUTORIZACIONES (ID_CFG_AUTORIZACIONES,TIPO_COMPETENCIA,COD_PERMISO,COD_VIA,ALTA_EXPEDIENTES,MOD_EXPEDIENTES,RES_EXPEDIENTE,RES_PROPUESTA_AGE,RES_PROPUESTA_CCAA,GEN_TASAS_TRABAJO,GEN_TASAS_RESIDENCIA,POR_DEFECTO) values (SQ_CONF_AUTORIZACIONES.NEXTVAL,'00003','RGI','FUE','S','S','S','N','N','S','S','N');
Insert into CONFIGURACION_AUTORIZACIONES (ID_CFG_AUTORIZACIONES,TIPO_COMPETENCIA,COD_PERMISO,COD_VIA,ALTA_EXPEDIENTES,MOD_EXPEDIENTES,RES_EXPEDIENTE,RES_PROPUESTA_AGE,RES_PROPUESTA_CCAA,GEN_TASAS_TRABAJO,GEN_TASAS_RESIDENCIA,POR_DEFECTO) values (SQ_CONF_AUTORIZACIONES.NEXTVAL,'00003','RFV','RED','S','S','S','N','N','S','S','N');
Insert into CONFIGURACION_AUTORIZACIONES (ID_CFG_AUTORIZACIONES,TIPO_COMPETENCIA,COD_PERMISO,COD_VIA,ALTA_EXPEDIENTES,MOD_EXPEDIENTES,RES_EXPEDIENTE,RES_PROPUESTA_AGE,RES_PROPUESTA_CCAA,GEN_TASAS_TRABAJO,GEN_TASAS_RESIDENCIA,POR_DEFECTO) values (SQ_CONF_AUTORIZACIONES.NEXTVAL,'00003','RFV','TSH','S','S','S','N','N','S','S','N');
Insert into CONFIGURACION_AUTORIZACIONES (ID_CFG_AUTORIZACIONES,TIPO_COMPETENCIA,COD_PERMISO,COD_VIA,ALTA_EXPEDIENTES,MOD_EXPEDIENTES,RES_EXPEDIENTE,RES_PROPUESTA_AGE,RES_PROPUESTA_CCAA,GEN_TASAS_TRABAJO,GEN_TASAS_RESIDENCIA,POR_DEFECTO) values (SQ_CONF_AUTORIZACIONES.NEXTVAL,'00003','RIT','INI','S','S','S','N','N','S','S','N');
Insert into CONFIGURACION_AUTORIZACIONES (ID_CFG_AUTORIZACIONES,TIPO_COMPETENCIA,COD_PERMISO,COD_VIA,ALTA_EXPEDIENTES,MOD_EXPEDIENTES,RES_EXPEDIENTE,RES_PROPUESTA_AGE,RES_PROPUESTA_CCAA,GEN_TASAS_TRABAJO,GEN_TASAS_RESIDENCIA,POR_DEFECTO) values (SQ_CONF_AUTORIZACIONES.NEXTVAL,'00003','RIT','INR','S','S','S','N','N','S','S','N');
Insert into CONFIGURACION_AUTORIZACIONES (ID_CFG_AUTORIZACIONES,TIPO_COMPETENCIA,COD_PERMISO,COD_VIA,ALTA_EXPEDIENTES,MOD_EXPEDIENTES,RES_EXPEDIENTE,RES_PROPUESTA_AGE,RES_PROPUESTA_CCAA,GEN_TASAS_TRABAJO,GEN_TASAS_RESIDENCIA,POR_DEFECTO) values (SQ_CONF_AUTORIZACIONES.NEXTVAL,'00003','RIT','INV','S','S','S','N','N','S','S','N');
Insert into CONFIGURACION_AUTORIZACIONES (ID_CFG_AUTORIZACIONES,TIPO_COMPETENCIA,COD_PERMISO,COD_VIA,ALTA_EXPEDIENTES,MOD_EXPEDIENTES,RES_EXPEDIENTE,RES_PROPUESTA_AGE,RES_PROPUESTA_CCAA,GEN_TASAS_TRABAJO,GEN_TASAS_RESIDENCIA,POR_DEFECTO) values (SQ_CONF_AUTORIZACIONES.NEXTVAL,'00003','RIT','INF','S','S','S','N','N','S','S','N');
Insert into CONFIGURACION_AUTORIZACIONES (ID_CFG_AUTORIZACIONES,TIPO_COMPETENCIA,COD_PERMISO,COD_VIA,ALTA_EXPEDIENTES,MOD_EXPEDIENTES,RES_EXPEDIENTE,RES_PROPUESTA_AGE,RES_PROPUESTA_CCAA,GEN_TASAS_TRABAJO,GEN_TASAS_RESIDENCIA,POR_DEFECTO) values (SQ_CONF_AUTORIZACIONES.NEXTVAL,'00003','RIT','INE','S','S','S','N','N','S','S','N');
Insert into CONFIGURACION_AUTORIZACIONES (ID_CFG_AUTORIZACIONES,TIPO_COMPETENCIA,COD_PERMISO,COD_VIA,ALTA_EXPEDIENTES,MOD_EXPEDIENTES,RES_EXPEDIENTE,RES_PROPUESTA_AGE,RES_PROPUESTA_CCAA,GEN_TASAS_TRABAJO,GEN_TASAS_RESIDENCIA,POR_DEFECTO) values (SQ_CONF_AUTORIZACIONES.NEXTVAL,'00003','RIT','INU','S','S','S','N','N','S','S','N');
Insert into CONFIGURACION_AUTORIZACIONES (ID_CFG_AUTORIZACIONES,TIPO_COMPETENCIA,COD_PERMISO,COD_VIA,ALTA_EXPEDIENTES,MOD_EXPEDIENTES,RES_EXPEDIENTE,RES_PROPUESTA_AGE,RES_PROPUESTA_CCAA,GEN_TASAS_TRABAJO,GEN_TASAS_RESIDENCIA,POR_DEFECTO) values (SQ_CONF_AUTORIZACIONES.NEXTVAL,'00003','RIT','INA','S','S','S','N','N','S','S','N');
Insert into CONFIGURACION_AUTORIZACIONES (ID_CFG_AUTORIZACIONES,TIPO_COMPETENCIA,COD_PERMISO,COD_VIA,ALTA_EXPEDIENTES,MOD_EXPEDIENTES,RES_EXPEDIENTE,RES_PROPUESTA_AGE,RES_PROPUESTA_CCAA,GEN_TASAS_TRABAJO,GEN_TASAS_RESIDENCIA,POR_DEFECTO) values (SQ_CONF_AUTORIZACIONES.NEXTVAL,'00003','RGR','RFR','S','S','S','N','N','S','S','N');
Insert into CONFIGURACION_AUTORIZACIONES (ID_CFG_AUTORIZACIONES,TIPO_COMPETENCIA,COD_PERMISO,COD_VIA,ALTA_EXPEDIENTES,MOD_EXPEDIENTES,RES_EXPEDIENTE,RES_PROPUESTA_AGE,RES_PROPUESTA_CCAA,GEN_TASAS_TRABAJO,GEN_TASAS_RESIDENCIA,POR_DEFECTO) values (SQ_CONF_AUTORIZACIONES.NEXTVAL,'00001','TRG','ASA','S','S','S','N','N','S','S','N');
Insert into CONFIGURACION_AUTORIZACIONES (ID_CFG_AUTORIZACIONES,TIPO_COMPETENCIA,COD_PERMISO,COD_VIA,ALTA_EXPEDIENTES,MOD_EXPEDIENTES,RES_EXPEDIENTE,RES_PROPUESTA_AGE,RES_PROPUESTA_CCAA,GEN_TASAS_TRABAJO,GEN_TASAS_RESIDENCIA,POR_DEFECTO) values (SQ_CONF_AUTORIZACIONES.NEXTVAL,'00001','TRG','ASP','S','S','S','N','N','S','S','N');


commit;

-- EX10 

-- PERMISOS


Insert into PERMISOS (EPEPER,EPENOM,EPELUC,EPECOM,EPECAP,EPEFCO,EPEFEX,EPERES,EPEVAL,EPEGRP,EPETIP,EPEFLAGS,EPEVIA,EPEMVA,EPEREG,EPECARTASMTAS,EPENOMBRESEDE,EXCLUDESEDE) values ('DA2','RESIDENCIA TEMPORAL POR CIRCUNSTANCIAS NO PREVISTAS EN REGLAMENTO','N',' ','N',' ',' ','S','S','PER','RE','SSNCSNNSNNNNSNN','FA1','12','RD1155','S',null,'N');
Insert into PERMISOS (EPEPER,EPENOM,EPELUC,EPECOM,EPECAP,EPEFCO,EPEFEX,EPERES,EPEVAL,EPEGRP,EPETIP,EPEFLAGS,EPEVIA,EPEMVA,EPEREG,EPECARTASMTAS,EPENOMBRESEDE,EXCLUDESEDE) values ('ARR','RESIDENCIA TEMPORAL POR RAZONES DE ARRAIGO','N',' ','N',' ',' ','S','S','PER','RE','SSNCSNNSNNNNSNN','FA1','12','RD1155','S',null,'N');
Insert into PERMISOS (EPEPER,EPENOM,EPELUC,EPECOM,EPECAP,EPEFCO,EPEFEX,EPERES,EPEVAL,EPEGRP,EPETIP,EPEFLAGS,EPEVIA,EPEMVA,EPEREG,EPECARTASMTAS,EPENOMBRESEDE,EXCLUDESEDE) values ('COL','RESIDENCIA TEMPORAL POR COLABORACIÓN','N',' ','N',' ',' ','S','S','PER','RE','SSNCSNNSNNNNSNN','FA1','12','RD1155','S',null,'N');
Insert into PERMISOS (EPEPER,EPENOM,EPELUC,EPECOM,EPECAP,EPEFCO,EPEFEX,EPERES,EPEVAL,EPEGRP,EPETIP,EPEFLAGS,EPEVIA,EPEMVA,EPEREG,EPECARTASMTAS,EPENOMBRESEDE,EXCLUDESEDE) values ('VGN','RESIDENCIA TEMPORAL Y TRABAJO POR CIRCUNSTANCIAS EXCEPCIONALES - VÍCTIMAS DE VIOLENCIA DE GÉNERO','N',' ','N',' ',' ','S','S','PER','RE','SSNCSNNSNNNNSNN','FA1','12','RD1155','S',null,'N');
Insert into PERMISOS (EPEPER,EPENOM,EPELUC,EPECOM,EPECAP,EPEFCO,EPEFEX,EPERES,EPEVAL,EPEGRP,EPETIP,EPEFLAGS,EPEVIA,EPEMVA,EPEREG,EPECARTASMTAS,EPENOMBRESEDE,EXCLUDESEDE) values ('VSX','RESIDENCIA TEMPORAL Y TRABAJO POR CIRCUNSTANCIAS EXCEPCIONALES - VÍCTIMAS DE VIOLENCIA SEXUAL','N',' ','N',' ',' ','S','S','PER','RE','SSNCSNNSNNNNSNN','FA1','12','RD1155','S',null,'N');
Insert into PERMISOS (EPEPER,EPENOM,EPELUC,EPECOM,EPECAP,EPEFCO,EPEFEX,EPERES,EPEVAL,EPEGRP,EPETIP,EPEFLAGS,EPEVIA,EPEMVA,EPEREG,EPECARTASMTAS,EPENOMBRESEDE,EXCLUDESEDE) values ('TSH','RESIDENCIA TEMPORAL POR CIRCUNSTANCIAS EXCEPCIONALES - VÍCTIMAS DE TRATA DE SERES HUMANOS','N',' ','N',' ',' ','S','S','PER','RE','SSNCSNNSNNNNSNN','FA1','12','RD1155','S',null,'N');
Insert into PERMISOS (EPEPER,EPENOM,EPELUC,EPECOM,EPECAP,EPEFCO,EPEFEX,EPERES,EPEVAL,EPEGRP,EPETIP,EPEFLAGS,EPEVIA,EPEMVA,EPEREG,EPECARTASMTAS,EPENOMBRESEDE,EXCLUDESEDE) values ('RHU','RESIDENCIA TEMPORAL POR CIRCUNSTANCIAS EXCEPCIONALES – RAZONES HUMANITARIAS ','N',' ','N',' ',' ','S','S','PER','RE','SSNCSNNSNNNNSNN','FA1','12','RD1155','S',null,'N');
Insert into PERMISOS (EPEPER,EPENOM,EPELUC,EPECOM,EPECAP,EPEFCO,EPEFEX,EPERES,EPEVAL,EPEGRP,EPETIP,EPEFLAGS,EPEVIA,EPEMVA,EPEREG,EPECARTASMTAS,EPENOMBRESEDE,EXCLUDESEDE) values ('PRR','ESTANCIA TEMPORAL POR CIRCUNSTANCIAS EXCEPCIONALES – PERÍODO DE RESTABLECIMIENTO Y REFLEXIÓN ','N',' ','N',' ',' ','S','S','PER','RE','SSNCSNNSNNNNSNN','FA1','12','RD1155','S',null,'N');
Insert into PERMISOS (EPEPER,EPENOM,EPELUC,EPECOM,EPECAP,EPEFCO,EPEFEX,EPERES,EPEVAL,EPEGRP,EPETIP,EPEFLAGS,EPEVIA,EPEMVA,EPEREG,EPECARTASMTAS,EPENOMBRESEDE,EXCLUDESEDE) values ('EXE','DECLARACIÓN DE EXENCIÓN DE RESPONSABILIDAD','N',' ','N',' ',' ','S','S','PER','RE','SSNCSNNSNNNNSNN','FA1','12','RD1155','S',null,'N');


-- VIA_ACCESO

INSERT INTO VIA_ACCESO (EVICOD,EVIDES,EVICER,EVIGEN) VALUES ('RE3','CIRCUNSTANCIAS EXCEPCIONALES NO PREVISTAS INICIAL (DA 2ª.1)   - INICIAL','N','S');
INSERT INTO VIA_ACCESO (EVICOD,EVIDES,EVICER,EVIGEN) VALUES ('RE4','CIRCUNSTANCIAS EXCEPCIONALES NO PREVISTAS PRORROGADA (DA 2ª.1)   - PRÓRROGA','N','S');
INSERT INTO VIA_ACCESO (EVICOD,EVIDES,EVICER,EVIGEN) VALUES ('SO1','ARRAIGO DE SEGUNDA OPORTUNIDAD INICIAL (ART. 127.A) - INICIAL','N','S');
INSERT INTO VIA_ACCESO (EVICOD,EVIDES,EVICER,EVIGEN) VALUES ('SO2','ARRAIGO SEGUNDA OPORTUNIDAD PRORROGADA (ART. 132) - PRÓRROGA','N','S');
INSERT INTO VIA_ACCESO (EVICOD,EVIDES,EVICER,EVIGEN) VALUES ('SL1','ARRAIGO SOCIOLABORAL INICIAL (ART. 127.B) - INICIAL','N','S');
INSERT INTO VIA_ACCESO (EVICOD,EVIDES,EVICER,EVIGEN) VALUES ('SL2','ARRAIGO SOCIOLABORAL PRORROGADA (ART. 132) - PRÓRROGA','N','S');
INSERT INTO VIA_ACCESO (EVICOD,EVIDES,EVICER,EVIGEN) VALUES ('SC1','ARRAIGO SOCIAL INICIAL (ART. 127.C) - INICIAL','N','S');
INSERT INTO VIA_ACCESO (EVICOD,EVIDES,EVICER,EVIGEN) VALUES ('SC2','ARRAIGO SOCIAL PRORROGADA (ART. 132) - PRÓRROGA','N','S');
INSERT INTO VIA_ACCESO (EVICOD,EVIDES,EVICER,EVIGEN) VALUES ('SF1','ARRAIGO SOCIOFORMATIVO INICIAL (127.D) - INICIAL','N','S');
INSERT INTO VIA_ACCESO (EVICOD,EVIDES,EVICER,EVIGEN) VALUES ('SF2','ARRAIGO SOCIOFORMATIVO PRORROGADA (ART. 132) - PRÓRROGA','N','S');
INSERT INTO VIA_ACCESO (EVICOD,EVIDES,EVICER,EVIGEN) VALUES ('ARF','ARRAIGO FAMILIAR (ART. 127.E) - INICIAL','N','S');
INSERT INTO VIA_ACCESO (EVICOD,EVIDES,EVICER,EVIGEN) VALUES ('PN1','COLABORACIÓN, INTERÉS PÚBLICO O SEGURIDAD NACIONAL INICIAL (ART. 129.1) - INICIAL','N','S');
INSERT INTO VIA_ACCESO (EVICOD,EVIDES,EVICER,EVIGEN) VALUES ('PN2','COLABORACIÓN, INTERÉS PÚBLICO O SEGURIDAD NACIONAL PRORROGADA (ART. 132) - PRÓRROGA','N','S');
INSERT INTO VIA_ACCESO (EVICOD,EVIDES,EVICER,EVIGEN) VALUES ('CAL','COLABORACIÓN CON ADMINISTRACIÓN LABORAL COMPETENTE INICIAL (ART. 129.2) - INICIAL','N','S');
INSERT INTO VIA_ACCESO (EVICOD,EVIDES,EVICER,EVIGEN) VALUES ('CAP','COLABORACIÓN CON ADMINISTRACIÓN LABORAL COMPETENTE PRORROGADA (ART. 132) - PRÓRROGA','N','S');
INSERT INTO VIA_ACCESO (EVICOD,EVIDES,EVICER,EVIGEN) VALUES ('FV1','COLABORACIÓN CONTRA REDES ORGANIZADAS DEFINITIVA (ARTS. 143 Y 144) - DEFINITIVA','N','S');
INSERT INTO VIA_ACCESO (EVICOD,EVIDES,EVICER,EVIGEN) VALUES ('FV2','COLABORACIÓN CONTRA REDES ORGANIZADAS PROVISIONAL (ARTS. 143 Y 144) - PROVISIONAL','N','S');
INSERT INTO VIA_ACCESO (EVICOD,EVIDES,EVICER,EVIGEN) VALUES ('VI1','VÍCTIMA DE VIOLENCIA DE GÉNERO (ART. 133.1) - DEFINITIVA','N','S');
INSERT INTO VIA_ACCESO (EVICOD,EVIDES,EVICER,EVIGEN) VALUES ('VI2','PRESUNTA VÍCTIMA DE VIOLENCIA DE GÉNERO (ART. 133.1) - PROVISIONAL','N','S');
INSERT INTO VIA_ACCESO (EVICOD,EVIDES,EVICER,EVIGEN) VALUES ('HV1','HIJO MENOR O DISCAPACITADO, TUTELADO MENOR O PADRE/MADRE DE VÍCTIMA DE VIOLENCIA DE GÉNERO  (ART. 134.2)  - DEFINITIVA','N','S');
INSERT INTO VIA_ACCESO (EVICOD,EVIDES,EVICER,EVIGEN) VALUES ('HV2','HIJO MENOR O DISCAPACITADO, TUTELADO MENOR O PADRE/MADRE DE PRESUNTA VÍCTIMA DE VIOLENCIA DE GÉNERO  (ART. 134.2) - PROVISIONAL','N','S');
INSERT INTO VIA_ACCESO (EVICOD,EVIDES,EVICER,EVIGEN) VALUES ('VI3','VÍCTIMA DE VIOLENCIA SEXUAL (ART. 137.2) - DEFINITIVA','N','S');
INSERT INTO VIA_ACCESO (EVICOD,EVIDES,EVICER,EVIGEN) VALUES ('VI4','PRESUNTA VÍCTIMA DE VIOLENCIA SEXUAL (ART. 137.2) - PROVISIONAL','N','S');
INSERT INTO VIA_ACCESO (EVICOD,EVIDES,EVICER,EVIGEN) VALUES ('FA3','HIJO MENOR O DISCAPACITADO, TUTELADO MENOR O PADRE/MADRE DE VÍCTIMA DE VIOLENCIA SEXUAL  (ART. 138.2) - DEFINITIVA','N','S');
INSERT INTO VIA_ACCESO (EVICOD,EVIDES,EVICER,EVIGEN) VALUES ('FA4','HIJO MENOR O DISCAPACITADO, TUTELADO MENOR O PADRE/MADRE DE PRESUNTA VÍCTIMA DE VIOLENCIA SEXUAL (ART. 138.2) - PROVISIONAL','N','S');
INSERT INTO VIA_ACCESO (EVICOD,EVIDES,EVICER,EVIGEN) VALUES ('AR1','ADULTO RESPONSABLE DE LA VÍCTIMA DE VIOLENCIA SEXUAL MENOR DE EDAD (ART. 141.2) - DEFINITIVA','N','S');
INSERT INTO VIA_ACCESO (EVICOD,EVIDES,EVICER,EVIGEN) VALUES ('AR2','ADULTO RESPONSABLE DE LA VÍCTIMA DE VIOLENCIA SEXUAL MENOR DE EDAD (ART. 141.2) - PROVISIONAL','N','S');
INSERT INTO VIA_ACCESO (EVICOD,EVIDES,EVICER,EVIGEN) VALUES ('VI5','VÍCTIMA DE LA TSH EN ESPAÑA (ART. 152.1) - DEFINITIVA - SITUACIÓN PERSONAL (SEM)','N','S');
INSERT INTO VIA_ACCESO (EVICOD,EVIDES,EVICER,EVIGEN) VALUES ('VI6','VÍCTIMA DE LA TSH EN ESPAÑA (ART. 152.1) - DEFINITIVA - SITUACIÓN PERSONAL (SES)','N','S');
INSERT INTO VIA_ACCESO (EVICOD,EVIDES,EVICER,EVIGEN) VALUES ('VI7','PRESUNTA VÍCTIMA DE LA TSH EN ESPAÑA (ART. 152.1) - PROVISIONAL - COLABORACIÓN EN LA INVESTIGACIÓN DEL DELITO O SITUACIÓN PERSONAL','N','S');
INSERT INTO VIA_ACCESO (EVICOD,EVIDES,EVICER,EVIGEN) VALUES ('FA5','HIJO MENOR O DISCAPACITADO, TUTELADO MENOR O PADRE/MADRE DE VÍCTIMA DE LA TSH EN ESPAÑA (ART. 152.1) - DEFINITIVA - SITUACIÓN PERSONAL (SEM)','N','S');
INSERT INTO VIA_ACCESO (EVICOD,EVIDES,EVICER,EVIGEN) VALUES ('FA6','HIJO MENOR O DISCAPACITADO, TUTELADO MENOR O PADRE/MADRE DE VÍCTIMA DE LA TSH EN ESPAÑA (ART. 152.1) - DEFINITIVA - COLABORACIÓN EN LA INVESTIGACIÓN DEL DELITO (SES)','N','S');
INSERT INTO VIA_ACCESO (EVICOD,EVIDES,EVICER,EVIGEN) VALUES ('FA7','HIJO MENOR O DISCAPACITADO, TUTELADO MENOR O PADRE/MADRE DE PRESUNTA VÍCTIMA DE LA TSH EN ESPAÑA (ART. 152.1) - PROVISIONAL - COLABORACIÓN EN LA INVESTIGACIÓN DEL DELITO O SITUACIÓN PERSONAL','N','S');
INSERT INTO VIA_ACCESO (EVICOD,EVIDES,EVICER,EVIGEN) VALUES ('VD1','RAZONES HUMANITARIAS (ART. 128.2) - VÍCTIMAS DE DELITOS - INICIAL ','N','S');
INSERT INTO VIA_ACCESO (EVICOD,EVIDES,EVICER,EVIGEN) VALUES ('VD2','RAZONES HUMANITARIAS (ART. 132) - VÍCTIMAS DE DELITOS - PRÓRROGA','N','S');
INSERT INTO VIA_ACCESO (EVICOD,EVIDES,EVICER,EVIGEN) VALUES ('ES3','RAZONES HUMANITARIAS (ART. 128.3) - ENFERMEDAD SOBREVENIDA - INICIAL ','N','S');
INSERT INTO VIA_ACCESO (EVICOD,EVIDES,EVICER,EVIGEN) VALUES ('ES4','RAZONES HUMANITARIAS (ART. 132) - ENFERMEDAD SOBREVENIDA - PRÓRROGA','N','S');
INSERT INTO VIA_ACCESO (EVICOD,EVIDES,EVICER,EVIGEN) VALUES ('PS1','RAZONES HUMANITARIAS (ART. 128.4) - PELIGRO PARA SU SEGURIDAD O LA DE SU FAMILIA - INICIAL ','N','S');
INSERT INTO VIA_ACCESO (EVICOD,EVIDES,EVICER,EVIGEN) VALUES ('PS2','RAZONES HUMANITARIAS (ART. 132) - PELIGRO PARA SU SEGURIDAD O LA DE SU FAMILIA - PRÓRROGA','N','S');
INSERT INTO VIA_ACCESO (EVICOD,EVIDES,EVICER,EVIGEN) VALUES ('RE5','PERÍODO DE RESTABLECIMIENTO Y REFLEXIÓN (ART. 150.6) - INICIAL','N','S');
INSERT INTO VIA_ACCESO (EVICOD,EVIDES,EVICER,EVIGEN) VALUES ('RE6','PERÍODO DE RESTABLECIMIENTO Y REFLEXIÓN (ART. 150.6) - PRÓRROGA','N','S');
INSERT INTO VIA_ACCESO (EVICOD,EVIDES,EVICER,EVIGEN) VALUES ('ER2','DECLARACIÓN DE EXENCIÓN DE RESPONSABILIDAD - EXENCIÓN DE RESPONSABILIDAD POR COLABORACIÓN -  REDES ORGANIZADAS (ART. 142)','N','S');
INSERT INTO VIA_ACCESO (EVICOD,EVIDES,EVICER,EVIGEN) VALUES ('ER1','DECLARACIÓN DE EXENCIÓN DE RESPONSABILIDAD - EXENCIÓN DE RESPONSABILIDAD POR COLABORACIÓN - VÍCTIMA DE TRATA DE SERES HUMANOS (ART. 151)','N','S');

-- AUTORIZAC


INSERT INTO AUTORIZAC (AUTCOD,AUTDES,AUTFLAGS,AUTVAL,AUTGRP,AUTCLA,AUTMOD,AUTTIP,AUTDES_CAT,AUTDES_CAT_CAS,AUTDES_UMI,AUTJERAR,AUTCLAS) VALUES ('E9I000','RESIDENCIA TEMPORAL POR CIRCUNSTANCIAS NO PREVISTAS EN REGLAMENTO - CIRCUNSTANCIAS EXCEPCIONALES NO PREVISTAS INICIAL (DA 2ª.1)   - INICIAL',NULL,'S',NULL,NULL,NULL,NULL,NULL,NULL,NULL,NULL,NULL);
INSERT INTO AUTORIZAC (AUTCOD,AUTDES,AUTFLAGS,AUTVAL,AUTGRP,AUTCLA,AUTMOD,AUTTIP,AUTDES_CAT,AUTDES_CAT_CAS,AUTDES_UMI,AUTJERAR,AUTCLAS) VALUES ('E9P000','RESIDENCIA TEMPORAL POR CIRCUNSTANCIAS NO PREVISTAS EN REGLAMENTO - CIRCUNSTANCIAS EXCEPCIONALES NO PREVISTAS PRORROGADA (DA 2ª.1)   - PRÓRROGA',NULL,'S',NULL,NULL,NULL,NULL,NULL,NULL,NULL,NULL,NULL);
INSERT INTO AUTORIZAC (AUTCOD,AUTDES,AUTFLAGS,AUTVAL,AUTGRP,AUTCLA,AUTMOD,AUTTIP,AUTDES_CAT,AUTDES_CAT_CAS,AUTDES_UMI,AUTJERAR,AUTCLAS) VALUES ('E0I000','RESIDENCIA TEMPORAL POR RAZONES DE ARRAIGO - ARRAIGO DE SEGUNDA OPORTUNIDAD INICIAL (ART. 127.A) - INICIAL',NULL,'S',NULL,NULL,NULL,NULL,NULL,NULL,NULL,NULL,NULL);
INSERT INTO AUTORIZAC (AUTCOD,AUTDES,AUTFLAGS,AUTVAL,AUTGRP,AUTCLA,AUTMOD,AUTTIP,AUTDES_CAT,AUTDES_CAT_CAS,AUTDES_UMI,AUTJERAR,AUTCLAS) VALUES ('E0P000','RESIDENCIA TEMPORAL POR RAZONES DE ARRAIGO - ARRAIGO SEGUNDA OPORTUNIDAD PRORROGADA (ART. 132) - PRÓRROGA',NULL,'S',NULL,NULL,NULL,NULL,NULL,NULL,NULL,NULL,NULL);
INSERT INTO AUTORIZAC (AUTCOD,AUTDES,AUTFLAGS,AUTVAL,AUTGRP,AUTCLA,AUTMOD,AUTTIP,AUTDES_CAT,AUTDES_CAT_CAS,AUTDES_UMI,AUTJERAR,AUTCLAS) VALUES ('E0I001','RESIDENCIA TEMPORAL POR RAZONES DE ARRAIGO - ARRAIGO SOCIOLABORAL INICIAL (ART. 127.B) - INICIAL',NULL,'S',NULL,NULL,NULL,NULL,NULL,NULL,NULL,NULL,NULL);
INSERT INTO AUTORIZAC (AUTCOD,AUTDES,AUTFLAGS,AUTVAL,AUTGRP,AUTCLA,AUTMOD,AUTTIP,AUTDES_CAT,AUTDES_CAT_CAS,AUTDES_UMI,AUTJERAR,AUTCLAS) VALUES ('E0P001','RESIDENCIA TEMPORAL POR RAZONES DE ARRAIGO - ARRAIGO SOCIOLABORAL PRORROGADA (ART. 132) - PRÓRROGA',NULL,'S',NULL,NULL,NULL,NULL,NULL,NULL,NULL,NULL,NULL);
INSERT INTO AUTORIZAC (AUTCOD,AUTDES,AUTFLAGS,AUTVAL,AUTGRP,AUTCLA,AUTMOD,AUTTIP,AUTDES_CAT,AUTDES_CAT_CAS,AUTDES_UMI,AUTJERAR,AUTCLAS) VALUES ('E0I002','RESIDENCIA TEMPORAL POR RAZONES DE ARRAIGO - ARRAIGO SOCIAL INICIAL (ART. 127.C) - INICIAL',NULL,'S',NULL,NULL,NULL,NULL,NULL,NULL,NULL,NULL,NULL);
INSERT INTO AUTORIZAC (AUTCOD,AUTDES,AUTFLAGS,AUTVAL,AUTGRP,AUTCLA,AUTMOD,AUTTIP,AUTDES_CAT,AUTDES_CAT_CAS,AUTDES_UMI,AUTJERAR,AUTCLAS) VALUES ('E0P002','RESIDENCIA TEMPORAL POR RAZONES DE ARRAIGO - ARRAIGO SOCIAL PRORROGADA (ART. 132) - PRÓRROGA',NULL,'S',NULL,NULL,NULL,NULL,NULL,NULL,NULL,NULL,NULL);
INSERT INTO AUTORIZAC (AUTCOD,AUTDES,AUTFLAGS,AUTVAL,AUTGRP,AUTCLA,AUTMOD,AUTTIP,AUTDES_CAT,AUTDES_CAT_CAS,AUTDES_UMI,AUTJERAR,AUTCLAS) VALUES ('E0I003','RESIDENCIA TEMPORAL POR RAZONES DE ARRAIGO - ARRAIGO SOCIOFORMATIVO INICIAL (127.D) - INICIAL',NULL,'S',NULL,NULL,NULL,NULL,NULL,NULL,NULL,NULL,NULL);
INSERT INTO AUTORIZAC (AUTCOD,AUTDES,AUTFLAGS,AUTVAL,AUTGRP,AUTCLA,AUTMOD,AUTTIP,AUTDES_CAT,AUTDES_CAT_CAS,AUTDES_UMI,AUTJERAR,AUTCLAS) VALUES ('E0P003','RESIDENCIA TEMPORAL POR RAZONES DE ARRAIGO - ARRAIGO SOCIOFORMATIVO PRORROGADA (ART. 132) - PRÓRROGA',NULL,'S',NULL,NULL,NULL,NULL,NULL,NULL,NULL,NULL,NULL);
INSERT INTO AUTORIZAC (AUTCOD,AUTDES,AUTFLAGS,AUTVAL,AUTGRP,AUTCLA,AUTMOD,AUTTIP,AUTDES_CAT,AUTDES_CAT_CAS,AUTDES_UMI,AUTJERAR,AUTCLAS) VALUES ('E0I004','RESIDENCIA TEMPORAL POR RAZONES DE ARRAIGO - ARRAIGO FAMILIAR (ART. 127.E) - INICIAL',NULL,'S',NULL,NULL,NULL,NULL,NULL,NULL,NULL,NULL,NULL);
INSERT INTO AUTORIZAC (AUTCOD,AUTDES,AUTFLAGS,AUTVAL,AUTGRP,AUTCLA,AUTMOD,AUTTIP,AUTDES_CAT,AUTDES_CAT_CAS,AUTDES_UMI,AUTJERAR,AUTCLAS) VALUES ('E0I005','RESIDENCIA TEMPORAL POR COLABORACIÓN - COLABORACIÓN, INTERÉS PÚBLICO O SEGURIDAD NACIONAL INICIAL (ART. 129.1) - INICIAL',NULL,'S',NULL,NULL,NULL,NULL,NULL,NULL,NULL,NULL,NULL);
INSERT INTO AUTORIZAC (AUTCOD,AUTDES,AUTFLAGS,AUTVAL,AUTGRP,AUTCLA,AUTMOD,AUTTIP,AUTDES_CAT,AUTDES_CAT_CAS,AUTDES_UMI,AUTJERAR,AUTCLAS) VALUES ('E0P004','RESIDENCIA TEMPORAL POR COLABORACIÓN - COLABORACIÓN, INTERÉS PÚBLICO O SEGURIDAD NACIONAL PRORROGADA (ART. 132) - PRÓRROGA',NULL,'S',NULL,NULL,NULL,NULL,NULL,NULL,NULL,NULL,NULL);
INSERT INTO AUTORIZAC (AUTCOD,AUTDES,AUTFLAGS,AUTVAL,AUTGRP,AUTCLA,AUTMOD,AUTTIP,AUTDES_CAT,AUTDES_CAT_CAS,AUTDES_UMI,AUTJERAR,AUTCLAS) VALUES ('E0I006','RESIDENCIA TEMPORAL POR COLABORACIÓN - COLABORACIÓN CON ADMINISTRACIÓN LABORAL COMPETENTE INICIAL (ART. 129.2) - INICIAL',NULL,'S',NULL,NULL,NULL,NULL,NULL,NULL,NULL,NULL,NULL);
INSERT INTO AUTORIZAC (AUTCOD,AUTDES,AUTFLAGS,AUTVAL,AUTGRP,AUTCLA,AUTMOD,AUTTIP,AUTDES_CAT,AUTDES_CAT_CAS,AUTDES_UMI,AUTJERAR,AUTCLAS) VALUES ('E0P005','RESIDENCIA TEMPORAL POR COLABORACIÓN - COLABORACIÓN CON ADMINISTRACIÓN LABORAL COMPETENTE PRORROGADA (ART. 132) - PRÓRROGA',NULL,'S',NULL,NULL,NULL,NULL,NULL,NULL,NULL,NULL,NULL);
INSERT INTO AUTORIZAC (AUTCOD,AUTDES,AUTFLAGS,AUTVAL,AUTGRP,AUTCLA,AUTMOD,AUTTIP,AUTDES_CAT,AUTDES_CAT_CAS,AUTDES_UMI,AUTJERAR,AUTCLAS) VALUES ('E3I000','RESIDENCIA TEMPORAL POR COLABORACIÓN - COLABORACIÓN CONTRA REDES ORGANIZADAS DEFINITIVA (ARTS. 143 Y 144) - DEFINITIVA',NULL,'S',NULL,NULL,NULL,NULL,NULL,NULL,NULL,NULL,NULL);
INSERT INTO AUTORIZAC (AUTCOD,AUTDES,AUTFLAGS,AUTVAL,AUTGRP,AUTCLA,AUTMOD,AUTTIP,AUTDES_CAT,AUTDES_CAT_CAS,AUTDES_UMI,AUTJERAR,AUTCLAS) VALUES ('E3I001','RESIDENCIA TEMPORAL POR COLABORACIÓN - COLABORACIÓN CONTRA REDES ORGANIZADAS PROVISIONAL (ARTS. 143 Y 144) - PROVISIONAL',NULL,'S',NULL,NULL,NULL,NULL,NULL,NULL,NULL,NULL,NULL);
INSERT INTO AUTORIZAC (AUTCOD,AUTDES,AUTFLAGS,AUTVAL,AUTGRP,AUTCLA,AUTMOD,AUTTIP,AUTDES_CAT,AUTDES_CAT_CAS,AUTDES_UMI,AUTJERAR,AUTCLAS) VALUES ('E1I000','RESIDENCIA TEMPORAL Y TRABAJO POR CIRCUNSTANCIAS EXCEPCIONALES - VÍCTIMAS DE VIOLENCIA DE GÉNERO - VÍCTIMA DE VIOLENCIA DE GÉNERO (ART. 133.1) - DEFINITIVA',NULL,'S',NULL,NULL,NULL,NULL,NULL,NULL,NULL,NULL,NULL);
INSERT INTO AUTORIZAC (AUTCOD,AUTDES,AUTFLAGS,AUTVAL,AUTGRP,AUTCLA,AUTMOD,AUTTIP,AUTDES_CAT,AUTDES_CAT_CAS,AUTDES_UMI,AUTJERAR,AUTCLAS) VALUES ('E1I001','RESIDENCIA TEMPORAL Y TRABAJO POR CIRCUNSTANCIAS EXCEPCIONALES - VÍCTIMAS DE VIOLENCIA DE GÉNERO - PRESUNTA VÍCTIMA DE VIOLENCIA DE GÉNERO (ART. 133.1) - PROVISIONAL',NULL,'S',NULL,NULL,NULL,NULL,NULL,NULL,NULL,NULL,NULL);
INSERT INTO AUTORIZAC (AUTCOD,AUTDES,AUTFLAGS,AUTVAL,AUTGRP,AUTCLA,AUTMOD,AUTTIP,AUTDES_CAT,AUTDES_CAT_CAS,AUTDES_UMI,AUTJERAR,AUTCLAS) VALUES ('E1I002','RESIDENCIA TEMPORAL Y TRABAJO POR CIRCUNSTANCIAS EXCEPCIONALES - VÍCTIMAS DE VIOLENCIA DE GÉNERO - HIJO MENOR O DISCAPACITADO, TUTELADO MENOR O PADRE/MADRE DE VÍCTIMA DE VIOLENCIA DE GÉNERO  (ART. 134.2) - DEFINITIVA',NULL,'S',NULL,NULL,NULL,NULL,NULL,NULL,NULL,NULL,NULL);
INSERT INTO AUTORIZAC (AUTCOD,AUTDES,AUTFLAGS,AUTVAL,AUTGRP,AUTCLA,AUTMOD,AUTTIP,AUTDES_CAT,AUTDES_CAT_CAS,AUTDES_UMI,AUTJERAR,AUTCLAS) VALUES ('E1I003','RESIDENCIA TEMPORAL Y TRABAJO POR CIRCUNSTANCIAS EXCEPCIONALES - VÍCTIMAS DE VIOLENCIA DE GÉNERO - HIJO MENOR O DISCAPACITADO, TUTELADO MENOR O PADRE/MADRE DE PRESUNTA VÍCTIMA DE VIOLENCIA DE GÉNERO  (ART. 134.2) - PROVISIONAL',NULL,'S',NULL,NULL,NULL,NULL,NULL,NULL,NULL,NULL,NULL);
INSERT INTO AUTORIZAC (AUTCOD,AUTDES,AUTFLAGS,AUTVAL,AUTGRP,AUTCLA,AUTMOD,AUTTIP,AUTDES_CAT,AUTDES_CAT_CAS,AUTDES_UMI,AUTJERAR,AUTCLAS) VALUES ('E2I000','RESIDENCIA TEMPORAL Y TRABAJO POR CIRCUNSTANCIAS EXCEPCIONALES - VÍCTIMAS DE VIOLENCIA SEXUAL - VÍCTIMA DE VIOLENCIA SEXUAL (ART. 137.2) - DEFINITIVA',NULL,'S',NULL,NULL,NULL,NULL,NULL,NULL,NULL,NULL,NULL);
INSERT INTO AUTORIZAC (AUTCOD,AUTDES,AUTFLAGS,AUTVAL,AUTGRP,AUTCLA,AUTMOD,AUTTIP,AUTDES_CAT,AUTDES_CAT_CAS,AUTDES_UMI,AUTJERAR,AUTCLAS) VALUES ('E2I001','RESIDENCIA TEMPORAL Y TRABAJO POR CIRCUNSTANCIAS EXCEPCIONALES - VÍCTIMAS DE VIOLENCIA SEXUAL - PRESUNTA VÍCTIMA DE VIOLENCIA SEXUAL (ART. 137.2) - PROVISIONAL',NULL,'S',NULL,NULL,NULL,NULL,NULL,NULL,NULL,NULL,NULL);
INSERT INTO AUTORIZAC (AUTCOD,AUTDES,AUTFLAGS,AUTVAL,AUTGRP,AUTCLA,AUTMOD,AUTTIP,AUTDES_CAT,AUTDES_CAT_CAS,AUTDES_UMI,AUTJERAR,AUTCLAS) VALUES ('E2I002','RESIDENCIA TEMPORAL Y TRABAJO POR CIRCUNSTANCIAS EXCEPCIONALES - VÍCTIMAS DE VIOLENCIA SEXUAL - HIJO MENOR O DISCAPACITADO, TUTELADO MENOR O PADRE/MADRE DE VÍCTIMA DE VIOLENCIA SEXUAL  (ART. 138.2) - DEFINITIVA',NULL,'S',NULL,NULL,NULL,NULL,NULL,NULL,NULL,NULL,NULL);
INSERT INTO AUTORIZAC (AUTCOD,AUTDES,AUTFLAGS,AUTVAL,AUTGRP,AUTCLA,AUTMOD,AUTTIP,AUTDES_CAT,AUTDES_CAT_CAS,AUTDES_UMI,AUTJERAR,AUTCLAS) VALUES ('E2I003','RESIDENCIA TEMPORAL Y TRABAJO POR CIRCUNSTANCIAS EXCEPCIONALES - VÍCTIMAS DE VIOLENCIA SEXUAL - HIJO MENOR O DISCAPACITADO, TUTELADO MENOR O PADRE/MADRE DE PRESUNTA VÍCTIMA DE VIOLENCIA SEXUAL (ART. 138.2) - PROVISIONAL',NULL,'S',NULL,NULL,NULL,NULL,NULL,NULL,NULL,NULL,NULL);
INSERT INTO AUTORIZAC (AUTCOD,AUTDES,AUTFLAGS,AUTVAL,AUTGRP,AUTCLA,AUTMOD,AUTTIP,AUTDES_CAT,AUTDES_CAT_CAS,AUTDES_UMI,AUTJERAR,AUTCLAS) VALUES ('E2I004','RESIDENCIA TEMPORAL Y TRABAJO POR CIRCUNSTANCIAS EXCEPCIONALES - VÍCTIMAS DE VIOLENCIA SEXUAL - ADULTO RESPONSABLE DE LA VÍCTIMA DE VIOLENCIA SEXUAL MENOR DE EDAD (ART. 141.2) - DEFINITIVA',NULL,'S',NULL,NULL,NULL,NULL,NULL,NULL,NULL,NULL,NULL);
INSERT INTO AUTORIZAC (AUTCOD,AUTDES,AUTFLAGS,AUTVAL,AUTGRP,AUTCLA,AUTMOD,AUTTIP,AUTDES_CAT,AUTDES_CAT_CAS,AUTDES_UMI,AUTJERAR,AUTCLAS) VALUES ('E2I005','RESIDENCIA TEMPORAL Y TRABAJO POR CIRCUNSTANCIAS EXCEPCIONALES - VÍCTIMAS DE VIOLENCIA SEXUAL - ADULTO RESPONSABLE DE LA VÍCTIMA DE VIOLENCIA SEXUAL MENOR DE EDAD (ART. 141.2) - PROVISIONAL',NULL,'S',NULL,NULL,NULL,NULL,NULL,NULL,NULL,NULL,NULL);
INSERT INTO AUTORIZAC (AUTCOD,AUTDES,AUTFLAGS,AUTVAL,AUTGRP,AUTCLA,AUTMOD,AUTTIP,AUTDES_CAT,AUTDES_CAT_CAS,AUTDES_UMI,AUTJERAR,AUTCLAS) VALUES ('E4I000','RESIDENCIA TEMPORAL POR CIRCUNSTANCIAS EXCEPCIONALES - VÍCTIMAS DE TRATA DE SERES HUMANOS - VÍCTIMA DE LA TSH EN ESPAÑA (ART. 152.1) - DEFINITIVA - SITUACIÓN PERSONAL (SEM)',NULL,'S',NULL,NULL,NULL,NULL,NULL,NULL,NULL,NULL,NULL);
INSERT INTO AUTORIZAC (AUTCOD,AUTDES,AUTFLAGS,AUTVAL,AUTGRP,AUTCLA,AUTMOD,AUTTIP,AUTDES_CAT,AUTDES_CAT_CAS,AUTDES_UMI,AUTJERAR,AUTCLAS) VALUES ('E4I001','RESIDENCIA TEMPORAL POR CIRCUNSTANCIAS EXCEPCIONALES - VÍCTIMAS DE TRATA DE SERES HUMANOS - VÍCTIMA DE LA TSH EN ESPAÑA (ART. 152.1) - DEFINITIVA - SITUACIÓN PERSONAL (SES)',NULL,'S',NULL,NULL,NULL,NULL,NULL,NULL,NULL,NULL,NULL);
INSERT INTO AUTORIZAC (AUTCOD,AUTDES,AUTFLAGS,AUTVAL,AUTGRP,AUTCLA,AUTMOD,AUTTIP,AUTDES_CAT,AUTDES_CAT_CAS,AUTDES_UMI,AUTJERAR,AUTCLAS) VALUES ('E4I002','RESIDENCIA TEMPORAL POR CIRCUNSTANCIAS EXCEPCIONALES - VÍCTIMAS DE TRATA DE SERES HUMANOS - PRESUNTA VÍCTIMA DE LA TSH EN ESPAÑA (ART. 152.1) - PROVISIONAL - COLABORACIÓN EN LA INVESTIGACIÓN DEL DELITO O SITUACIÓN PERSONAL',NULL,'S',NULL,NULL,NULL,NULL,NULL,NULL,NULL,NULL,NULL);
INSERT INTO AUTORIZAC (AUTCOD,AUTDES,AUTFLAGS,AUTVAL,AUTGRP,AUTCLA,AUTMOD,AUTTIP,AUTDES_CAT,AUTDES_CAT_CAS,AUTDES_UMI,AUTJERAR,AUTCLAS) VALUES ('E4I003','RESIDENCIA TEMPORAL POR CIRCUNSTANCIAS EXCEPCIONALES - VÍCTIMAS DE TRATA DE SERES HUMANOS - HIJO MENOR O DISCAPACITADO, TUTELADO MENOR O PADRE/MADRE DE VÍCTIMA DE LA TSH EN ESPAÑA (ART. 152.1) - DEFINITIVA - SITUACIÓN PERSONAL (SEM)',NULL,'S',NULL,NULL,NULL,NULL,NULL,NULL,NULL,NULL,NULL);
INSERT INTO AUTORIZAC (AUTCOD,AUTDES,AUTFLAGS,AUTVAL,AUTGRP,AUTCLA,AUTMOD,AUTTIP,AUTDES_CAT,AUTDES_CAT_CAS,AUTDES_UMI,AUTJERAR,AUTCLAS) VALUES ('E4I004','RESIDENCIA TEMPORAL POR CIRCUNSTANCIAS EXCEPCIONALES - VÍCTIMAS DE TRATA DE SERES HUMANOS - HIJO MENOR O DISCAPACITADO, TUTELADO MENOR O PADRE/MADRE DE VÍCTIMA DE LA TSH EN ESPAÑA (ART. 152.1) - DEFINITIVA - COLABORACIÓN EN LA INVESTIGACIÓN DEL DELITO (SES)',NULL,'S',NULL,NULL,NULL,NULL,NULL,NULL,NULL,NULL,NULL);
INSERT INTO AUTORIZAC (AUTCOD,AUTDES,AUTFLAGS,AUTVAL,AUTGRP,AUTCLA,AUTMOD,AUTTIP,AUTDES_CAT,AUTDES_CAT_CAS,AUTDES_UMI,AUTJERAR,AUTCLAS) VALUES ('E4I005','RESIDENCIA TEMPORAL POR CIRCUNSTANCIAS EXCEPCIONALES - VÍCTIMAS DE TRATA DE SERES HUMANOS - HIJO MENOR O DISCAPACITADO, TUTELADO MENOR O PADRE/MADRE DE PRESUNTA VÍCTIMA DE LA TSH EN ESPAÑA (ART. 152.1) - PROVISIONAL - COLABORACIÓN EN LA INVESTIGACIÓN DEL DELITO O SITUACIÓN PERSONAL',NULL,'S',NULL,NULL,NULL,NULL,NULL,NULL,NULL,NULL,NULL);
INSERT INTO AUTORIZAC (AUTCOD,AUTDES,AUTFLAGS,AUTVAL,AUTGRP,AUTCLA,AUTMOD,AUTTIP,AUTDES_CAT,AUTDES_CAT_CAS,AUTDES_UMI,AUTJERAR,AUTCLAS) VALUES ('E0I007','RESIDENCIA TEMPORAL POR CIRCUNSTANCIAS EXCEPCIONALES – RAZONES HUMANITARIAS  - RAZONES HUMANITARIAS (ART. 128.2) - VÍCTIMAS DE DELITOS - INICIAL ',NULL,'S',NULL,NULL,NULL,NULL,NULL,NULL,NULL,NULL,NULL);
INSERT INTO AUTORIZAC (AUTCOD,AUTDES,AUTFLAGS,AUTVAL,AUTGRP,AUTCLA,AUTMOD,AUTTIP,AUTDES_CAT,AUTDES_CAT_CAS,AUTDES_UMI,AUTJERAR,AUTCLAS) VALUES ('E0P006','RESIDENCIA TEMPORAL POR CIRCUNSTANCIAS EXCEPCIONALES – RAZONES HUMANITARIAS  - RAZONES HUMANITARIAS (ART. 132) - VÍCTIMAS DE DELITOS - PRÓRROGA',NULL,'S',NULL,NULL,NULL,NULL,NULL,NULL,NULL,NULL,NULL);
INSERT INTO AUTORIZAC (AUTCOD,AUTDES,AUTFLAGS,AUTVAL,AUTGRP,AUTCLA,AUTMOD,AUTTIP,AUTDES_CAT,AUTDES_CAT_CAS,AUTDES_UMI,AUTJERAR,AUTCLAS) VALUES ('E0I008','RESIDENCIA TEMPORAL POR CIRCUNSTANCIAS EXCEPCIONALES – RAZONES HUMANITARIAS  - RAZONES HUMANITARIAS (ART. 128.3) - ENFERMEDAD SOBREVENIDA - INICIAL ',NULL,'S',NULL,NULL,NULL,NULL,NULL,NULL,NULL,NULL,NULL);
INSERT INTO AUTORIZAC (AUTCOD,AUTDES,AUTFLAGS,AUTVAL,AUTGRP,AUTCLA,AUTMOD,AUTTIP,AUTDES_CAT,AUTDES_CAT_CAS,AUTDES_UMI,AUTJERAR,AUTCLAS) VALUES ('E0P007','RESIDENCIA TEMPORAL POR CIRCUNSTANCIAS EXCEPCIONALES – RAZONES HUMANITARIAS  - RAZONES HUMANITARIAS (ART. 132) - ENFERMEDAD SOBREVENIDA - PRÓRROGA',NULL,'S',NULL,NULL,NULL,NULL,NULL,NULL,NULL,NULL,NULL);
INSERT INTO AUTORIZAC (AUTCOD,AUTDES,AUTFLAGS,AUTVAL,AUTGRP,AUTCLA,AUTMOD,AUTTIP,AUTDES_CAT,AUTDES_CAT_CAS,AUTDES_UMI,AUTJERAR,AUTCLAS) VALUES ('E0I009','RESIDENCIA TEMPORAL POR CIRCUNSTANCIAS EXCEPCIONALES – RAZONES HUMANITARIAS  - RAZONES HUMANITARIAS (ART. 128.4) - PELIGRO PARA SU SEGURIDAD O LA DE SU FAMILIA - INICIAL ',NULL,'S',NULL,NULL,NULL,NULL,NULL,NULL,NULL,NULL,NULL);
INSERT INTO AUTORIZAC (AUTCOD,AUTDES,AUTFLAGS,AUTVAL,AUTGRP,AUTCLA,AUTMOD,AUTTIP,AUTDES_CAT,AUTDES_CAT_CAS,AUTDES_UMI,AUTJERAR,AUTCLAS) VALUES ('E0P008','RESIDENCIA TEMPORAL POR CIRCUNSTANCIAS EXCEPCIONALES – RAZONES HUMANITARIAS  - RAZONES HUMANITARIAS (ART. 132) - PELIGRO PARA SU SEGURIDAD O LA DE SU FAMILIA - PRÓRROGA',NULL,'S',NULL,NULL,NULL,NULL,NULL,NULL,NULL,NULL,NULL);
INSERT INTO AUTORIZAC (AUTCOD,AUTDES,AUTFLAGS,AUTVAL,AUTGRP,AUTCLA,AUTMOD,AUTTIP,AUTDES_CAT,AUTDES_CAT_CAS,AUTDES_UMI,AUTJERAR,AUTCLAS) VALUES ('E9I001','ESTANCIA TEMPORAL POR CIRCUNSTANCIAS EXCEPCIONALES – PERÍODO DE RESTABLECIMIENTO Y REFLEXIÓN  - PERÍODO DE RESTABLECIMIENTO Y REFLEXIÓN (ART. 150.6) - INICIAL',NULL,'S',NULL,NULL,NULL,NULL,NULL,NULL,NULL,NULL,NULL);
INSERT INTO AUTORIZAC (AUTCOD,AUTDES,AUTFLAGS,AUTVAL,AUTGRP,AUTCLA,AUTMOD,AUTTIP,AUTDES_CAT,AUTDES_CAT_CAS,AUTDES_UMI,AUTJERAR,AUTCLAS) VALUES ('E9P001','ESTANCIA TEMPORAL POR CIRCUNSTANCIAS EXCEPCIONALES – PERÍODO DE RESTABLECIMIENTO Y REFLEXIÓN  - PERÍODO DE RESTABLECIMIENTO Y REFLEXIÓN (ART. 150.6) - PRÓRROGA',NULL,'S',NULL,NULL,NULL,NULL,NULL,NULL,NULL,NULL,NULL);
INSERT INTO AUTORIZAC (AUTCOD,AUTDES,AUTFLAGS,AUTVAL,AUTGRP,AUTCLA,AUTMOD,AUTTIP,AUTDES_CAT,AUTDES_CAT_CAS,AUTDES_UMI,AUTJERAR,AUTCLAS) VALUES ('E3I002','DECLARACIÓN DE EXENCIÓN DE RESPONSABILIDAD - DECLARACIÓN DE EXENCIÓN DE RESPONSABILIDAD - EXENCIÓN DE RESPONSABILIDAD POR COLABORACIÓN -  REDES ORGANIZADAS (ART. 142)',NULL,'S',NULL,NULL,NULL,NULL,NULL,NULL,NULL,NULL,NULL);
INSERT INTO AUTORIZAC (AUTCOD,AUTDES,AUTFLAGS,AUTVAL,AUTGRP,AUTCLA,AUTMOD,AUTTIP,AUTDES_CAT,AUTDES_CAT_CAS,AUTDES_UMI,AUTJERAR,AUTCLAS) VALUES ('E3I003','DECLARACIÓN DE EXENCIÓN DE RESPONSABILIDAD - DECLARACIÓN DE EXENCIÓN DE RESPONSABILIDAD - EXENCIÓN DE RESPONSABILIDAD POR COLABORACIÓN - VÍCTIMA DE TRATA DE SERES HUMANOS (ART. 151)',NULL,'S',NULL,NULL,NULL,NULL,NULL,NULL,NULL,NULL,NULL);


-- VIA_PERMISO

Insert into VIA_PERMISO (EVPPER,EVPVIA,EVPFLAGS,EVPVAL,EVPMTAS,EVPFECINI,EVPFECFIN,EVPFORMULARIO,EVPESCCOS,EVPFGR,EVPVERRES,CODIGO_SIA,IGUALDAD,EVPDGPTJ,EVPETIQUETAFAM,EVPPROMOTOR,EVPTRANSFRONTERIZO,EVPFAMILIAR,EVPNACIONALIDAD,EVPNIVELESTUDIOS,EVPCENTROESTUDIOS,EVPAMBITO,EVPVISADODESCESP,EVPRECUPERALD,EVPIGUALDAD,EVPTIPOTITULAR,EVPRESSINPAGTASR,EVPNSOPORTEUE,EVPCNED,EVPADJDOCRESUELTO,EVPPERMANENTE,EVPNUMPLAZO,EVPTIPPLAZO,EVPTIPESTIMACION,EVPLEYENDA,EVPINITASAS) values ('DA2','RE3','S12LNASSNNNNNNCDNNSNN O S              A','S','E9I000',to_date('20/05/25','DD/MM/RR'),null,'EX10','S',to_date('11/04/25','DD/MM/RR'),'S','201321','N','S','F','N','N','N',null,'N','N',null,'N','N','N','G','E','N','N','N','S','3','M','D','N','S');
Insert into VIA_PERMISO (EVPPER,EVPVIA,EVPFLAGS,EVPVAL,EVPMTAS,EVPFECINI,EVPFECFIN,EVPFORMULARIO,EVPESCCOS,EVPFGR,EVPVERRES,CODIGO_SIA,IGUALDAD,EVPDGPTJ,EVPETIQUETAFAM,EVPPROMOTOR,EVPTRANSFRONTERIZO,EVPFAMILIAR,EVPNACIONALIDAD,EVPNIVELESTUDIOS,EVPCENTROESTUDIOS,EVPAMBITO,EVPVISADODESCESP,EVPRECUPERALD,EVPIGUALDAD,EVPTIPOTITULAR,EVPRESSINPAGTASR,EVPNSOPORTEUE,EVPCNED,EVPADJDOCRESUELTO,EVPPERMANENTE,EVPNUMPLAZO,EVPTIPPLAZO,EVPTIPESTIMACION,EVPLEYENDA,EVPINITASAS) values ('DA2','RE4','S12LNASSNNNNNNCDNNSNN O S              A','S','E9P000',to_date('20/05/25','DD/MM/RR'),null,'EX10','S',to_date('11/04/25','DD/MM/RR'),'S','201321','N','S','F','N','N','N',null,'N','N',null,'N','N','N','G','E','N','N','N','S','3','M','E','N','S');
Insert into VIA_PERMISO (EVPPER,EVPVIA,EVPFLAGS,EVPVAL,EVPMTAS,EVPFECINI,EVPFECFIN,EVPFORMULARIO,EVPESCCOS,EVPFGR,EVPVERRES,CODIGO_SIA,IGUALDAD,EVPDGPTJ,EVPETIQUETAFAM,EVPPROMOTOR,EVPTRANSFRONTERIZO,EVPFAMILIAR,EVPNACIONALIDAD,EVPNIVELESTUDIOS,EVPCENTROESTUDIOS,EVPAMBITO,EVPVISADODESCESP,EVPRECUPERALD,EVPIGUALDAD,EVPTIPOTITULAR,EVPRESSINPAGTASR,EVPNSOPORTEUE,EVPCNED,EVPADJDOCRESUELTO,EVPPERMANENTE,EVPNUMPLAZO,EVPTIPPLAZO,EVPTIPESTIMACION,EVPLEYENDA,EVPINITASAS) values ('ARR','SO1','S12LNASSNNNNNNCDNNSNN O S              A','S','E0I000',to_date('20/05/25','DD/MM/RR'),null,'EX10','S',to_date('11/04/25','DD/MM/RR'),'S','201321','N','S','F','N','N','N',null,'N','N',null,'N','N','N','G','E','N','N','N','S','3','M','D','N','S');
Insert into VIA_PERMISO (EVPPER,EVPVIA,EVPFLAGS,EVPVAL,EVPMTAS,EVPFECINI,EVPFECFIN,EVPFORMULARIO,EVPESCCOS,EVPFGR,EVPVERRES,CODIGO_SIA,IGUALDAD,EVPDGPTJ,EVPETIQUETAFAM,EVPPROMOTOR,EVPTRANSFRONTERIZO,EVPFAMILIAR,EVPNACIONALIDAD,EVPNIVELESTUDIOS,EVPCENTROESTUDIOS,EVPAMBITO,EVPVISADODESCESP,EVPRECUPERALD,EVPIGUALDAD,EVPTIPOTITULAR,EVPRESSINPAGTASR,EVPNSOPORTEUE,EVPCNED,EVPADJDOCRESUELTO,EVPPERMANENTE,EVPNUMPLAZO,EVPTIPPLAZO,EVPTIPESTIMACION,EVPLEYENDA,EVPINITASAS) values ('ARR','SO2','S12LNASSNNNNNNCDNNSNN O S              A','S','E0P000',to_date('20/05/25','DD/MM/RR'),null,'EX10','S',to_date('11/04/25','DD/MM/RR'),'S','201321','N','S','F','N','N','N',null,'N','N',null,'N','N','N','G','E','N','N','N','S','3','M','E','N','S');
Insert into VIA_PERMISO (EVPPER,EVPVIA,EVPFLAGS,EVPVAL,EVPMTAS,EVPFECINI,EVPFECFIN,EVPFORMULARIO,EVPESCCOS,EVPFGR,EVPVERRES,CODIGO_SIA,IGUALDAD,EVPDGPTJ,EVPETIQUETAFAM,EVPPROMOTOR,EVPTRANSFRONTERIZO,EVPFAMILIAR,EVPNACIONALIDAD,EVPNIVELESTUDIOS,EVPCENTROESTUDIOS,EVPAMBITO,EVPVISADODESCESP,EVPRECUPERALD,EVPIGUALDAD,EVPTIPOTITULAR,EVPRESSINPAGTASR,EVPNSOPORTEUE,EVPCNED,EVPADJDOCRESUELTO,EVPPERMANENTE,EVPNUMPLAZO,EVPTIPPLAZO,EVPTIPESTIMACION,EVPLEYENDA,EVPINITASAS) values ('ARR','SL1','S12LNASSNNNNNNCDNNSNN O S              A','S','E0I001',to_date('20/05/25','DD/MM/RR'),null,'EX10','S',to_date('11/04/25','DD/MM/RR'),'S','201321','N','S','F','N','N','N',null,'N','N',null,'N','N','N','G','E','N','N','N','S','3','M','D','N','S');
Insert into VIA_PERMISO (EVPPER,EVPVIA,EVPFLAGS,EVPVAL,EVPMTAS,EVPFECINI,EVPFECFIN,EVPFORMULARIO,EVPESCCOS,EVPFGR,EVPVERRES,CODIGO_SIA,IGUALDAD,EVPDGPTJ,EVPETIQUETAFAM,EVPPROMOTOR,EVPTRANSFRONTERIZO,EVPFAMILIAR,EVPNACIONALIDAD,EVPNIVELESTUDIOS,EVPCENTROESTUDIOS,EVPAMBITO,EVPVISADODESCESP,EVPRECUPERALD,EVPIGUALDAD,EVPTIPOTITULAR,EVPRESSINPAGTASR,EVPNSOPORTEUE,EVPCNED,EVPADJDOCRESUELTO,EVPPERMANENTE,EVPNUMPLAZO,EVPTIPPLAZO,EVPTIPESTIMACION,EVPLEYENDA,EVPINITASAS) values ('ARR','SL2','S12LNASSNNNNNNCDNNSNN O S              A','S','E0P001',to_date('20/05/25','DD/MM/RR'),null,'EX10','S',to_date('11/04/25','DD/MM/RR'),'S','201321','N','S','F','N','N','N',null,'N','N',null,'N','N','N','G','E','N','N','N','S','3','M','E','N','S');
Insert into VIA_PERMISO (EVPPER,EVPVIA,EVPFLAGS,EVPVAL,EVPMTAS,EVPFECINI,EVPFECFIN,EVPFORMULARIO,EVPESCCOS,EVPFGR,EVPVERRES,CODIGO_SIA,IGUALDAD,EVPDGPTJ,EVPETIQUETAFAM,EVPPROMOTOR,EVPTRANSFRONTERIZO,EVPFAMILIAR,EVPNACIONALIDAD,EVPNIVELESTUDIOS,EVPCENTROESTUDIOS,EVPAMBITO,EVPVISADODESCESP,EVPRECUPERALD,EVPIGUALDAD,EVPTIPOTITULAR,EVPRESSINPAGTASR,EVPNSOPORTEUE,EVPCNED,EVPADJDOCRESUELTO,EVPPERMANENTE,EVPNUMPLAZO,EVPTIPPLAZO,EVPTIPESTIMACION,EVPLEYENDA,EVPINITASAS) values ('ARR','SC1','S12LNASSNNNNNNCDNNSNN O S              A','S','E0I002',to_date('20/05/25','DD/MM/RR'),null,'EX10','S',to_date('11/04/25','DD/MM/RR'),'S','201321','N','S','F','N','N','N',null,'N','N',null,'N','N','N','G','E','N','N','N','S','3','M','D','N','S');
Insert into VIA_PERMISO (EVPPER,EVPVIA,EVPFLAGS,EVPVAL,EVPMTAS,EVPFECINI,EVPFECFIN,EVPFORMULARIO,EVPESCCOS,EVPFGR,EVPVERRES,CODIGO_SIA,IGUALDAD,EVPDGPTJ,EVPETIQUETAFAM,EVPPROMOTOR,EVPTRANSFRONTERIZO,EVPFAMILIAR,EVPNACIONALIDAD,EVPNIVELESTUDIOS,EVPCENTROESTUDIOS,EVPAMBITO,EVPVISADODESCESP,EVPRECUPERALD,EVPIGUALDAD,EVPTIPOTITULAR,EVPRESSINPAGTASR,EVPNSOPORTEUE,EVPCNED,EVPADJDOCRESUELTO,EVPPERMANENTE,EVPNUMPLAZO,EVPTIPPLAZO,EVPTIPESTIMACION,EVPLEYENDA,EVPINITASAS) values ('ARR','SC2','S12LNASSNNNNNNCDNNSNN O S              A','S','E0P002',to_date('20/05/25','DD/MM/RR'),null,'EX10','S',to_date('11/04/25','DD/MM/RR'),'S','201321','N','S','F','N','N','N',null,'N','N',null,'N','N','N','G','E','N','N','N','S','3','M','E','N','S');
Insert into VIA_PERMISO (EVPPER,EVPVIA,EVPFLAGS,EVPVAL,EVPMTAS,EVPFECINI,EVPFECFIN,EVPFORMULARIO,EVPESCCOS,EVPFGR,EVPVERRES,CODIGO_SIA,IGUALDAD,EVPDGPTJ,EVPETIQUETAFAM,EVPPROMOTOR,EVPTRANSFRONTERIZO,EVPFAMILIAR,EVPNACIONALIDAD,EVPNIVELESTUDIOS,EVPCENTROESTUDIOS,EVPAMBITO,EVPVISADODESCESP,EVPRECUPERALD,EVPIGUALDAD,EVPTIPOTITULAR,EVPRESSINPAGTASR,EVPNSOPORTEUE,EVPCNED,EVPADJDOCRESUELTO,EVPPERMANENTE,EVPNUMPLAZO,EVPTIPPLAZO,EVPTIPESTIMACION,EVPLEYENDA,EVPINITASAS) values ('ARR','SF1','S12LNASSNNNNNNCDNNSNN O S              A','S','E0I003',to_date('20/05/25','DD/MM/RR'),null,'EX10','S',to_date('11/04/25','DD/MM/RR'),'S','201321','N','S','F','N','N','N',null,'N','N',null,'N','N','N','G','E','N','N','N','S','3','M','D','N','S');
Insert into VIA_PERMISO (EVPPER,EVPVIA,EVPFLAGS,EVPVAL,EVPMTAS,EVPFECINI,EVPFECFIN,EVPFORMULARIO,EVPESCCOS,EVPFGR,EVPVERRES,CODIGO_SIA,IGUALDAD,EVPDGPTJ,EVPETIQUETAFAM,EVPPROMOTOR,EVPTRANSFRONTERIZO,EVPFAMILIAR,EVPNACIONALIDAD,EVPNIVELESTUDIOS,EVPCENTROESTUDIOS,EVPAMBITO,EVPVISADODESCESP,EVPRECUPERALD,EVPIGUALDAD,EVPTIPOTITULAR,EVPRESSINPAGTASR,EVPNSOPORTEUE,EVPCNED,EVPADJDOCRESUELTO,EVPPERMANENTE,EVPNUMPLAZO,EVPTIPPLAZO,EVPTIPESTIMACION,EVPLEYENDA,EVPINITASAS) values ('ARR','SF2','S12LNASSNNNNNNCDNNSNN O S              A','S','E0P003',to_date('20/05/25','DD/MM/RR'),null,'EX10','S',to_date('11/04/25','DD/MM/RR'),'S','201321','N','S','F','N','N','N',null,'N','N',null,'N','N','N','G','E','N','N','N','S','3','M','E','N','S');
Insert into VIA_PERMISO (EVPPER,EVPVIA,EVPFLAGS,EVPVAL,EVPMTAS,EVPFECINI,EVPFECFIN,EVPFORMULARIO,EVPESCCOS,EVPFGR,EVPVERRES,CODIGO_SIA,IGUALDAD,EVPDGPTJ,EVPETIQUETAFAM,EVPPROMOTOR,EVPTRANSFRONTERIZO,EVPFAMILIAR,EVPNACIONALIDAD,EVPNIVELESTUDIOS,EVPCENTROESTUDIOS,EVPAMBITO,EVPVISADODESCESP,EVPRECUPERALD,EVPIGUALDAD,EVPTIPOTITULAR,EVPRESSINPAGTASR,EVPNSOPORTEUE,EVPCNED,EVPADJDOCRESUELTO,EVPPERMANENTE,EVPNUMPLAZO,EVPTIPPLAZO,EVPTIPESTIMACION,EVPLEYENDA,EVPINITASAS) values ('ARR','ARF','S12LNASSNNNNNNCDNNSNN O S              A','S','E0I004',to_date('20/05/25','DD/MM/RR'),null,'EX10','S',to_date('11/04/25','DD/MM/RR'),'S','201321','N','S','F','N','N','N',null,'N','N',null,'N','N','N','G','E','N','N','N','S','3','M','D','N','S');
Insert into VIA_PERMISO (EVPPER,EVPVIA,EVPFLAGS,EVPVAL,EVPMTAS,EVPFECINI,EVPFECFIN,EVPFORMULARIO,EVPESCCOS,EVPFGR,EVPVERRES,CODIGO_SIA,IGUALDAD,EVPDGPTJ,EVPETIQUETAFAM,EVPPROMOTOR,EVPTRANSFRONTERIZO,EVPFAMILIAR,EVPNACIONALIDAD,EVPNIVELESTUDIOS,EVPCENTROESTUDIOS,EVPAMBITO,EVPVISADODESCESP,EVPRECUPERALD,EVPIGUALDAD,EVPTIPOTITULAR,EVPRESSINPAGTASR,EVPNSOPORTEUE,EVPCNED,EVPADJDOCRESUELTO,EVPPERMANENTE,EVPNUMPLAZO,EVPTIPPLAZO,EVPTIPESTIMACION,EVPLEYENDA,EVPINITASAS) values ('COL','PN1','S12LNASSNNNNNNCDNNSNN O S              A','S','E0I005',to_date('20/05/25','DD/MM/RR'),null,'EX10','S',to_date('11/04/25','DD/MM/RR'),'S','201321','N','S','F','N','N','N',null,'N','N',null,'N','N','N','G','E','N','N','N','S','3','M','D','N','S');
Insert into VIA_PERMISO (EVPPER,EVPVIA,EVPFLAGS,EVPVAL,EVPMTAS,EVPFECINI,EVPFECFIN,EVPFORMULARIO,EVPESCCOS,EVPFGR,EVPVERRES,CODIGO_SIA,IGUALDAD,EVPDGPTJ,EVPETIQUETAFAM,EVPPROMOTOR,EVPTRANSFRONTERIZO,EVPFAMILIAR,EVPNACIONALIDAD,EVPNIVELESTUDIOS,EVPCENTROESTUDIOS,EVPAMBITO,EVPVISADODESCESP,EVPRECUPERALD,EVPIGUALDAD,EVPTIPOTITULAR,EVPRESSINPAGTASR,EVPNSOPORTEUE,EVPCNED,EVPADJDOCRESUELTO,EVPPERMANENTE,EVPNUMPLAZO,EVPTIPPLAZO,EVPTIPESTIMACION,EVPLEYENDA,EVPINITASAS) values ('COL','PN2','S12LNASSNNNNNNCDNNSNN O S              A','S','E0P004',to_date('20/05/25','DD/MM/RR'),null,'EX10','S',to_date('11/04/25','DD/MM/RR'),'S','201321','N','S','F','N','N','N',null,'N','N',null,'N','N','N','G','E','N','N','N','S','3','M','E','N','S');
Insert into VIA_PERMISO (EVPPER,EVPVIA,EVPFLAGS,EVPVAL,EVPMTAS,EVPFECINI,EVPFECFIN,EVPFORMULARIO,EVPESCCOS,EVPFGR,EVPVERRES,CODIGO_SIA,IGUALDAD,EVPDGPTJ,EVPETIQUETAFAM,EVPPROMOTOR,EVPTRANSFRONTERIZO,EVPFAMILIAR,EVPNACIONALIDAD,EVPNIVELESTUDIOS,EVPCENTROESTUDIOS,EVPAMBITO,EVPVISADODESCESP,EVPRECUPERALD,EVPIGUALDAD,EVPTIPOTITULAR,EVPRESSINPAGTASR,EVPNSOPORTEUE,EVPCNED,EVPADJDOCRESUELTO,EVPPERMANENTE,EVPNUMPLAZO,EVPTIPPLAZO,EVPTIPESTIMACION,EVPLEYENDA,EVPINITASAS) values ('COL','CAL','S12LNASSNNNNNNCDNNSNN O S              A','S','E0I006',to_date('20/05/25','DD/MM/RR'),null,'EX10','S',to_date('11/04/25','DD/MM/RR'),'S','201321','N','S','F','N','N','N',null,'N','N',null,'N','N','N','G','E','N','N','N','S','3','M','D','N','S');
Insert into VIA_PERMISO (EVPPER,EVPVIA,EVPFLAGS,EVPVAL,EVPMTAS,EVPFECINI,EVPFECFIN,EVPFORMULARIO,EVPESCCOS,EVPFGR,EVPVERRES,CODIGO_SIA,IGUALDAD,EVPDGPTJ,EVPETIQUETAFAM,EVPPROMOTOR,EVPTRANSFRONTERIZO,EVPFAMILIAR,EVPNACIONALIDAD,EVPNIVELESTUDIOS,EVPCENTROESTUDIOS,EVPAMBITO,EVPVISADODESCESP,EVPRECUPERALD,EVPIGUALDAD,EVPTIPOTITULAR,EVPRESSINPAGTASR,EVPNSOPORTEUE,EVPCNED,EVPADJDOCRESUELTO,EVPPERMANENTE,EVPNUMPLAZO,EVPTIPPLAZO,EVPTIPESTIMACION,EVPLEYENDA,EVPINITASAS) values ('COL','CAP','S12LNASSNNNNNNCDNNSNN O S              A','S','E0P005',to_date('20/05/25','DD/MM/RR'),null,'EX10','S',to_date('11/04/25','DD/MM/RR'),'S','201321','N','S','F','N','N','N',null,'N','N',null,'N','N','N','G','E','N','N','N','S','3','M','E','N','S');
Insert into VIA_PERMISO (EVPPER,EVPVIA,EVPFLAGS,EVPVAL,EVPMTAS,EVPFECINI,EVPFECFIN,EVPFORMULARIO,EVPESCCOS,EVPFGR,EVPVERRES,CODIGO_SIA,IGUALDAD,EVPDGPTJ,EVPETIQUETAFAM,EVPPROMOTOR,EVPTRANSFRONTERIZO,EVPFAMILIAR,EVPNACIONALIDAD,EVPNIVELESTUDIOS,EVPCENTROESTUDIOS,EVPAMBITO,EVPVISADODESCESP,EVPRECUPERALD,EVPIGUALDAD,EVPTIPOTITULAR,EVPRESSINPAGTASR,EVPNSOPORTEUE,EVPCNED,EVPADJDOCRESUELTO,EVPPERMANENTE,EVPNUMPLAZO,EVPTIPPLAZO,EVPTIPESTIMACION,EVPLEYENDA,EVPINITASAS) values ('COL','FV1','S12LNASSNNNNNNCDNNSNN O S              A','S','E3I000',to_date('20/05/25','DD/MM/RR'),null,'EX10','S',to_date('11/04/25','DD/MM/RR'),'S','201321','N','S','F','N','N','N',null,'N','N',null,'N','N','N','G','E','N','N','N','S','3','M','D','N','S');
Insert into VIA_PERMISO (EVPPER,EVPVIA,EVPFLAGS,EVPVAL,EVPMTAS,EVPFECINI,EVPFECFIN,EVPFORMULARIO,EVPESCCOS,EVPFGR,EVPVERRES,CODIGO_SIA,IGUALDAD,EVPDGPTJ,EVPETIQUETAFAM,EVPPROMOTOR,EVPTRANSFRONTERIZO,EVPFAMILIAR,EVPNACIONALIDAD,EVPNIVELESTUDIOS,EVPCENTROESTUDIOS,EVPAMBITO,EVPVISADODESCESP,EVPRECUPERALD,EVPIGUALDAD,EVPTIPOTITULAR,EVPRESSINPAGTASR,EVPNSOPORTEUE,EVPCNED,EVPADJDOCRESUELTO,EVPPERMANENTE,EVPNUMPLAZO,EVPTIPPLAZO,EVPTIPESTIMACION,EVPLEYENDA,EVPINITASAS) values ('COL','FV2','S12LNASSNNNNNNCDNNSNN O S              A','S','E3I001',to_date('20/05/25','DD/MM/RR'),null,'EX10','S',to_date('11/04/25','DD/MM/RR'),'S','201321','N','S','F','N','N','N',null,'N','N',null,'N','N','N','G','E','N','N','N','S','3','M','D','N','S');
Insert into VIA_PERMISO (EVPPER,EVPVIA,EVPFLAGS,EVPVAL,EVPMTAS,EVPFECINI,EVPFECFIN,EVPFORMULARIO,EVPESCCOS,EVPFGR,EVPVERRES,CODIGO_SIA,IGUALDAD,EVPDGPTJ,EVPETIQUETAFAM,EVPPROMOTOR,EVPTRANSFRONTERIZO,EVPFAMILIAR,EVPNACIONALIDAD,EVPNIVELESTUDIOS,EVPCENTROESTUDIOS,EVPAMBITO,EVPVISADODESCESP,EVPRECUPERALD,EVPIGUALDAD,EVPTIPOTITULAR,EVPRESSINPAGTASR,EVPNSOPORTEUE,EVPCNED,EVPADJDOCRESUELTO,EVPPERMANENTE,EVPNUMPLAZO,EVPTIPPLAZO,EVPTIPESTIMACION,EVPLEYENDA,EVPINITASAS) values ('VGN','VI1','S12LNASSNNNNNNCDNNSNN O S              A','S','E1I000',to_date('20/05/25','DD/MM/RR'),null,'EX10','S',to_date('11/04/25','DD/MM/RR'),'S','201321','N','S','F','N','N','N',null,'N','N',null,'N','N','N','G','E','N','N','N','S','3','M','D','N','S');
Insert into VIA_PERMISO (EVPPER,EVPVIA,EVPFLAGS,EVPVAL,EVPMTAS,EVPFECINI,EVPFECFIN,EVPFORMULARIO,EVPESCCOS,EVPFGR,EVPVERRES,CODIGO_SIA,IGUALDAD,EVPDGPTJ,EVPETIQUETAFAM,EVPPROMOTOR,EVPTRANSFRONTERIZO,EVPFAMILIAR,EVPNACIONALIDAD,EVPNIVELESTUDIOS,EVPCENTROESTUDIOS,EVPAMBITO,EVPVISADODESCESP,EVPRECUPERALD,EVPIGUALDAD,EVPTIPOTITULAR,EVPRESSINPAGTASR,EVPNSOPORTEUE,EVPCNED,EVPADJDOCRESUELTO,EVPPERMANENTE,EVPNUMPLAZO,EVPTIPPLAZO,EVPTIPESTIMACION,EVPLEYENDA,EVPINITASAS) values ('VGN','VI2','S12LNASSNNNNNNCDNNSNN O S              A','S','E1I001',to_date('20/05/25','DD/MM/RR'),null,'EX10','S',to_date('11/04/25','DD/MM/RR'),'S','201321','N','S','F','N','N','N',null,'N','N',null,'N','N','N','G','E','N','N','N','S','3','M','D','N','S');
Insert into VIA_PERMISO (EVPPER,EVPVIA,EVPFLAGS,EVPVAL,EVPMTAS,EVPFECINI,EVPFECFIN,EVPFORMULARIO,EVPESCCOS,EVPFGR,EVPVERRES,CODIGO_SIA,IGUALDAD,EVPDGPTJ,EVPETIQUETAFAM,EVPPROMOTOR,EVPTRANSFRONTERIZO,EVPFAMILIAR,EVPNACIONALIDAD,EVPNIVELESTUDIOS,EVPCENTROESTUDIOS,EVPAMBITO,EVPVISADODESCESP,EVPRECUPERALD,EVPIGUALDAD,EVPTIPOTITULAR,EVPRESSINPAGTASR,EVPNSOPORTEUE,EVPCNED,EVPADJDOCRESUELTO,EVPPERMANENTE,EVPNUMPLAZO,EVPTIPPLAZO,EVPTIPESTIMACION,EVPLEYENDA,EVPINITASAS) values ('VGN','HV1','S12LNASSNNNNNNCDNNSNN O S              A','S','E1I002',to_date('20/05/25','DD/MM/RR'),null,'EX10','S',to_date('11/04/25','DD/MM/RR'),'S','201321','N','S','F','N','N','N',null,'N','N',null,'N','N','N','G','E','N','N','N','S','3','M','D','N','S');
Insert into VIA_PERMISO (EVPPER,EVPVIA,EVPFLAGS,EVPVAL,EVPMTAS,EVPFECINI,EVPFECFIN,EVPFORMULARIO,EVPESCCOS,EVPFGR,EVPVERRES,CODIGO_SIA,IGUALDAD,EVPDGPTJ,EVPETIQUETAFAM,EVPPROMOTOR,EVPTRANSFRONTERIZO,EVPFAMILIAR,EVPNACIONALIDAD,EVPNIVELESTUDIOS,EVPCENTROESTUDIOS,EVPAMBITO,EVPVISADODESCESP,EVPRECUPERALD,EVPIGUALDAD,EVPTIPOTITULAR,EVPRESSINPAGTASR,EVPNSOPORTEUE,EVPCNED,EVPADJDOCRESUELTO,EVPPERMANENTE,EVPNUMPLAZO,EVPTIPPLAZO,EVPTIPESTIMACION,EVPLEYENDA,EVPINITASAS) values ('VGN','HV2','S12LNASSNNNNNNCDNNSNN O S              A','S','E1I003',to_date('20/05/25','DD/MM/RR'),null,'EX10','S',to_date('11/04/25','DD/MM/RR'),'S','201321','N','S','F','N','N','N',null,'N','N',null,'N','N','N','G','E','N','N','N','S','3','M','D','N','S');
Insert into VIA_PERMISO (EVPPER,EVPVIA,EVPFLAGS,EVPVAL,EVPMTAS,EVPFECINI,EVPFECFIN,EVPFORMULARIO,EVPESCCOS,EVPFGR,EVPVERRES,CODIGO_SIA,IGUALDAD,EVPDGPTJ,EVPETIQUETAFAM,EVPPROMOTOR,EVPTRANSFRONTERIZO,EVPFAMILIAR,EVPNACIONALIDAD,EVPNIVELESTUDIOS,EVPCENTROESTUDIOS,EVPAMBITO,EVPVISADODESCESP,EVPRECUPERALD,EVPIGUALDAD,EVPTIPOTITULAR,EVPRESSINPAGTASR,EVPNSOPORTEUE,EVPCNED,EVPADJDOCRESUELTO,EVPPERMANENTE,EVPNUMPLAZO,EVPTIPPLAZO,EVPTIPESTIMACION,EVPLEYENDA,EVPINITASAS) values ('VSX','VI3','S12LNASSNNNNNNCDNNSNN O S              A','S','E2I000',to_date('20/05/25','DD/MM/RR'),null,'EX10','S',to_date('11/04/25','DD/MM/RR'),'S','201321','N','S','F','N','N','N',null,'N','N',null,'N','N','N','G','E','N','N','N','S','3','M','D','N','S');
Insert into VIA_PERMISO (EVPPER,EVPVIA,EVPFLAGS,EVPVAL,EVPMTAS,EVPFECINI,EVPFECFIN,EVPFORMULARIO,EVPESCCOS,EVPFGR,EVPVERRES,CODIGO_SIA,IGUALDAD,EVPDGPTJ,EVPETIQUETAFAM,EVPPROMOTOR,EVPTRANSFRONTERIZO,EVPFAMILIAR,EVPNACIONALIDAD,EVPNIVELESTUDIOS,EVPCENTROESTUDIOS,EVPAMBITO,EVPVISADODESCESP,EVPRECUPERALD,EVPIGUALDAD,EVPTIPOTITULAR,EVPRESSINPAGTASR,EVPNSOPORTEUE,EVPCNED,EVPADJDOCRESUELTO,EVPPERMANENTE,EVPNUMPLAZO,EVPTIPPLAZO,EVPTIPESTIMACION,EVPLEYENDA,EVPINITASAS) values ('VSX','VI4','S12LNASSNNNNNNCDNNSNN O S              A','S','E2I001',to_date('20/05/25','DD/MM/RR'),null,'EX10','S',to_date('11/04/25','DD/MM/RR'),'S','201321','N','S','F','N','N','N',null,'N','N',null,'N','N','N','G','E','N','N','N','S','3','M','D','N','S');
Insert into VIA_PERMISO (EVPPER,EVPVIA,EVPFLAGS,EVPVAL,EVPMTAS,EVPFECINI,EVPFECFIN,EVPFORMULARIO,EVPESCCOS,EVPFGR,EVPVERRES,CODIGO_SIA,IGUALDAD,EVPDGPTJ,EVPETIQUETAFAM,EVPPROMOTOR,EVPTRANSFRONTERIZO,EVPFAMILIAR,EVPNACIONALIDAD,EVPNIVELESTUDIOS,EVPCENTROESTUDIOS,EVPAMBITO,EVPVISADODESCESP,EVPRECUPERALD,EVPIGUALDAD,EVPTIPOTITULAR,EVPRESSINPAGTASR,EVPNSOPORTEUE,EVPCNED,EVPADJDOCRESUELTO,EVPPERMANENTE,EVPNUMPLAZO,EVPTIPPLAZO,EVPTIPESTIMACION,EVPLEYENDA,EVPINITASAS) values ('VSX','FA3','S12LNASSNNNNNNCDNNSNN O S              A','S','E2I002',to_date('20/05/25','DD/MM/RR'),null,'EX10','S',to_date('11/04/25','DD/MM/RR'),'S','201321','N','S','F','N','N','N',null,'N','N',null,'N','N','N','G','E','N','N','N','S','3','M','D','N','S');
Insert into VIA_PERMISO (EVPPER,EVPVIA,EVPFLAGS,EVPVAL,EVPMTAS,EVPFECINI,EVPFECFIN,EVPFORMULARIO,EVPESCCOS,EVPFGR,EVPVERRES,CODIGO_SIA,IGUALDAD,EVPDGPTJ,EVPETIQUETAFAM,EVPPROMOTOR,EVPTRANSFRONTERIZO,EVPFAMILIAR,EVPNACIONALIDAD,EVPNIVELESTUDIOS,EVPCENTROESTUDIOS,EVPAMBITO,EVPVISADODESCESP,EVPRECUPERALD,EVPIGUALDAD,EVPTIPOTITULAR,EVPRESSINPAGTASR,EVPNSOPORTEUE,EVPCNED,EVPADJDOCRESUELTO,EVPPERMANENTE,EVPNUMPLAZO,EVPTIPPLAZO,EVPTIPESTIMACION,EVPLEYENDA,EVPINITASAS) values ('VSX','FA4','S12LNASSNNNNNNCDNNSNN O S              A','S','E2I003',to_date('20/05/25','DD/MM/RR'),null,'EX10','S',to_date('11/04/25','DD/MM/RR'),'S','201321','N','S','F','N','N','N',null,'N','N',null,'N','N','N','G','E','N','N','N','S','3','M','D','N','S');
Insert into VIA_PERMISO (EVPPER,EVPVIA,EVPFLAGS,EVPVAL,EVPMTAS,EVPFECINI,EVPFECFIN,EVPFORMULARIO,EVPESCCOS,EVPFGR,EVPVERRES,CODIGO_SIA,IGUALDAD,EVPDGPTJ,EVPETIQUETAFAM,EVPPROMOTOR,EVPTRANSFRONTERIZO,EVPFAMILIAR,EVPNACIONALIDAD,EVPNIVELESTUDIOS,EVPCENTROESTUDIOS,EVPAMBITO,EVPVISADODESCESP,EVPRECUPERALD,EVPIGUALDAD,EVPTIPOTITULAR,EVPRESSINPAGTASR,EVPNSOPORTEUE,EVPCNED,EVPADJDOCRESUELTO,EVPPERMANENTE,EVPNUMPLAZO,EVPTIPPLAZO,EVPTIPESTIMACION,EVPLEYENDA,EVPINITASAS) values ('VSX','AR1','S12LNASSNNNNNNCDNNSNN O S              A','S','E2I004',to_date('20/05/25','DD/MM/RR'),null,'EX10','S',to_date('11/04/25','DD/MM/RR'),'S','201321','N','S','F','N','N','N',null,'N','N',null,'N','N','N','G','E','N','N','N','S','3','M','D','N','S');
Insert into VIA_PERMISO (EVPPER,EVPVIA,EVPFLAGS,EVPVAL,EVPMTAS,EVPFECINI,EVPFECFIN,EVPFORMULARIO,EVPESCCOS,EVPFGR,EVPVERRES,CODIGO_SIA,IGUALDAD,EVPDGPTJ,EVPETIQUETAFAM,EVPPROMOTOR,EVPTRANSFRONTERIZO,EVPFAMILIAR,EVPNACIONALIDAD,EVPNIVELESTUDIOS,EVPCENTROESTUDIOS,EVPAMBITO,EVPVISADODESCESP,EVPRECUPERALD,EVPIGUALDAD,EVPTIPOTITULAR,EVPRESSINPAGTASR,EVPNSOPORTEUE,EVPCNED,EVPADJDOCRESUELTO,EVPPERMANENTE,EVPNUMPLAZO,EVPTIPPLAZO,EVPTIPESTIMACION,EVPLEYENDA,EVPINITASAS) values ('VSX','AR2','S12LNASSNNNNNNCDNNSNN O S              A','S','E2I005',to_date('20/05/25','DD/MM/RR'),null,'EX10','S',to_date('11/04/25','DD/MM/RR'),'S','201321','N','S','F','N','N','N',null,'N','N',null,'N','N','N','G','E','N','N','N','S','3','M','D','N','S');
Insert into VIA_PERMISO (EVPPER,EVPVIA,EVPFLAGS,EVPVAL,EVPMTAS,EVPFECINI,EVPFECFIN,EVPFORMULARIO,EVPESCCOS,EVPFGR,EVPVERRES,CODIGO_SIA,IGUALDAD,EVPDGPTJ,EVPETIQUETAFAM,EVPPROMOTOR,EVPTRANSFRONTERIZO,EVPFAMILIAR,EVPNACIONALIDAD,EVPNIVELESTUDIOS,EVPCENTROESTUDIOS,EVPAMBITO,EVPVISADODESCESP,EVPRECUPERALD,EVPIGUALDAD,EVPTIPOTITULAR,EVPRESSINPAGTASR,EVPNSOPORTEUE,EVPCNED,EVPADJDOCRESUELTO,EVPPERMANENTE,EVPNUMPLAZO,EVPTIPPLAZO,EVPTIPESTIMACION,EVPLEYENDA,EVPINITASAS) values ('TSH','VI5','S12LNASSNNNNNNCDNNSNN O S              A','S','E4I000',to_date('20/05/25','DD/MM/RR'),null,'EX10','S',to_date('11/04/25','DD/MM/RR'),'S','201321','N','S','F','N','N','N',null,'N','N',null,'N','N','N','G','E','N','N','N','S','3','M','D','N','S');
Insert into VIA_PERMISO (EVPPER,EVPVIA,EVPFLAGS,EVPVAL,EVPMTAS,EVPFECINI,EVPFECFIN,EVPFORMULARIO,EVPESCCOS,EVPFGR,EVPVERRES,CODIGO_SIA,IGUALDAD,EVPDGPTJ,EVPETIQUETAFAM,EVPPROMOTOR,EVPTRANSFRONTERIZO,EVPFAMILIAR,EVPNACIONALIDAD,EVPNIVELESTUDIOS,EVPCENTROESTUDIOS,EVPAMBITO,EVPVISADODESCESP,EVPRECUPERALD,EVPIGUALDAD,EVPTIPOTITULAR,EVPRESSINPAGTASR,EVPNSOPORTEUE,EVPCNED,EVPADJDOCRESUELTO,EVPPERMANENTE,EVPNUMPLAZO,EVPTIPPLAZO,EVPTIPESTIMACION,EVPLEYENDA,EVPINITASAS) values ('TSH','VI6','S12LNASSNNNNNNCDNNSNN O S              A','S','E4I001',to_date('20/05/25','DD/MM/RR'),null,'EX10','S',to_date('11/04/25','DD/MM/RR'),'S','201321','N','S','F','N','N','N',null,'N','N',null,'N','N','N','G','E','N','N','N','S','3','M','D','N','S');
Insert into VIA_PERMISO (EVPPER,EVPVIA,EVPFLAGS,EVPVAL,EVPMTAS,EVPFECINI,EVPFECFIN,EVPFORMULARIO,EVPESCCOS,EVPFGR,EVPVERRES,CODIGO_SIA,IGUALDAD,EVPDGPTJ,EVPETIQUETAFAM,EVPPROMOTOR,EVPTRANSFRONTERIZO,EVPFAMILIAR,EVPNACIONALIDAD,EVPNIVELESTUDIOS,EVPCENTROESTUDIOS,EVPAMBITO,EVPVISADODESCESP,EVPRECUPERALD,EVPIGUALDAD,EVPTIPOTITULAR,EVPRESSINPAGTASR,EVPNSOPORTEUE,EVPCNED,EVPADJDOCRESUELTO,EVPPERMANENTE,EVPNUMPLAZO,EVPTIPPLAZO,EVPTIPESTIMACION,EVPLEYENDA,EVPINITASAS) values ('TSH','VI7','S12LNASSNNNNNNCDNNSNN O S              A','S','E4I002',to_date('20/05/25','DD/MM/RR'),null,'EX10','S',to_date('11/04/25','DD/MM/RR'),'S','201321','N','S','F','N','N','N',null,'N','N',null,'N','N','N','G','E','N','N','N','S','3','M','D','N','S');
Insert into VIA_PERMISO (EVPPER,EVPVIA,EVPFLAGS,EVPVAL,EVPMTAS,EVPFECINI,EVPFECFIN,EVPFORMULARIO,EVPESCCOS,EVPFGR,EVPVERRES,CODIGO_SIA,IGUALDAD,EVPDGPTJ,EVPETIQUETAFAM,EVPPROMOTOR,EVPTRANSFRONTERIZO,EVPFAMILIAR,EVPNACIONALIDAD,EVPNIVELESTUDIOS,EVPCENTROESTUDIOS,EVPAMBITO,EVPVISADODESCESP,EVPRECUPERALD,EVPIGUALDAD,EVPTIPOTITULAR,EVPRESSINPAGTASR,EVPNSOPORTEUE,EVPCNED,EVPADJDOCRESUELTO,EVPPERMANENTE,EVPNUMPLAZO,EVPTIPPLAZO,EVPTIPESTIMACION,EVPLEYENDA,EVPINITASAS) values ('TSH','FA5','S12LNASSNNNNNNCDNNSNN O S              A','S','E4I003',to_date('20/05/25','DD/MM/RR'),null,'EX10','S',to_date('11/04/25','DD/MM/RR'),'S','201321','N','S','F','N','N','N',null,'N','N',null,'N','N','N','G','E','N','N','N','S','3','M','D','N','S');
Insert into VIA_PERMISO (EVPPER,EVPVIA,EVPFLAGS,EVPVAL,EVPMTAS,EVPFECINI,EVPFECFIN,EVPFORMULARIO,EVPESCCOS,EVPFGR,EVPVERRES,CODIGO_SIA,IGUALDAD,EVPDGPTJ,EVPETIQUETAFAM,EVPPROMOTOR,EVPTRANSFRONTERIZO,EVPFAMILIAR,EVPNACIONALIDAD,EVPNIVELESTUDIOS,EVPCENTROESTUDIOS,EVPAMBITO,EVPVISADODESCESP,EVPRECUPERALD,EVPIGUALDAD,EVPTIPOTITULAR,EVPRESSINPAGTASR,EVPNSOPORTEUE,EVPCNED,EVPADJDOCRESUELTO,EVPPERMANENTE,EVPNUMPLAZO,EVPTIPPLAZO,EVPTIPESTIMACION,EVPLEYENDA,EVPINITASAS) values ('TSH','FA6','S12LNASSNNNNNNCDNNSNN O S              A','S','E4I004',to_date('20/05/25','DD/MM/RR'),null,'EX10','S',to_date('11/04/25','DD/MM/RR'),'S','201321','N','S','F','N','N','N',null,'N','N',null,'N','N','N','G','E','N','N','N','S','3','M','D','N','S');
Insert into VIA_PERMISO (EVPPER,EVPVIA,EVPFLAGS,EVPVAL,EVPMTAS,EVPFECINI,EVPFECFIN,EVPFORMULARIO,EVPESCCOS,EVPFGR,EVPVERRES,CODIGO_SIA,IGUALDAD,EVPDGPTJ,EVPETIQUETAFAM,EVPPROMOTOR,EVPTRANSFRONTERIZO,EVPFAMILIAR,EVPNACIONALIDAD,EVPNIVELESTUDIOS,EVPCENTROESTUDIOS,EVPAMBITO,EVPVISADODESCESP,EVPRECUPERALD,EVPIGUALDAD,EVPTIPOTITULAR,EVPRESSINPAGTASR,EVPNSOPORTEUE,EVPCNED,EVPADJDOCRESUELTO,EVPPERMANENTE,EVPNUMPLAZO,EVPTIPPLAZO,EVPTIPESTIMACION,EVPLEYENDA,EVPINITASAS) values ('TSH','FA7','S12LNASSNNNNNNCDNNSNN O S              A','S','E4I005',to_date('20/05/25','DD/MM/RR'),null,'EX10','S',to_date('11/04/25','DD/MM/RR'),'S','201321','N','S','F','N','N','N',null,'N','N',null,'N','N','N','G','E','N','N','N','S','3','M','D','N','S');
Insert into VIA_PERMISO (EVPPER,EVPVIA,EVPFLAGS,EVPVAL,EVPMTAS,EVPFECINI,EVPFECFIN,EVPFORMULARIO,EVPESCCOS,EVPFGR,EVPVERRES,CODIGO_SIA,IGUALDAD,EVPDGPTJ,EVPETIQUETAFAM,EVPPROMOTOR,EVPTRANSFRONTERIZO,EVPFAMILIAR,EVPNACIONALIDAD,EVPNIVELESTUDIOS,EVPCENTROESTUDIOS,EVPAMBITO,EVPVISADODESCESP,EVPRECUPERALD,EVPIGUALDAD,EVPTIPOTITULAR,EVPRESSINPAGTASR,EVPNSOPORTEUE,EVPCNED,EVPADJDOCRESUELTO,EVPPERMANENTE,EVPNUMPLAZO,EVPTIPPLAZO,EVPTIPESTIMACION,EVPLEYENDA,EVPINITASAS) values ('RHU','VD1','S12LNASSNNNNNNCDNNSNN O S              A','S','E0I007',to_date('20/05/25','DD/MM/RR'),null,'EX10','S',to_date('11/04/25','DD/MM/RR'),'S','201321','N','S','F','N','N','N',null,'N','N',null,'N','N','N','G','E','N','N','N','S','3','M','D','N','S');
Insert into VIA_PERMISO (EVPPER,EVPVIA,EVPFLAGS,EVPVAL,EVPMTAS,EVPFECINI,EVPFECFIN,EVPFORMULARIO,EVPESCCOS,EVPFGR,EVPVERRES,CODIGO_SIA,IGUALDAD,EVPDGPTJ,EVPETIQUETAFAM,EVPPROMOTOR,EVPTRANSFRONTERIZO,EVPFAMILIAR,EVPNACIONALIDAD,EVPNIVELESTUDIOS,EVPCENTROESTUDIOS,EVPAMBITO,EVPVISADODESCESP,EVPRECUPERALD,EVPIGUALDAD,EVPTIPOTITULAR,EVPRESSINPAGTASR,EVPNSOPORTEUE,EVPCNED,EVPADJDOCRESUELTO,EVPPERMANENTE,EVPNUMPLAZO,EVPTIPPLAZO,EVPTIPESTIMACION,EVPLEYENDA,EVPINITASAS) values ('RHU','VD2','S12LNASSNNNNNNCDNNSNN O S              A','S','E0P006',to_date('20/05/25','DD/MM/RR'),null,'EX10','S',to_date('11/04/25','DD/MM/RR'),'S','201321','N','S','F','N','N','N',null,'N','N',null,'N','N','N','G','E','N','N','N','S','3','M','D','N','S');
Insert into VIA_PERMISO (EVPPER,EVPVIA,EVPFLAGS,EVPVAL,EVPMTAS,EVPFECINI,EVPFECFIN,EVPFORMULARIO,EVPESCCOS,EVPFGR,EVPVERRES,CODIGO_SIA,IGUALDAD,EVPDGPTJ,EVPETIQUETAFAM,EVPPROMOTOR,EVPTRANSFRONTERIZO,EVPFAMILIAR,EVPNACIONALIDAD,EVPNIVELESTUDIOS,EVPCENTROESTUDIOS,EVPAMBITO,EVPVISADODESCESP,EVPRECUPERALD,EVPIGUALDAD,EVPTIPOTITULAR,EVPRESSINPAGTASR,EVPNSOPORTEUE,EVPCNED,EVPADJDOCRESUELTO,EVPPERMANENTE,EVPNUMPLAZO,EVPTIPPLAZO,EVPTIPESTIMACION,EVPLEYENDA,EVPINITASAS) values ('RHU','ES3','S12LNASSNNNNNNCDNNSNN O S              A','S','E0I008',to_date('20/05/25','DD/MM/RR'),null,'EX10','S',to_date('11/04/25','DD/MM/RR'),'S','201321','N','S','F','N','N','N',null,'N','N',null,'N','N','N','G','E','N','N','N','S','3','M','D','N','S');
Insert into VIA_PERMISO (EVPPER,EVPVIA,EVPFLAGS,EVPVAL,EVPMTAS,EVPFECINI,EVPFECFIN,EVPFORMULARIO,EVPESCCOS,EVPFGR,EVPVERRES,CODIGO_SIA,IGUALDAD,EVPDGPTJ,EVPETIQUETAFAM,EVPPROMOTOR,EVPTRANSFRONTERIZO,EVPFAMILIAR,EVPNACIONALIDAD,EVPNIVELESTUDIOS,EVPCENTROESTUDIOS,EVPAMBITO,EVPVISADODESCESP,EVPRECUPERALD,EVPIGUALDAD,EVPTIPOTITULAR,EVPRESSINPAGTASR,EVPNSOPORTEUE,EVPCNED,EVPADJDOCRESUELTO,EVPPERMANENTE,EVPNUMPLAZO,EVPTIPPLAZO,EVPTIPESTIMACION,EVPLEYENDA,EVPINITASAS) values ('RHU','ES4','S12LNASSNNNNNNCDNNSNN O S              A','S','E0P007',to_date('20/05/25','DD/MM/RR'),null,'EX10','S',to_date('11/04/25','DD/MM/RR'),'S','201321','N','S','F','N','N','N',null,'N','N',null,'N','N','N','G','E','N','N','N','S','3','M','D','N','S');
Insert into VIA_PERMISO (EVPPER,EVPVIA,EVPFLAGS,EVPVAL,EVPMTAS,EVPFECINI,EVPFECFIN,EVPFORMULARIO,EVPESCCOS,EVPFGR,EVPVERRES,CODIGO_SIA,IGUALDAD,EVPDGPTJ,EVPETIQUETAFAM,EVPPROMOTOR,EVPTRANSFRONTERIZO,EVPFAMILIAR,EVPNACIONALIDAD,EVPNIVELESTUDIOS,EVPCENTROESTUDIOS,EVPAMBITO,EVPVISADODESCESP,EVPRECUPERALD,EVPIGUALDAD,EVPTIPOTITULAR,EVPRESSINPAGTASR,EVPNSOPORTEUE,EVPCNED,EVPADJDOCRESUELTO,EVPPERMANENTE,EVPNUMPLAZO,EVPTIPPLAZO,EVPTIPESTIMACION,EVPLEYENDA,EVPINITASAS) values ('RHU','PS1','S12LNASSNNNNNNCDNNSNN O S              A','S','E0I009',to_date('20/05/25','DD/MM/RR'),null,'EX10','S',to_date('11/04/25','DD/MM/RR'),'S','201321','N','S','F','N','N','N',null,'N','N',null,'N','N','N','G','E','N','N','N','S','3','M','D','N','S');
Insert into VIA_PERMISO (EVPPER,EVPVIA,EVPFLAGS,EVPVAL,EVPMTAS,EVPFECINI,EVPFECFIN,EVPFORMULARIO,EVPESCCOS,EVPFGR,EVPVERRES,CODIGO_SIA,IGUALDAD,EVPDGPTJ,EVPETIQUETAFAM,EVPPROMOTOR,EVPTRANSFRONTERIZO,EVPFAMILIAR,EVPNACIONALIDAD,EVPNIVELESTUDIOS,EVPCENTROESTUDIOS,EVPAMBITO,EVPVISADODESCESP,EVPRECUPERALD,EVPIGUALDAD,EVPTIPOTITULAR,EVPRESSINPAGTASR,EVPNSOPORTEUE,EVPCNED,EVPADJDOCRESUELTO,EVPPERMANENTE,EVPNUMPLAZO,EVPTIPPLAZO,EVPTIPESTIMACION,EVPLEYENDA,EVPINITASAS) values ('RHU','PS2','S12LNASSNNNNNNCDNNSNN O S              A','S','E0P008',to_date('20/05/25','DD/MM/RR'),null,'EX10','S',to_date('11/04/25','DD/MM/RR'),'S','201321','N','S','F','N','N','N',null,'N','N',null,'N','N','N','G','E','N','N','N','S','3','M','D','N','S');
Insert into VIA_PERMISO (EVPPER,EVPVIA,EVPFLAGS,EVPVAL,EVPMTAS,EVPFECINI,EVPFECFIN,EVPFORMULARIO,EVPESCCOS,EVPFGR,EVPVERRES,CODIGO_SIA,IGUALDAD,EVPDGPTJ,EVPETIQUETAFAM,EVPPROMOTOR,EVPTRANSFRONTERIZO,EVPFAMILIAR,EVPNACIONALIDAD,EVPNIVELESTUDIOS,EVPCENTROESTUDIOS,EVPAMBITO,EVPVISADODESCESP,EVPRECUPERALD,EVPIGUALDAD,EVPTIPOTITULAR,EVPRESSINPAGTASR,EVPNSOPORTEUE,EVPCNED,EVPADJDOCRESUELTO,EVPPERMANENTE,EVPNUMPLAZO,EVPTIPPLAZO,EVPTIPESTIMACION,EVPLEYENDA,EVPINITASAS) values ('PRR','RE5','S12LNASSNNNNNNCDNNSNN O S              A','S','E9I001',to_date('20/05/25','DD/MM/RR'),null,'EX10','S',to_date('11/04/25','DD/MM/RR'),'S','201321','N','S','F','N','N','N',null,'N','N',null,'N','N','N','G','E','N','N','N','S','5','D','E','N','S');
Insert into VIA_PERMISO (EVPPER,EVPVIA,EVPFLAGS,EVPVAL,EVPMTAS,EVPFECINI,EVPFECFIN,EVPFORMULARIO,EVPESCCOS,EVPFGR,EVPVERRES,CODIGO_SIA,IGUALDAD,EVPDGPTJ,EVPETIQUETAFAM,EVPPROMOTOR,EVPTRANSFRONTERIZO,EVPFAMILIAR,EVPNACIONALIDAD,EVPNIVELESTUDIOS,EVPCENTROESTUDIOS,EVPAMBITO,EVPVISADODESCESP,EVPRECUPERALD,EVPIGUALDAD,EVPTIPOTITULAR,EVPRESSINPAGTASR,EVPNSOPORTEUE,EVPCNED,EVPADJDOCRESUELTO,EVPPERMANENTE,EVPNUMPLAZO,EVPTIPPLAZO,EVPTIPESTIMACION,EVPLEYENDA,EVPINITASAS) values ('PRR','RE6','S12LNASSNNNNNNCDNNSNN O S              A','S','E9P001',to_date('20/05/25','DD/MM/RR'),null,'EX10','S',to_date('11/04/25','DD/MM/RR'),'S','201321','N','S','F','N','N','N',null,'N','N',null,'N','N','N','G','E','N','N','N','S','5','D','E','N','S');
Insert into VIA_PERMISO (EVPPER,EVPVIA,EVPFLAGS,EVPVAL,EVPMTAS,EVPFECINI,EVPFECFIN,EVPFORMULARIO,EVPESCCOS,EVPFGR,EVPVERRES,CODIGO_SIA,IGUALDAD,EVPDGPTJ,EVPETIQUETAFAM,EVPPROMOTOR,EVPTRANSFRONTERIZO,EVPFAMILIAR,EVPNACIONALIDAD,EVPNIVELESTUDIOS,EVPCENTROESTUDIOS,EVPAMBITO,EVPVISADODESCESP,EVPRECUPERALD,EVPIGUALDAD,EVPTIPOTITULAR,EVPRESSINPAGTASR,EVPNSOPORTEUE,EVPCNED,EVPADJDOCRESUELTO,EVPPERMANENTE,EVPNUMPLAZO,EVPTIPPLAZO,EVPTIPESTIMACION,EVPLEYENDA,EVPINITASAS) values ('EXE','ER2','S12LNASSNNNNNNCDNNSNN O S              A','S','E3I002',to_date('20/05/25','DD/MM/RR'),null,'EX10','S',to_date('11/04/25','DD/MM/RR'),'S','201321','N','S','F','N','N','N',null,'N','N',null,'N','N','N','G','E','N','N','N','S','3','M','D','N','S');
Insert into VIA_PERMISO (EVPPER,EVPVIA,EVPFLAGS,EVPVAL,EVPMTAS,EVPFECINI,EVPFECFIN,EVPFORMULARIO,EVPESCCOS,EVPFGR,EVPVERRES,CODIGO_SIA,IGUALDAD,EVPDGPTJ,EVPETIQUETAFAM,EVPPROMOTOR,EVPTRANSFRONTERIZO,EVPFAMILIAR,EVPNACIONALIDAD,EVPNIVELESTUDIOS,EVPCENTROESTUDIOS,EVPAMBITO,EVPVISADODESCESP,EVPRECUPERALD,EVPIGUALDAD,EVPTIPOTITULAR,EVPRESSINPAGTASR,EVPNSOPORTEUE,EVPCNED,EVPADJDOCRESUELTO,EVPPERMANENTE,EVPNUMPLAZO,EVPTIPPLAZO,EVPTIPESTIMACION,EVPLEYENDA,EVPINITASAS) values ('EXE','ER1','S12LNASSNNNNNNCDNNSNN O S              A','S','E3I003',to_date('20/05/25','DD/MM/RR'),null,'EX10','S',to_date('11/04/25','DD/MM/RR'),'S','201321','N','S','F','N','N','N',null,'N','N',null,'N','N','N','G','E','N','N','N','S','3','M','D','N','S');


-- CONFIGURACION_AUTORIZACIONES




Insert into CONFIGURACION_AUTORIZACIONES (ID_CFG_AUTORIZACIONES,TIPO_COMPETENCIA,COD_PERMISO,COD_VIA,ALTA_EXPEDIENTES,MOD_EXPEDIENTES,RES_EXPEDIENTE,RES_PROPUESTA_AGE,RES_PROPUESTA_CCAA,GEN_TASAS_TRABAJO,GEN_TASAS_RESIDENCIA,POR_DEFECTO) values (SQ_CONF_AUTORIZACIONES.NEXTVAL,'00002','ARR','SO1','S','S','S','N','N','S','S','N');
Insert into CONFIGURACION_AUTORIZACIONES (ID_CFG_AUTORIZACIONES,TIPO_COMPETENCIA,COD_PERMISO,COD_VIA,ALTA_EXPEDIENTES,MOD_EXPEDIENTES,RES_EXPEDIENTE,RES_PROPUESTA_AGE,RES_PROPUESTA_CCAA,GEN_TASAS_TRABAJO,GEN_TASAS_RESIDENCIA,POR_DEFECTO) values (SQ_CONF_AUTORIZACIONES.NEXTVAL,'00002','ARR','SO2','S','S','S','N','N','S','S','N');
Insert into CONFIGURACION_AUTORIZACIONES (ID_CFG_AUTORIZACIONES,TIPO_COMPETENCIA,COD_PERMISO,COD_VIA,ALTA_EXPEDIENTES,MOD_EXPEDIENTES,RES_EXPEDIENTE,RES_PROPUESTA_AGE,RES_PROPUESTA_CCAA,GEN_TASAS_TRABAJO,GEN_TASAS_RESIDENCIA,POR_DEFECTO) values (SQ_CONF_AUTORIZACIONES.NEXTVAL,'00002','ARR','SL1','S','S','S','N','N','S','S','N');
Insert into CONFIGURACION_AUTORIZACIONES (ID_CFG_AUTORIZACIONES,TIPO_COMPETENCIA,COD_PERMISO,COD_VIA,ALTA_EXPEDIENTES,MOD_EXPEDIENTES,RES_EXPEDIENTE,RES_PROPUESTA_AGE,RES_PROPUESTA_CCAA,GEN_TASAS_TRABAJO,GEN_TASAS_RESIDENCIA,POR_DEFECTO) values (SQ_CONF_AUTORIZACIONES.NEXTVAL,'00002','ARR','SL2','S','S','S','N','N','S','S','N');
Insert into CONFIGURACION_AUTORIZACIONES (ID_CFG_AUTORIZACIONES,TIPO_COMPETENCIA,COD_PERMISO,COD_VIA,ALTA_EXPEDIENTES,MOD_EXPEDIENTES,RES_EXPEDIENTE,RES_PROPUESTA_AGE,RES_PROPUESTA_CCAA,GEN_TASAS_TRABAJO,GEN_TASAS_RESIDENCIA,POR_DEFECTO) values (SQ_CONF_AUTORIZACIONES.NEXTVAL,'00002','ARR','SC1','S','S','S','N','N','S','S','N');
Insert into CONFIGURACION_AUTORIZACIONES (ID_CFG_AUTORIZACIONES,TIPO_COMPETENCIA,COD_PERMISO,COD_VIA,ALTA_EXPEDIENTES,MOD_EXPEDIENTES,RES_EXPEDIENTE,RES_PROPUESTA_AGE,RES_PROPUESTA_CCAA,GEN_TASAS_TRABAJO,GEN_TASAS_RESIDENCIA,POR_DEFECTO) values (SQ_CONF_AUTORIZACIONES.NEXTVAL,'00002','ARR','SC2','S','S','S','N','N','S','S','N');
Insert into CONFIGURACION_AUTORIZACIONES (ID_CFG_AUTORIZACIONES,TIPO_COMPETENCIA,COD_PERMISO,COD_VIA,ALTA_EXPEDIENTES,MOD_EXPEDIENTES,RES_EXPEDIENTE,RES_PROPUESTA_AGE,RES_PROPUESTA_CCAA,GEN_TASAS_TRABAJO,GEN_TASAS_RESIDENCIA,POR_DEFECTO) values (SQ_CONF_AUTORIZACIONES.NEXTVAL,'00002','ARR','SF1','S','S','S','N','N','S','S','N');
Insert into CONFIGURACION_AUTORIZACIONES (ID_CFG_AUTORIZACIONES,TIPO_COMPETENCIA,COD_PERMISO,COD_VIA,ALTA_EXPEDIENTES,MOD_EXPEDIENTES,RES_EXPEDIENTE,RES_PROPUESTA_AGE,RES_PROPUESTA_CCAA,GEN_TASAS_TRABAJO,GEN_TASAS_RESIDENCIA,POR_DEFECTO) values (SQ_CONF_AUTORIZACIONES.NEXTVAL,'00002','ARR','SF2','S','S','S','N','N','S','S','N');
Insert into CONFIGURACION_AUTORIZACIONES (ID_CFG_AUTORIZACIONES,TIPO_COMPETENCIA,COD_PERMISO,COD_VIA,ALTA_EXPEDIENTES,MOD_EXPEDIENTES,RES_EXPEDIENTE,RES_PROPUESTA_AGE,RES_PROPUESTA_CCAA,GEN_TASAS_TRABAJO,GEN_TASAS_RESIDENCIA,POR_DEFECTO) values (SQ_CONF_AUTORIZACIONES.NEXTVAL,'00002','ARR','ARF','S','S','S','N','N','S','S','N');
Insert into CONFIGURACION_AUTORIZACIONES (ID_CFG_AUTORIZACIONES,TIPO_COMPETENCIA,COD_PERMISO,COD_VIA,ALTA_EXPEDIENTES,MOD_EXPEDIENTES,RES_EXPEDIENTE,RES_PROPUESTA_AGE,RES_PROPUESTA_CCAA,GEN_TASAS_TRABAJO,GEN_TASAS_RESIDENCIA,POR_DEFECTO) values (SQ_CONF_AUTORIZACIONES.NEXTVAL,'00002','COL','CAL','S','S','S','N','N','S','S','N');
Insert into CONFIGURACION_AUTORIZACIONES (ID_CFG_AUTORIZACIONES,TIPO_COMPETENCIA,COD_PERMISO,COD_VIA,ALTA_EXPEDIENTES,MOD_EXPEDIENTES,RES_EXPEDIENTE,RES_PROPUESTA_AGE,RES_PROPUESTA_CCAA,GEN_TASAS_TRABAJO,GEN_TASAS_RESIDENCIA,POR_DEFECTO) values (SQ_CONF_AUTORIZACIONES.NEXTVAL,'00002','COL','CAP','S','S','S','N','N','S','S','N');
Insert into CONFIGURACION_AUTORIZACIONES (ID_CFG_AUTORIZACIONES,TIPO_COMPETENCIA,COD_PERMISO,COD_VIA,ALTA_EXPEDIENTES,MOD_EXPEDIENTES,RES_EXPEDIENTE,RES_PROPUESTA_AGE,RES_PROPUESTA_CCAA,GEN_TASAS_TRABAJO,GEN_TASAS_RESIDENCIA,POR_DEFECTO) values (SQ_CONF_AUTORIZACIONES.NEXTVAL,'00002','VGN','VI1','S','S','S','N','N','S','S','N');
Insert into CONFIGURACION_AUTORIZACIONES (ID_CFG_AUTORIZACIONES,TIPO_COMPETENCIA,COD_PERMISO,COD_VIA,ALTA_EXPEDIENTES,MOD_EXPEDIENTES,RES_EXPEDIENTE,RES_PROPUESTA_AGE,RES_PROPUESTA_CCAA,GEN_TASAS_TRABAJO,GEN_TASAS_RESIDENCIA,POR_DEFECTO) values (SQ_CONF_AUTORIZACIONES.NEXTVAL,'00002','VGN','VI2','S','S','S','N','N','S','S','N');
Insert into CONFIGURACION_AUTORIZACIONES (ID_CFG_AUTORIZACIONES,TIPO_COMPETENCIA,COD_PERMISO,COD_VIA,ALTA_EXPEDIENTES,MOD_EXPEDIENTES,RES_EXPEDIENTE,RES_PROPUESTA_AGE,RES_PROPUESTA_CCAA,GEN_TASAS_TRABAJO,GEN_TASAS_RESIDENCIA,POR_DEFECTO) values (SQ_CONF_AUTORIZACIONES.NEXTVAL,'00002','VGN','HV1','S','S','S','N','N','S','S','N');
Insert into CONFIGURACION_AUTORIZACIONES (ID_CFG_AUTORIZACIONES,TIPO_COMPETENCIA,COD_PERMISO,COD_VIA,ALTA_EXPEDIENTES,MOD_EXPEDIENTES,RES_EXPEDIENTE,RES_PROPUESTA_AGE,RES_PROPUESTA_CCAA,GEN_TASAS_TRABAJO,GEN_TASAS_RESIDENCIA,POR_DEFECTO) values (SQ_CONF_AUTORIZACIONES.NEXTVAL,'00002','VGN','HV2','S','S','S','N','N','S','S','N');
Insert into CONFIGURACION_AUTORIZACIONES (ID_CFG_AUTORIZACIONES,TIPO_COMPETENCIA,COD_PERMISO,COD_VIA,ALTA_EXPEDIENTES,MOD_EXPEDIENTES,RES_EXPEDIENTE,RES_PROPUESTA_AGE,RES_PROPUESTA_CCAA,GEN_TASAS_TRABAJO,GEN_TASAS_RESIDENCIA,POR_DEFECTO) values (SQ_CONF_AUTORIZACIONES.NEXTVAL,'00002','VSX','VI3','S','S','S','N','N','S','S','N');
Insert into CONFIGURACION_AUTORIZACIONES (ID_CFG_AUTORIZACIONES,TIPO_COMPETENCIA,COD_PERMISO,COD_VIA,ALTA_EXPEDIENTES,MOD_EXPEDIENTES,RES_EXPEDIENTE,RES_PROPUESTA_AGE,RES_PROPUESTA_CCAA,GEN_TASAS_TRABAJO,GEN_TASAS_RESIDENCIA,POR_DEFECTO) values (SQ_CONF_AUTORIZACIONES.NEXTVAL,'00002','VSX','VI4','S','S','S','N','N','S','S','N');
Insert into CONFIGURACION_AUTORIZACIONES (ID_CFG_AUTORIZACIONES,TIPO_COMPETENCIA,COD_PERMISO,COD_VIA,ALTA_EXPEDIENTES,MOD_EXPEDIENTES,RES_EXPEDIENTE,RES_PROPUESTA_AGE,RES_PROPUESTA_CCAA,GEN_TASAS_TRABAJO,GEN_TASAS_RESIDENCIA,POR_DEFECTO) values (SQ_CONF_AUTORIZACIONES.NEXTVAL,'00002','VSX','FA3','S','S','S','N','N','S','S','N');
Insert into CONFIGURACION_AUTORIZACIONES (ID_CFG_AUTORIZACIONES,TIPO_COMPETENCIA,COD_PERMISO,COD_VIA,ALTA_EXPEDIENTES,MOD_EXPEDIENTES,RES_EXPEDIENTE,RES_PROPUESTA_AGE,RES_PROPUESTA_CCAA,GEN_TASAS_TRABAJO,GEN_TASAS_RESIDENCIA,POR_DEFECTO) values (SQ_CONF_AUTORIZACIONES.NEXTVAL,'00002','VSX','FA4','S','S','S','N','N','S','S','N');
Insert into CONFIGURACION_AUTORIZACIONES (ID_CFG_AUTORIZACIONES,TIPO_COMPETENCIA,COD_PERMISO,COD_VIA,ALTA_EXPEDIENTES,MOD_EXPEDIENTES,RES_EXPEDIENTE,RES_PROPUESTA_AGE,RES_PROPUESTA_CCAA,GEN_TASAS_TRABAJO,GEN_TASAS_RESIDENCIA,POR_DEFECTO) values (SQ_CONF_AUTORIZACIONES.NEXTVAL,'00002','VSX','AR1','S','S','S','N','N','S','S','N');
Insert into CONFIGURACION_AUTORIZACIONES (ID_CFG_AUTORIZACIONES,TIPO_COMPETENCIA,COD_PERMISO,COD_VIA,ALTA_EXPEDIENTES,MOD_EXPEDIENTES,RES_EXPEDIENTE,RES_PROPUESTA_AGE,RES_PROPUESTA_CCAA,GEN_TASAS_TRABAJO,GEN_TASAS_RESIDENCIA,POR_DEFECTO) values (SQ_CONF_AUTORIZACIONES.NEXTVAL,'00002','VSX','AR2','S','S','S','N','N','S','S','N');
Insert into CONFIGURACION_AUTORIZACIONES (ID_CFG_AUTORIZACIONES,TIPO_COMPETENCIA,COD_PERMISO,COD_VIA,ALTA_EXPEDIENTES,MOD_EXPEDIENTES,RES_EXPEDIENTE,RES_PROPUESTA_AGE,RES_PROPUESTA_CCAA,GEN_TASAS_TRABAJO,GEN_TASAS_RESIDENCIA,POR_DEFECTO) values (SQ_CONF_AUTORIZACIONES.NEXTVAL,'00002','TSH','VI7','S','S','S','N','N','S','S','N');
Insert into CONFIGURACION_AUTORIZACIONES (ID_CFG_AUTORIZACIONES,TIPO_COMPETENCIA,COD_PERMISO,COD_VIA,ALTA_EXPEDIENTES,MOD_EXPEDIENTES,RES_EXPEDIENTE,RES_PROPUESTA_AGE,RES_PROPUESTA_CCAA,GEN_TASAS_TRABAJO,GEN_TASAS_RESIDENCIA,POR_DEFECTO) values (SQ_CONF_AUTORIZACIONES.NEXTVAL,'00002','TSH','FA7','S','S','S','N','N','S','S','N');
Insert into CONFIGURACION_AUTORIZACIONES (ID_CFG_AUTORIZACIONES,TIPO_COMPETENCIA,COD_PERMISO,COD_VIA,ALTA_EXPEDIENTES,MOD_EXPEDIENTES,RES_EXPEDIENTE,RES_PROPUESTA_AGE,RES_PROPUESTA_CCAA,GEN_TASAS_TRABAJO,GEN_TASAS_RESIDENCIA,POR_DEFECTO) values (SQ_CONF_AUTORIZACIONES.NEXTVAL,'00002','RHU','VD1','S','S','S','N','N','S','S','N');
Insert into CONFIGURACION_AUTORIZACIONES (ID_CFG_AUTORIZACIONES,TIPO_COMPETENCIA,COD_PERMISO,COD_VIA,ALTA_EXPEDIENTES,MOD_EXPEDIENTES,RES_EXPEDIENTE,RES_PROPUESTA_AGE,RES_PROPUESTA_CCAA,GEN_TASAS_TRABAJO,GEN_TASAS_RESIDENCIA,POR_DEFECTO) values (SQ_CONF_AUTORIZACIONES.NEXTVAL,'00002','RHU','VD2','S','S','S','N','N','S','S','N');
Insert into CONFIGURACION_AUTORIZACIONES (ID_CFG_AUTORIZACIONES,TIPO_COMPETENCIA,COD_PERMISO,COD_VIA,ALTA_EXPEDIENTES,MOD_EXPEDIENTES,RES_EXPEDIENTE,RES_PROPUESTA_AGE,RES_PROPUESTA_CCAA,GEN_TASAS_TRABAJO,GEN_TASAS_RESIDENCIA,POR_DEFECTO) values (SQ_CONF_AUTORIZACIONES.NEXTVAL,'00002','RHU','ES3','S','S','S','N','N','S','S','N');
Insert into CONFIGURACION_AUTORIZACIONES (ID_CFG_AUTORIZACIONES,TIPO_COMPETENCIA,COD_PERMISO,COD_VIA,ALTA_EXPEDIENTES,MOD_EXPEDIENTES,RES_EXPEDIENTE,RES_PROPUESTA_AGE,RES_PROPUESTA_CCAA,GEN_TASAS_TRABAJO,GEN_TASAS_RESIDENCIA,POR_DEFECTO) values (SQ_CONF_AUTORIZACIONES.NEXTVAL,'00002','RHU','ES4','S','S','S','N','N','S','S','N');
Insert into CONFIGURACION_AUTORIZACIONES (ID_CFG_AUTORIZACIONES,TIPO_COMPETENCIA,COD_PERMISO,COD_VIA,ALTA_EXPEDIENTES,MOD_EXPEDIENTES,RES_EXPEDIENTE,RES_PROPUESTA_AGE,RES_PROPUESTA_CCAA,GEN_TASAS_TRABAJO,GEN_TASAS_RESIDENCIA,POR_DEFECTO) values (SQ_CONF_AUTORIZACIONES.NEXTVAL,'00002','RHU','PS1','S','S','S','N','N','S','S','N');
Insert into CONFIGURACION_AUTORIZACIONES (ID_CFG_AUTORIZACIONES,TIPO_COMPETENCIA,COD_PERMISO,COD_VIA,ALTA_EXPEDIENTES,MOD_EXPEDIENTES,RES_EXPEDIENTE,RES_PROPUESTA_AGE,RES_PROPUESTA_CCAA,GEN_TASAS_TRABAJO,GEN_TASAS_RESIDENCIA,POR_DEFECTO) values (SQ_CONF_AUTORIZACIONES.NEXTVAL,'00002','RHU','PS2','S','S','S','N','N','S','S','N');
Insert into CONFIGURACION_AUTORIZACIONES (ID_CFG_AUTORIZACIONES,TIPO_COMPETENCIA,COD_PERMISO,COD_VIA,ALTA_EXPEDIENTES,MOD_EXPEDIENTES,RES_EXPEDIENTE,RES_PROPUESTA_AGE,RES_PROPUESTA_CCAA,GEN_TASAS_TRABAJO,GEN_TASAS_RESIDENCIA,POR_DEFECTO) values (SQ_CONF_AUTORIZACIONES.NEXTVAL,'00002','PRR','RE5','S','S','S','N','N','S','S','N');
Insert into CONFIGURACION_AUTORIZACIONES (ID_CFG_AUTORIZACIONES,TIPO_COMPETENCIA,COD_PERMISO,COD_VIA,ALTA_EXPEDIENTES,MOD_EXPEDIENTES,RES_EXPEDIENTE,RES_PROPUESTA_AGE,RES_PROPUESTA_CCAA,GEN_TASAS_TRABAJO,GEN_TASAS_RESIDENCIA,POR_DEFECTO) values (SQ_CONF_AUTORIZACIONES.NEXTVAL,'00002','PRR','RE6','S','S','S','N','N','S','S','N');
Insert into CONFIGURACION_AUTORIZACIONES (ID_CFG_AUTORIZACIONES,TIPO_COMPETENCIA,COD_PERMISO,COD_VIA,ALTA_EXPEDIENTES,MOD_EXPEDIENTES,RES_EXPEDIENTE,RES_PROPUESTA_AGE,RES_PROPUESTA_CCAA,GEN_TASAS_TRABAJO,GEN_TASAS_RESIDENCIA,POR_DEFECTO) values (SQ_CONF_AUTORIZACIONES.NEXTVAL,'00002','EXE','ER2','S','S','S','N','N','S','S','N');
Insert into CONFIGURACION_AUTORIZACIONES (ID_CFG_AUTORIZACIONES,TIPO_COMPETENCIA,COD_PERMISO,COD_VIA,ALTA_EXPEDIENTES,MOD_EXPEDIENTES,RES_EXPEDIENTE,RES_PROPUESTA_AGE,RES_PROPUESTA_CCAA,GEN_TASAS_TRABAJO,GEN_TASAS_RESIDENCIA,POR_DEFECTO) values (SQ_CONF_AUTORIZACIONES.NEXTVAL,'00002','EXE','ER1','S','S','S','N','N','S','S','N');
Insert into CONFIGURACION_AUTORIZACIONES (ID_CFG_AUTORIZACIONES,TIPO_COMPETENCIA,COD_PERMISO,COD_VIA,ALTA_EXPEDIENTES,MOD_EXPEDIENTES,RES_EXPEDIENTE,RES_PROPUESTA_AGE,RES_PROPUESTA_CCAA,GEN_TASAS_TRABAJO,GEN_TASAS_RESIDENCIA,POR_DEFECTO) values (SQ_CONF_AUTORIZACIONES.NEXTVAL,'00003','ARR','SO1','S','S','S','N','N','S','S','N');
Insert into CONFIGURACION_AUTORIZACIONES (ID_CFG_AUTORIZACIONES,TIPO_COMPETENCIA,COD_PERMISO,COD_VIA,ALTA_EXPEDIENTES,MOD_EXPEDIENTES,RES_EXPEDIENTE,RES_PROPUESTA_AGE,RES_PROPUESTA_CCAA,GEN_TASAS_TRABAJO,GEN_TASAS_RESIDENCIA,POR_DEFECTO) values (SQ_CONF_AUTORIZACIONES.NEXTVAL,'00003','ARR','SO2','S','S','S','N','N','S','S','N');
Insert into CONFIGURACION_AUTORIZACIONES (ID_CFG_AUTORIZACIONES,TIPO_COMPETENCIA,COD_PERMISO,COD_VIA,ALTA_EXPEDIENTES,MOD_EXPEDIENTES,RES_EXPEDIENTE,RES_PROPUESTA_AGE,RES_PROPUESTA_CCAA,GEN_TASAS_TRABAJO,GEN_TASAS_RESIDENCIA,POR_DEFECTO) values (SQ_CONF_AUTORIZACIONES.NEXTVAL,'00003','ARR','SL1','S','S','S','N','N','S','S','N');
Insert into CONFIGURACION_AUTORIZACIONES (ID_CFG_AUTORIZACIONES,TIPO_COMPETENCIA,COD_PERMISO,COD_VIA,ALTA_EXPEDIENTES,MOD_EXPEDIENTES,RES_EXPEDIENTE,RES_PROPUESTA_AGE,RES_PROPUESTA_CCAA,GEN_TASAS_TRABAJO,GEN_TASAS_RESIDENCIA,POR_DEFECTO) values (SQ_CONF_AUTORIZACIONES.NEXTVAL,'00003','ARR','SL2','S','S','S','N','N','S','S','N');
Insert into CONFIGURACION_AUTORIZACIONES (ID_CFG_AUTORIZACIONES,TIPO_COMPETENCIA,COD_PERMISO,COD_VIA,ALTA_EXPEDIENTES,MOD_EXPEDIENTES,RES_EXPEDIENTE,RES_PROPUESTA_AGE,RES_PROPUESTA_CCAA,GEN_TASAS_TRABAJO,GEN_TASAS_RESIDENCIA,POR_DEFECTO) values (SQ_CONF_AUTORIZACIONES.NEXTVAL,'00003','ARR','SC1','S','S','S','N','N','S','S','N');
Insert into CONFIGURACION_AUTORIZACIONES (ID_CFG_AUTORIZACIONES,TIPO_COMPETENCIA,COD_PERMISO,COD_VIA,ALTA_EXPEDIENTES,MOD_EXPEDIENTES,RES_EXPEDIENTE,RES_PROPUESTA_AGE,RES_PROPUESTA_CCAA,GEN_TASAS_TRABAJO,GEN_TASAS_RESIDENCIA,POR_DEFECTO) values (SQ_CONF_AUTORIZACIONES.NEXTVAL,'00003','ARR','SC2','S','S','S','N','N','S','S','N');
Insert into CONFIGURACION_AUTORIZACIONES (ID_CFG_AUTORIZACIONES,TIPO_COMPETENCIA,COD_PERMISO,COD_VIA,ALTA_EXPEDIENTES,MOD_EXPEDIENTES,RES_EXPEDIENTE,RES_PROPUESTA_AGE,RES_PROPUESTA_CCAA,GEN_TASAS_TRABAJO,GEN_TASAS_RESIDENCIA,POR_DEFECTO) values (SQ_CONF_AUTORIZACIONES.NEXTVAL,'00003','ARR','SF1','S','S','S','N','N','S','S','N');
Insert into CONFIGURACION_AUTORIZACIONES (ID_CFG_AUTORIZACIONES,TIPO_COMPETENCIA,COD_PERMISO,COD_VIA,ALTA_EXPEDIENTES,MOD_EXPEDIENTES,RES_EXPEDIENTE,RES_PROPUESTA_AGE,RES_PROPUESTA_CCAA,GEN_TASAS_TRABAJO,GEN_TASAS_RESIDENCIA,POR_DEFECTO) values (SQ_CONF_AUTORIZACIONES.NEXTVAL,'00003','ARR','SF2','S','S','S','N','N','S','S','N');
Insert into CONFIGURACION_AUTORIZACIONES (ID_CFG_AUTORIZACIONES,TIPO_COMPETENCIA,COD_PERMISO,COD_VIA,ALTA_EXPEDIENTES,MOD_EXPEDIENTES,RES_EXPEDIENTE,RES_PROPUESTA_AGE,RES_PROPUESTA_CCAA,GEN_TASAS_TRABAJO,GEN_TASAS_RESIDENCIA,POR_DEFECTO) values (SQ_CONF_AUTORIZACIONES.NEXTVAL,'00003','ARR','ARF','S','S','S','N','N','S','S','N');
Insert into CONFIGURACION_AUTORIZACIONES (ID_CFG_AUTORIZACIONES,TIPO_COMPETENCIA,COD_PERMISO,COD_VIA,ALTA_EXPEDIENTES,MOD_EXPEDIENTES,RES_EXPEDIENTE,RES_PROPUESTA_AGE,RES_PROPUESTA_CCAA,GEN_TASAS_TRABAJO,GEN_TASAS_RESIDENCIA,POR_DEFECTO) values (SQ_CONF_AUTORIZACIONES.NEXTVAL,'00003','COL','CAL','S','S','S','N','N','S','S','N');
Insert into CONFIGURACION_AUTORIZACIONES (ID_CFG_AUTORIZACIONES,TIPO_COMPETENCIA,COD_PERMISO,COD_VIA,ALTA_EXPEDIENTES,MOD_EXPEDIENTES,RES_EXPEDIENTE,RES_PROPUESTA_AGE,RES_PROPUESTA_CCAA,GEN_TASAS_TRABAJO,GEN_TASAS_RESIDENCIA,POR_DEFECTO) values (SQ_CONF_AUTORIZACIONES.NEXTVAL,'00003','COL','CAP','S','S','S','N','N','S','S','N');
Insert into CONFIGURACION_AUTORIZACIONES (ID_CFG_AUTORIZACIONES,TIPO_COMPETENCIA,COD_PERMISO,COD_VIA,ALTA_EXPEDIENTES,MOD_EXPEDIENTES,RES_EXPEDIENTE,RES_PROPUESTA_AGE,RES_PROPUESTA_CCAA,GEN_TASAS_TRABAJO,GEN_TASAS_RESIDENCIA,POR_DEFECTO) values (SQ_CONF_AUTORIZACIONES.NEXTVAL,'00003','VGN','VI1','S','S','S','N','N','S','S','N');
Insert into CONFIGURACION_AUTORIZACIONES (ID_CFG_AUTORIZACIONES,TIPO_COMPETENCIA,COD_PERMISO,COD_VIA,ALTA_EXPEDIENTES,MOD_EXPEDIENTES,RES_EXPEDIENTE,RES_PROPUESTA_AGE,RES_PROPUESTA_CCAA,GEN_TASAS_TRABAJO,GEN_TASAS_RESIDENCIA,POR_DEFECTO) values (SQ_CONF_AUTORIZACIONES.NEXTVAL,'00003','VGN','VI2','S','S','S','N','N','S','S','N');
Insert into CONFIGURACION_AUTORIZACIONES (ID_CFG_AUTORIZACIONES,TIPO_COMPETENCIA,COD_PERMISO,COD_VIA,ALTA_EXPEDIENTES,MOD_EXPEDIENTES,RES_EXPEDIENTE,RES_PROPUESTA_AGE,RES_PROPUESTA_CCAA,GEN_TASAS_TRABAJO,GEN_TASAS_RESIDENCIA,POR_DEFECTO) values (SQ_CONF_AUTORIZACIONES.NEXTVAL,'00003','VGN','HV1','S','S','S','N','N','S','S','N');
Insert into CONFIGURACION_AUTORIZACIONES (ID_CFG_AUTORIZACIONES,TIPO_COMPETENCIA,COD_PERMISO,COD_VIA,ALTA_EXPEDIENTES,MOD_EXPEDIENTES,RES_EXPEDIENTE,RES_PROPUESTA_AGE,RES_PROPUESTA_CCAA,GEN_TASAS_TRABAJO,GEN_TASAS_RESIDENCIA,POR_DEFECTO) values (SQ_CONF_AUTORIZACIONES.NEXTVAL,'00003','VGN','HV2','S','S','S','N','N','S','S','N');
Insert into CONFIGURACION_AUTORIZACIONES (ID_CFG_AUTORIZACIONES,TIPO_COMPETENCIA,COD_PERMISO,COD_VIA,ALTA_EXPEDIENTES,MOD_EXPEDIENTES,RES_EXPEDIENTE,RES_PROPUESTA_AGE,RES_PROPUESTA_CCAA,GEN_TASAS_TRABAJO,GEN_TASAS_RESIDENCIA,POR_DEFECTO) values (SQ_CONF_AUTORIZACIONES.NEXTVAL,'00003','VSX','VI3','S','S','S','N','N','S','S','N');
Insert into CONFIGURACION_AUTORIZACIONES (ID_CFG_AUTORIZACIONES,TIPO_COMPETENCIA,COD_PERMISO,COD_VIA,ALTA_EXPEDIENTES,MOD_EXPEDIENTES,RES_EXPEDIENTE,RES_PROPUESTA_AGE,RES_PROPUESTA_CCAA,GEN_TASAS_TRABAJO,GEN_TASAS_RESIDENCIA,POR_DEFECTO) values (SQ_CONF_AUTORIZACIONES.NEXTVAL,'00003','VSX','VI4','S','S','S','N','N','S','S','N');
Insert into CONFIGURACION_AUTORIZACIONES (ID_CFG_AUTORIZACIONES,TIPO_COMPETENCIA,COD_PERMISO,COD_VIA,ALTA_EXPEDIENTES,MOD_EXPEDIENTES,RES_EXPEDIENTE,RES_PROPUESTA_AGE,RES_PROPUESTA_CCAA,GEN_TASAS_TRABAJO,GEN_TASAS_RESIDENCIA,POR_DEFECTO) values (SQ_CONF_AUTORIZACIONES.NEXTVAL,'00003','VSX','FA3','S','S','S','N','N','S','S','N');
Insert into CONFIGURACION_AUTORIZACIONES (ID_CFG_AUTORIZACIONES,TIPO_COMPETENCIA,COD_PERMISO,COD_VIA,ALTA_EXPEDIENTES,MOD_EXPEDIENTES,RES_EXPEDIENTE,RES_PROPUESTA_AGE,RES_PROPUESTA_CCAA,GEN_TASAS_TRABAJO,GEN_TASAS_RESIDENCIA,POR_DEFECTO) values (SQ_CONF_AUTORIZACIONES.NEXTVAL,'00003','VSX','FA4','S','S','S','N','N','S','S','N');
Insert into CONFIGURACION_AUTORIZACIONES (ID_CFG_AUTORIZACIONES,TIPO_COMPETENCIA,COD_PERMISO,COD_VIA,ALTA_EXPEDIENTES,MOD_EXPEDIENTES,RES_EXPEDIENTE,RES_PROPUESTA_AGE,RES_PROPUESTA_CCAA,GEN_TASAS_TRABAJO,GEN_TASAS_RESIDENCIA,POR_DEFECTO) values (SQ_CONF_AUTORIZACIONES.NEXTVAL,'00003','VSX','AR1','S','S','S','N','N','S','S','N');
Insert into CONFIGURACION_AUTORIZACIONES (ID_CFG_AUTORIZACIONES,TIPO_COMPETENCIA,COD_PERMISO,COD_VIA,ALTA_EXPEDIENTES,MOD_EXPEDIENTES,RES_EXPEDIENTE,RES_PROPUESTA_AGE,RES_PROPUESTA_CCAA,GEN_TASAS_TRABAJO,GEN_TASAS_RESIDENCIA,POR_DEFECTO) values (SQ_CONF_AUTORIZACIONES.NEXTVAL,'00003','VSX','AR2','S','S','S','N','N','S','S','N');
Insert into CONFIGURACION_AUTORIZACIONES (ID_CFG_AUTORIZACIONES,TIPO_COMPETENCIA,COD_PERMISO,COD_VIA,ALTA_EXPEDIENTES,MOD_EXPEDIENTES,RES_EXPEDIENTE,RES_PROPUESTA_AGE,RES_PROPUESTA_CCAA,GEN_TASAS_TRABAJO,GEN_TASAS_RESIDENCIA,POR_DEFECTO) values (SQ_CONF_AUTORIZACIONES.NEXTVAL,'00003','TSH','VI7','S','S','S','N','N','S','S','N');
Insert into CONFIGURACION_AUTORIZACIONES (ID_CFG_AUTORIZACIONES,TIPO_COMPETENCIA,COD_PERMISO,COD_VIA,ALTA_EXPEDIENTES,MOD_EXPEDIENTES,RES_EXPEDIENTE,RES_PROPUESTA_AGE,RES_PROPUESTA_CCAA,GEN_TASAS_TRABAJO,GEN_TASAS_RESIDENCIA,POR_DEFECTO) values (SQ_CONF_AUTORIZACIONES.NEXTVAL,'00003','TSH','FA7','S','S','S','N','N','S','S','N');
Insert into CONFIGURACION_AUTORIZACIONES (ID_CFG_AUTORIZACIONES,TIPO_COMPETENCIA,COD_PERMISO,COD_VIA,ALTA_EXPEDIENTES,MOD_EXPEDIENTES,RES_EXPEDIENTE,RES_PROPUESTA_AGE,RES_PROPUESTA_CCAA,GEN_TASAS_TRABAJO,GEN_TASAS_RESIDENCIA,POR_DEFECTO) values (SQ_CONF_AUTORIZACIONES.NEXTVAL,'00003','RHU','VD1','S','S','S','N','N','S','S','N');
Insert into CONFIGURACION_AUTORIZACIONES (ID_CFG_AUTORIZACIONES,TIPO_COMPETENCIA,COD_PERMISO,COD_VIA,ALTA_EXPEDIENTES,MOD_EXPEDIENTES,RES_EXPEDIENTE,RES_PROPUESTA_AGE,RES_PROPUESTA_CCAA,GEN_TASAS_TRABAJO,GEN_TASAS_RESIDENCIA,POR_DEFECTO) values (SQ_CONF_AUTORIZACIONES.NEXTVAL,'00003','RHU','VD2','S','S','S','N','N','S','S','N');
Insert into CONFIGURACION_AUTORIZACIONES (ID_CFG_AUTORIZACIONES,TIPO_COMPETENCIA,COD_PERMISO,COD_VIA,ALTA_EXPEDIENTES,MOD_EXPEDIENTES,RES_EXPEDIENTE,RES_PROPUESTA_AGE,RES_PROPUESTA_CCAA,GEN_TASAS_TRABAJO,GEN_TASAS_RESIDENCIA,POR_DEFECTO) values (SQ_CONF_AUTORIZACIONES.NEXTVAL,'00003','RHU','ES3','S','S','S','N','N','S','S','N');
Insert into CONFIGURACION_AUTORIZACIONES (ID_CFG_AUTORIZACIONES,TIPO_COMPETENCIA,COD_PERMISO,COD_VIA,ALTA_EXPEDIENTES,MOD_EXPEDIENTES,RES_EXPEDIENTE,RES_PROPUESTA_AGE,RES_PROPUESTA_CCAA,GEN_TASAS_TRABAJO,GEN_TASAS_RESIDENCIA,POR_DEFECTO) values (SQ_CONF_AUTORIZACIONES.NEXTVAL,'00003','RHU','ES4','S','S','S','N','N','S','S','N');
Insert into CONFIGURACION_AUTORIZACIONES (ID_CFG_AUTORIZACIONES,TIPO_COMPETENCIA,COD_PERMISO,COD_VIA,ALTA_EXPEDIENTES,MOD_EXPEDIENTES,RES_EXPEDIENTE,RES_PROPUESTA_AGE,RES_PROPUESTA_CCAA,GEN_TASAS_TRABAJO,GEN_TASAS_RESIDENCIA,POR_DEFECTO) values (SQ_CONF_AUTORIZACIONES.NEXTVAL,'00003','RHU','PS1','S','S','S','N','N','S','S','N');
Insert into CONFIGURACION_AUTORIZACIONES (ID_CFG_AUTORIZACIONES,TIPO_COMPETENCIA,COD_PERMISO,COD_VIA,ALTA_EXPEDIENTES,MOD_EXPEDIENTES,RES_EXPEDIENTE,RES_PROPUESTA_AGE,RES_PROPUESTA_CCAA,GEN_TASAS_TRABAJO,GEN_TASAS_RESIDENCIA,POR_DEFECTO) values (SQ_CONF_AUTORIZACIONES.NEXTVAL,'00003','RHU','PS2','S','S','S','N','N','S','S','N');
Insert into CONFIGURACION_AUTORIZACIONES (ID_CFG_AUTORIZACIONES,TIPO_COMPETENCIA,COD_PERMISO,COD_VIA,ALTA_EXPEDIENTES,MOD_EXPEDIENTES,RES_EXPEDIENTE,RES_PROPUESTA_AGE,RES_PROPUESTA_CCAA,GEN_TASAS_TRABAJO,GEN_TASAS_RESIDENCIA,POR_DEFECTO) values (SQ_CONF_AUTORIZACIONES.NEXTVAL,'00003','PRR','RE5','S','S','S','N','N','S','S','N');
Insert into CONFIGURACION_AUTORIZACIONES (ID_CFG_AUTORIZACIONES,TIPO_COMPETENCIA,COD_PERMISO,COD_VIA,ALTA_EXPEDIENTES,MOD_EXPEDIENTES,RES_EXPEDIENTE,RES_PROPUESTA_AGE,RES_PROPUESTA_CCAA,GEN_TASAS_TRABAJO,GEN_TASAS_RESIDENCIA,POR_DEFECTO) values (SQ_CONF_AUTORIZACIONES.NEXTVAL,'00003','PRR','RE6','S','S','S','N','N','S','S','N');
Insert into CONFIGURACION_AUTORIZACIONES (ID_CFG_AUTORIZACIONES,TIPO_COMPETENCIA,COD_PERMISO,COD_VIA,ALTA_EXPEDIENTES,MOD_EXPEDIENTES,RES_EXPEDIENTE,RES_PROPUESTA_AGE,RES_PROPUESTA_CCAA,GEN_TASAS_TRABAJO,GEN_TASAS_RESIDENCIA,POR_DEFECTO) values (SQ_CONF_AUTORIZACIONES.NEXTVAL,'00003','EXE','ER2','S','S','S','N','N','S','S','N');
Insert into CONFIGURACION_AUTORIZACIONES (ID_CFG_AUTORIZACIONES,TIPO_COMPETENCIA,COD_PERMISO,COD_VIA,ALTA_EXPEDIENTES,MOD_EXPEDIENTES,RES_EXPEDIENTE,RES_PROPUESTA_AGE,RES_PROPUESTA_CCAA,GEN_TASAS_TRABAJO,GEN_TASAS_RESIDENCIA,POR_DEFECTO) values (SQ_CONF_AUTORIZACIONES.NEXTVAL,'00003','EXE','ER1','S','S','S','N','N','S','S','N');
Insert into CONFIGURACION_AUTORIZACIONES (ID_CFG_AUTORIZACIONES,TIPO_COMPETENCIA,COD_PERMISO,COD_VIA,ALTA_EXPEDIENTES,MOD_EXPEDIENTES,RES_EXPEDIENTE,RES_PROPUESTA_AGE,RES_PROPUESTA_CCAA,GEN_TASAS_TRABAJO,GEN_TASAS_RESIDENCIA,POR_DEFECTO) values (SQ_CONF_AUTORIZACIONES.NEXTVAL,'00004','DA2','RE3','S','S','S','N','N','S','S','N');
Insert into CONFIGURACION_AUTORIZACIONES (ID_CFG_AUTORIZACIONES,TIPO_COMPETENCIA,COD_PERMISO,COD_VIA,ALTA_EXPEDIENTES,MOD_EXPEDIENTES,RES_EXPEDIENTE,RES_PROPUESTA_AGE,RES_PROPUESTA_CCAA,GEN_TASAS_TRABAJO,GEN_TASAS_RESIDENCIA,POR_DEFECTO) values (SQ_CONF_AUTORIZACIONES.NEXTVAL,'00004','DA2','RE4','S','S','S','N','N','S','S','N');
Insert into CONFIGURACION_AUTORIZACIONES (ID_CFG_AUTORIZACIONES,TIPO_COMPETENCIA,COD_PERMISO,COD_VIA,ALTA_EXPEDIENTES,MOD_EXPEDIENTES,RES_EXPEDIENTE,RES_PROPUESTA_AGE,RES_PROPUESTA_CCAA,GEN_TASAS_TRABAJO,GEN_TASAS_RESIDENCIA,POR_DEFECTO) values (SQ_CONF_AUTORIZACIONES.NEXTVAL,'00004','COL','PN1','S','S','S','N','N','S','S','N');
Insert into CONFIGURACION_AUTORIZACIONES (ID_CFG_AUTORIZACIONES,TIPO_COMPETENCIA,COD_PERMISO,COD_VIA,ALTA_EXPEDIENTES,MOD_EXPEDIENTES,RES_EXPEDIENTE,RES_PROPUESTA_AGE,RES_PROPUESTA_CCAA,GEN_TASAS_TRABAJO,GEN_TASAS_RESIDENCIA,POR_DEFECTO) values (SQ_CONF_AUTORIZACIONES.NEXTVAL,'00004','COL','PN2','S','S','S','N','N','S','S','N');
Insert into CONFIGURACION_AUTORIZACIONES (ID_CFG_AUTORIZACIONES,TIPO_COMPETENCIA,COD_PERMISO,COD_VIA,ALTA_EXPEDIENTES,MOD_EXPEDIENTES,RES_EXPEDIENTE,RES_PROPUESTA_AGE,RES_PROPUESTA_CCAA,GEN_TASAS_TRABAJO,GEN_TASAS_RESIDENCIA,POR_DEFECTO) values (SQ_CONF_AUTORIZACIONES.NEXTVAL,'00004','COL','FV1','S','S','S','N','N','S','S','N');
Insert into CONFIGURACION_AUTORIZACIONES (ID_CFG_AUTORIZACIONES,TIPO_COMPETENCIA,COD_PERMISO,COD_VIA,ALTA_EXPEDIENTES,MOD_EXPEDIENTES,RES_EXPEDIENTE,RES_PROPUESTA_AGE,RES_PROPUESTA_CCAA,GEN_TASAS_TRABAJO,GEN_TASAS_RESIDENCIA,POR_DEFECTO) values (SQ_CONF_AUTORIZACIONES.NEXTVAL,'00004','COL','FV2','S','S','S','N','N','S','S','N');
Insert into CONFIGURACION_AUTORIZACIONES (ID_CFG_AUTORIZACIONES,TIPO_COMPETENCIA,COD_PERMISO,COD_VIA,ALTA_EXPEDIENTES,MOD_EXPEDIENTES,RES_EXPEDIENTE,RES_PROPUESTA_AGE,RES_PROPUESTA_CCAA,GEN_TASAS_TRABAJO,GEN_TASAS_RESIDENCIA,POR_DEFECTO) values (SQ_CONF_AUTORIZACIONES.NEXTVAL,'00004','TSH','VI5','S','S','S','N','N','S','S','N');
Insert into CONFIGURACION_AUTORIZACIONES (ID_CFG_AUTORIZACIONES,TIPO_COMPETENCIA,COD_PERMISO,COD_VIA,ALTA_EXPEDIENTES,MOD_EXPEDIENTES,RES_EXPEDIENTE,RES_PROPUESTA_AGE,RES_PROPUESTA_CCAA,GEN_TASAS_TRABAJO,GEN_TASAS_RESIDENCIA,POR_DEFECTO) values (SQ_CONF_AUTORIZACIONES.NEXTVAL,'00004','TSH','VI6','S','S','S','N','N','S','S','N');
Insert into CONFIGURACION_AUTORIZACIONES (ID_CFG_AUTORIZACIONES,TIPO_COMPETENCIA,COD_PERMISO,COD_VIA,ALTA_EXPEDIENTES,MOD_EXPEDIENTES,RES_EXPEDIENTE,RES_PROPUESTA_AGE,RES_PROPUESTA_CCAA,GEN_TASAS_TRABAJO,GEN_TASAS_RESIDENCIA,POR_DEFECTO) values (SQ_CONF_AUTORIZACIONES.NEXTVAL,'00004','TSH','FA5','S','S','S','N','N','S','S','N');
Insert into CONFIGURACION_AUTORIZACIONES (ID_CFG_AUTORIZACIONES,TIPO_COMPETENCIA,COD_PERMISO,COD_VIA,ALTA_EXPEDIENTES,MOD_EXPEDIENTES,RES_EXPEDIENTE,RES_PROPUESTA_AGE,RES_PROPUESTA_CCAA,GEN_TASAS_TRABAJO,GEN_TASAS_RESIDENCIA,POR_DEFECTO) values (SQ_CONF_AUTORIZACIONES.NEXTVAL,'00004','TSH','FA6','S','S','S','N','N','S','S','N');


commit;

-- EX25


-- PERMISOS

Insert into PERMISOS (EPEPER,EPENOM,EPELUC,EPECOM,EPECAP,EPEFCO,EPEFEX,EPERES,EPEVAL,EPEGRP,EPETIP,EPEFLAGS,EPEVIA,EPEMVA,EPEREG,EPECARTASMTAS,EPENOMBRESEDE,EXCLUDESEDE) values ('RMH','RESIDENCIA TEMPORAL INICIAL DE HIJO O RESIDENTE','N',' ','N',' ',' ','S','S','PER','RE','SSNCSNNSNNNNSNN','FA1','12','RD1155','S',null,'N');
Insert into PERMISOS (EPEPER,EPENOM,EPELUC,EPECOM,EPECAP,EPEFCO,EPEFEX,EPERES,EPEVAL,EPEGRP,EPETIP,EPEFLAGS,EPEVIA,EPEMVA,EPEREG,EPECARTASMTAS,EPENOMBRESEDE,EXCLUDESEDE) values ('EMD','DESPLAZAMIENTO TEMPORAL DE MENORES EXTRANJEROS EN EL MARCO DE PROGRAMAS DE CARÁCTER HUMANITARIO. ESTANCIA','N',' ','N',' ',' ','S','S','PER','RE','SSNCSNNSNNNNSNN','FA1','12','RD1155','S',null,'N');
Insert into PERMISOS (EPEPER,EPENOM,EPELUC,EPECOM,EPECAP,EPEFCO,EPEFEX,EPERES,EPEVAL,EPEGRP,EPETIP,EPEFLAGS,EPEVIA,EPEMVA,EPEREG,EPECARTASMTAS,EPENOMBRESEDE,EXCLUDESEDE) values ('RMD','DESPLAZAMIENTO TEMPORAL DE MENORES EXTRANJEROS EN EL MARCO DE PROGRAMAS DE CARÁCTER HUMANITARIO. RESIDENCIA','N',' ','N',' ',' ','S','S','PER','RE','SSNCSNNSNNNNSNN','FA1','12','RD1155','S',null,'N');
Insert into PERMISOS (EPEPER,EPENOM,EPELUC,EPECOM,EPECAP,EPEFCO,EPEFEX,EPERES,EPEVAL,EPEGRP,EPETIP,EPEFLAGS,EPEVIA,EPEMVA,EPEREG,EPECARTASMTAS,EPENOMBRESEDE,EXCLUDESEDE) values ('RMA','RESIDENCIA TEMPORAL DE MENORES EXTRANJEROS NO ACOMPAÑADOS. ART 172','N',' ','N',' ',' ','S','S','PER','RE','SSNCSNNSNNNNSNN','FA1','12','RD1155','S',null,'N');
Insert into PERMISOS (EPEPER,EPENOM,EPELUC,EPECOM,EPECAP,EPEFCO,EPEFEX,EPERES,EPEVAL,EPEGRP,EPETIP,EPEFLAGS,EPEVIA,EPEMVA,EPEREG,EPECARTASMTAS,EPENOMBRESEDE,EXCLUDESEDE) values ('RMB','RESIDENCIA TEMPORAL DE MENORES EXTRANJEROS NO ACOMPAÑADOS. ART. 172.5','N',' ','N',' ',' ','S','S','PER','RE','SSNCSNNSNNNNSNN','FA1','12','RD1155','S',null,'N');
Insert into PERMISOS (EPEPER,EPENOM,EPELUC,EPECOM,EPECAP,EPEFCO,EPEFEX,EPERES,EPEVAL,EPEGRP,EPETIP,EPEFLAGS,EPEVIA,EPEMVA,EPEREG,EPECARTASMTAS,EPENOMBRESEDE,EXCLUDESEDE) values ('RMT','RESIDENCIA TEMPORAL DE MENORES EXTRANJEROS NO ACOMPAÑADOS. ART. 173','N',' ','N',' ',' ','S','S','PER','RE','SSNCSNNSNNNNSNN','FA1','12','RD1155','S',null,'N');
Insert into PERMISOS (EPEPER,EPENOM,EPELUC,EPECOM,EPECAP,EPEFCO,EPEFEX,EPERES,EPEVAL,EPEGRP,EPETIP,EPEFLAGS,EPEVIA,EPEMVA,EPEREG,EPECARTASMTAS,EPENOMBRESEDE,EXCLUDESEDE) values ('RMN','RESIDENCIA TEMPORAL DE MENORES EXTRANJEROS NO ACOMPAÑADOS. ART. 174','N',' ','N',' ',' ','S','S','PER','RE','SSNCSNNSNNNNSNN','FA1','12','RD1155','S',null,'N');
Insert into PERMISOS (EPEPER,EPENOM,EPELUC,EPECOM,EPECAP,EPEFCO,EPEFEX,EPERES,EPEVAL,EPEGRP,EPETIP,EPEFLAGS,EPEVIA,EPEMVA,EPEREG,EPECARTASMTAS,EPENOMBRESEDE,EXCLUDESEDE) values ('IMI','INFORME VISADO MENORES ADOPTADOS O CON FINES DE ADOPCIÓN','N',' ','N',' ',' ','S','S','PER','RE','SSNCSNNSNNNNSNN','FA1','12','RD1155','S',null,'N');
Insert into PERMISOS (EPEPER,EPENOM,EPELUC,EPECOM,EPECAP,EPEFCO,EPEFEX,EPERES,EPEVAL,EPEGRP,EPETIP,EPEFLAGS,EPEVIA,EPEMVA,EPEREG,EPECARTASMTAS,EPENOMBRESEDE,EXCLUDESEDE) values ('IMV','INFORME PREVIO PARA DESPLAZAMIENTO DE MENORES','N',' ','N',' ',' ','S','S','PER','RE','SSNCSNNSNNNNSNN','FA1','12','RD1155','S',null,'N');
Insert into PERMISOS (EPEPER,EPENOM,EPELUC,EPECOM,EPECAP,EPEFCO,EPEFEX,EPERES,EPEVAL,EPEGRP,EPETIP,EPEFLAGS,EPEVIA,EPEMVA,EPEREG,EPECARTASMTAS,EPENOMBRESEDE,EXCLUDESEDE) values ('APM','REPATRIACIÓN MENA. ACTUACIONES','N',' ','N',' ',' ','S','S','PER','RE','SSNCSNNSNNNNSNN','FA1','12','RD1155','S',null,'N');
Insert into PERMISOS (EPEPER,EPENOM,EPELUC,EPECOM,EPECAP,EPEFCO,EPEFEX,EPERES,EPEVAL,EPEGRP,EPETIP,EPEFLAGS,EPEVIA,EPEMVA,EPEREG,EPECARTASMTAS,EPENOMBRESEDE,EXCLUDESEDE) values ('RMP','REPATRIACIÓN MENA. PROCEDIMIENTO','N',' ','N',' ',' ','S','S','PER','RE','SSNCSNNSNNNNSNN','FA1','12','RD1155','S',null,'N');

-- VIA_ACCESO

INSERT INTO VIA_ACCESO (EVICOD,EVIDES,EVICER,EVIGEN) VALUES ('SNE','AUTORIZACIÓN DE RESIDENCIA TEMPORAL DEL MENOR EXTRANJERO ACOMPAÑADO NACIDO EN ESPAÑA, HIJO O TUTELADO DE RESIDENTE  (ART. 159)','N','S');
INSERT INTO VIA_ACCESO (EVICOD,EVIDES,EVICER,EVIGEN) VALUES ('NNE','AUTORIZACIÓN DE RESIDENCIA TEMPORAL DEL MENOR EXTRANJERO ACOMPAÑADO NO  NACIDO EN ESPAÑA, HIJO O TUTELADO DE RESIDENTE  (ART. 160)','N','S');
INSERT INTO VIA_ACCESO (EVICOD,EVIDES,EVICER,EVIGEN) VALUES ('ME1','ESTANCIA TEMPORAL DE MENOR EXTRANJERO DESPLAZADO CON FINES DE TRATAMIENTO MÉDICO (ART. 162.1)','N','S');
INSERT INTO VIA_ACCESO (EVICOD,EVIDES,EVICER,EVIGEN) VALUES ('PR1','ESTANCIA TEMPORAL DE PROGENITOR O TUTOR DE MENOR EXTRANJERO DESPLAZADO CON FINES DE TRATAMIENTO MÉDICO (ART. 162.1)','N','S');
INSERT INTO VIA_ACCESO (EVICOD,EVIDES,EVICER,EVIGEN) VALUES ('ME2','PRÓRROGA DE LA ESTANCIA DE MENOR EXTRANJERO DESPLAZADO CON FINES DE TRATAMIENTO MÉDICO (ART. 162.2)','N','S');
INSERT INTO VIA_ACCESO (EVICOD,EVIDES,EVICER,EVIGEN) VALUES ('PR2','PRÓRROGA DE LA ESTANCIA DEL PROGENITOR O TUTOR DE MENOR EXTRANJERO DESPLAZADO CON FINES DE TRATAMIENTO MÉDICO (ART. 162.1)','N','S');
INSERT INTO VIA_ACCESO (EVICOD,EVIDES,EVICER,EVIGEN) VALUES ('ME3','AUTORIZACIÓN DE RESIDENCIA TEMPORAL EXCEPCIONAL DE MENOR EXTRANJERO DESPLAZADO CON FINES DE TRATAMIENTO MÉDICO (ART. 162.3)','N','S');
INSERT INTO VIA_ACCESO (EVICOD,EVIDES,EVICER,EVIGEN) VALUES ('PR3','AUTORIZACIÓN DE RESIDENCIA TEMPORAL EXCEPCIONAL DEL PROGENITOR O TUTOR DEL MENOR EXTRANJERO DESPLAZADO CON FINES DE TRATAMIENTO MÉDICO (ART. 162.1)','N','S');
INSERT INTO VIA_ACCESO (EVICOD,EVIDES,EVICER,EVIGEN) VALUES ('VAC','ESTANCIA TEMPORAL DE MENOR EXTRANJERO DESPLAZADO CON FINES VACACIONALES (ART. 163)','N','S');
INSERT INTO VIA_ACCESO (EVICOD,EVIDES,EVICER,EVIGEN) VALUES ('MON','ESTANCIA TEMPORAL DEL MONITOR/MONITORA ACOMPAÑANTE DE MENORES EXTRANJEROS DESPLAZADOS CON FINES VACACIONALES (ART. 163)','N','S');
INSERT INTO VIA_ACCESO (EVICOD,EVIDES,EVICER,EVIGEN) VALUES ('ES0','ESTANCIA TEMPORAL DE MENOR EXTRANJERO DESPLAZADO CON FINES DE ESCOLARIZACIÓN (ART. 164)','N','S');
INSERT INTO VIA_ACCESO (EVICOD,EVIDES,EVICER,EVIGEN) VALUES ('ESX','PRÓRROGA EXCEPCIONAL DE LA ESTANCIA TEMPORAL DE MENOR EXTRANJERO DESPLAZADO CON FINES DE ESCOLARIZACIÓN (ART. 164.3)','N','S');
INSERT INTO VIA_ACCESO (EVICOD,EVIDES,EVICER,EVIGEN) VALUES ('RIN','AUTORIZACIÓN DE RESIDENCIA TEMPORAL INICIAL DE MENOR EXTRANJERO NO ACOMPAÑADO CUYO PROCEDIMIENTO ES INICIADO POR LA OFICINA UNICA DE EXTRANJERÍA (ART.172)','N','S');
INSERT INTO VIA_ACCESO (EVICOD,EVIDES,EVICER,EVIGEN) VALUES ('REN','AUTORIZACIÓN DE RESIDENCIA  RENOVADA DE MENOR NO ACOMPAÑADO INICIADA DE OFICIO (ART.172.5)','N','S');
INSERT INTO VIA_ACCESO (EVICOD,EVIDES,EVICER,EVIGEN) VALUES ('18A','AUTORIZACIÓN DE RESIDENCIA RENOVADA DE MENOR EXTRANJERO TITULAR DE UNA AUTORIZACIÓN DE RESIDENCIA AL ALCANZAR LA MAYORÍA DE EDAD. SIN CONTRATO DE TRABAJO. (ART. 173)','N','S');
INSERT INTO VIA_ACCESO (EVICOD,EVIDES,EVICER,EVIGEN) VALUES ('18B','AUTORIZACIÓN DE RESIDENCIA RENOVADA DE MENOR EXTRANJERO TITULAR DE UNA AUTORIZACIÓN DE RESIDENCIA AL ALCANZAR LA MAYORÍA DE EDAD. CON CONTRATO DE TRABAJO (ART. 173.2.A)','N','S');
INSERT INTO VIA_ACCESO (EVICOD,EVIDES,EVICER,EVIGEN) VALUES ('18S','AUTORIZACIÓN DE RESIDENCIA INICIAL DE MENOR EXTRANJERO QUE NO ES TITULAR DE UNA AUTORIZACIÓN DE RESIDENCIA AL ALCANZAR LA MAYORÍA DE EDAD. SIN CONTRATO DE TRABAJO (ART. 174)','N','S');
INSERT INTO VIA_ACCESO (EVICOD,EVIDES,EVICER,EVIGEN) VALUES ('18T','AUTORIZACIÓN DE RESIDENCIA INICIAL DE MENOR EXTRANJERO QUE NO ES TITULAR DE UNA AUTORIZACIÓN DE RESIDENCIA AL ALCANZAR LA MAYORÍA DE EDAD. CON CONTRATO DE TRABAJO (ART. 174.3.A)','N','S');
INSERT INTO VIA_ACCESO (EVICOD,EVIDES,EVICER,EVIGEN) VALUES ('18R','AUTORIZACIÓN DE RESIDENCIA RENOVADA DE MENOR EXTRANJERO QUE NO ES TITULAR DE UNA AUTORIZACIÓN DE RESIDENCIA AL ALCANZAR LA MAYORÍA DE EDAD (ART. 174.4)','N','S');
INSERT INTO VIA_ACCESO (EVICOD,EVIDES,EVICER,EVIGEN) VALUES ('MN1','PARA ADOPCIÓN INTERNACIONAL  (INSTRUCCIONES DGI) ','N','S');
INSERT INTO VIA_ACCESO (EVICOD,EVIDES,EVICER,EVIGEN) VALUES ('MN2','PROGRAMA VACACIONES EN PAZ','N','S');
INSERT INTO VIA_ACCESO (EVICOD,EVIDES,EVICER,EVIGEN) VALUES ('MNC','ACTUACIONES CON LA COMISARÍA GENERAL DE EXTRANJERÍA Y FRONTERAS','N','S');
INSERT INTO VIA_ACCESO (EVICOD,EVIDES,EVICER,EVIGEN) VALUES ('MNS','ACTUACIONES CON LA SUBDELEGACIÓN DEL GOBIERNO','N','S');
INSERT INTO VIA_ACCESO (EVICOD,EVIDES,EVICER,EVIGEN) VALUES ('MND','ACTUACIONES CON LA DIRECCIÓN GENERAL DE ASUNTOS CONSULARERS Y MIIGRATORIOS','N','S');
INSERT INTO VIA_ACCESO (EVICOD,EVIDES,EVICER,EVIGEN) VALUES ('MNP','PROCEDIMIENTO DE REPATRIACIÓN DE MENOR NO ACOMPAÑADO','N','S');

-- AUTORIZAC

INSERT INTO AUTORIZAC (AUTCOD,AUTDES,AUTFLAGS,AUTVAL,AUTGRP,AUTCLA,AUTMOD,AUTTIP,AUTDES_CAT,AUTDES_CAT_CAS,AUTDES_UMI,AUTJERAR,AUTCLAS) VALUES ('G00I00','RESIDENCIA TEMPORAL INICIAL DE HIJO O RESIDENTE - AUTORIZACIÓN DE RESIDENCIA TEMPORAL DEL MENOR EXTRANJERO ACOMPAÑADO NACIDO EN ESPAÑA, HIJO O TUTELADO DE RESIDENTE  (ART. 159)',NULL,'S',NULL,NULL,NULL,NULL,NULL,NULL,NULL,NULL,NULL);
INSERT INTO AUTORIZAC (AUTCOD,AUTDES,AUTFLAGS,AUTVAL,AUTGRP,AUTCLA,AUTMOD,AUTTIP,AUTDES_CAT,AUTDES_CAT_CAS,AUTDES_UMI,AUTJERAR,AUTCLAS) VALUES ('G00I01','RESIDENCIA TEMPORAL INICIAL DE HIJO O RESIDENTE - AUTORIZACIÓN DE RESIDENCIA TEMPORAL DEL MENOR EXTRANJERO ACOMPAÑADO NO  NACIDO EN ESPAÑA, HIJO O TUTELADO DE RESIDENTE  (ART. 160)',NULL,'S',NULL,NULL,NULL,NULL,NULL,NULL,NULL,NULL,NULL);
INSERT INTO AUTORIZAC (AUTCOD,AUTDES,AUTFLAGS,AUTVAL,AUTGRP,AUTCLA,AUTMOD,AUTTIP,AUTDES_CAT,AUTDES_CAT_CAS,AUTDES_UMI,AUTJERAR,AUTCLAS) VALUES ('G01I00','DESPLAZAMIENTO TEMPORAL DE MENORES EXTRANJEROS EN EL MARCO DE PROGRAMAS DE CARÁCTER HUMANITARIO. ESTANCIA - ESTANCIA TEMPORAL DE MENOR EXTRANJERO DESPLAZADO CON FINES DE TRATAMIENTO MÉDICO (ART. 162.1)',NULL,'S',NULL,NULL,NULL,NULL,NULL,NULL,NULL,NULL,NULL);
INSERT INTO AUTORIZAC (AUTCOD,AUTDES,AUTFLAGS,AUTVAL,AUTGRP,AUTCLA,AUTMOD,AUTTIP,AUTDES_CAT,AUTDES_CAT_CAS,AUTDES_UMI,AUTJERAR,AUTCLAS) VALUES ('G01I01','DESPLAZAMIENTO TEMPORAL DE MENORES EXTRANJEROS EN EL MARCO DE PROGRAMAS DE CARÁCTER HUMANITARIO. ESTANCIA  - ESTANCIA TEMPORAL DE PROGENITOR O TUTOR DE MENOR EXTRANJERO DESPLAZADO CON FINES DE TRATAMIENTO MÉDICO (ART. 162.1)',NULL,'S',NULL,NULL,NULL,NULL,NULL,NULL,NULL,NULL,NULL);
INSERT INTO AUTORIZAC (AUTCOD,AUTDES,AUTFLAGS,AUTVAL,AUTGRP,AUTCLA,AUTMOD,AUTTIP,AUTDES_CAT,AUTDES_CAT_CAS,AUTDES_UMI,AUTJERAR,AUTCLAS) VALUES ('G01P00','DESPLAZAMIENTO TEMPORAL DE MENORES EXTRANJEROS EN EL MARCO DE PROGRAMAS DE CARÁCTER HUMANITARIO. ESTANCIA  - PRÓRROGA DE LA ESTANCIA DE MENOR EXTRANJERO DESPLAZADO CON FINES DE TRATAMIENTO MÉDICO (ART. 162.2)',NULL,'S',NULL,NULL,NULL,NULL,NULL,NULL,NULL,NULL,NULL);
INSERT INTO AUTORIZAC (AUTCOD,AUTDES,AUTFLAGS,AUTVAL,AUTGRP,AUTCLA,AUTMOD,AUTTIP,AUTDES_CAT,AUTDES_CAT_CAS,AUTDES_UMI,AUTJERAR,AUTCLAS) VALUES ('G01P01','DESPLAZAMIENTO TEMPORAL DE MENORES EXTRANJEROS EN EL MARCO DE PROGRAMAS DE CARÁCTER HUMANITARIO. ESTANCIA  - PRÓRROGA DE LA ESTANCIA DEL PROGENITOR O TUTOR DE MENOR EXTRANJERO DESPLAZADO CON FINES DE TRATAMIENTO MÉDICO (ART. 162.1)',NULL,'S',NULL,NULL,NULL,NULL,NULL,NULL,NULL,NULL,NULL);
INSERT INTO AUTORIZAC (AUTCOD,AUTDES,AUTFLAGS,AUTVAL,AUTGRP,AUTCLA,AUTMOD,AUTTIP,AUTDES_CAT,AUTDES_CAT_CAS,AUTDES_UMI,AUTJERAR,AUTCLAS) VALUES ('G01I02','DESPLAZAMIENTO TEMPORAL DE MENORES EXTRANJEROS EN EL MARCO DE PROGRAMAS DE CARÁCTER HUMANITARIO. RESIDENCIA - AUTORIZACIÓN DE RESIDENCIA TEMPORAL EXCEPCIONAL DE MENOR EXTRANJERO DESPLAZADO CON FINES DE TRATAMIENTO MÉDICO (ART. 162.3)',NULL,'S',NULL,NULL,NULL,NULL,NULL,NULL,NULL,NULL,NULL);
INSERT INTO AUTORIZAC (AUTCOD,AUTDES,AUTFLAGS,AUTVAL,AUTGRP,AUTCLA,AUTMOD,AUTTIP,AUTDES_CAT,AUTDES_CAT_CAS,AUTDES_UMI,AUTJERAR,AUTCLAS) VALUES ('G01I03','DESPLAZAMIENTO TEMPORAL DE MENORES EXTRANJEROS EN EL MARCO DE PROGRAMAS DE CARÁCTER HUMANITARIO. RESIDENCIA - AUTORIZACIÓN DE RESIDENCIA TEMPORAL EXCEPCIONAL DEL PROGENITOR O TUTOR DEL MENOR EXTRANJERO DESPLAZADO CON FINES DE TRATAMIENTO MÉDICO (ART. 162.1)',NULL,'S',NULL,NULL,NULL,NULL,NULL,NULL,NULL,NULL,NULL);
INSERT INTO AUTORIZAC (AUTCOD,AUTDES,AUTFLAGS,AUTVAL,AUTGRP,AUTCLA,AUTMOD,AUTTIP,AUTDES_CAT,AUTDES_CAT_CAS,AUTDES_UMI,AUTJERAR,AUTCLAS) VALUES ('G01I04','DESPLAZAMIENTO TEMPORAL DE MENORES EXTRANJEROS EN EL MARCO DE PROGRAMAS DE CARÁCTER HUMANITARIO. ESTANCIA  - ESTANCIA TEMPORAL DE MENOR EXTRANJERO DESPLAZADO CON FINES VACACIONALES (ART. 163)',NULL,'S',NULL,NULL,NULL,NULL,NULL,NULL,NULL,NULL,NULL);
INSERT INTO AUTORIZAC (AUTCOD,AUTDES,AUTFLAGS,AUTVAL,AUTGRP,AUTCLA,AUTMOD,AUTTIP,AUTDES_CAT,AUTDES_CAT_CAS,AUTDES_UMI,AUTJERAR,AUTCLAS) VALUES ('G01I05','DESPLAZAMIENTO TEMPORAL DE MENORES EXTRANJEROS EN EL MARCO DE PROGRAMAS DE CARÁCTER HUMANITARIO. ESTANCIA  - ESTANCIA TEMPORAL DEL MONITOR/MONITORA ACOMPAÑANTE DE MENORES EXTRANJEROS DESPLAZADOS CON FINES VACACIONALES (ART. 163)',NULL,'S',NULL,NULL,NULL,NULL,NULL,NULL,NULL,NULL,NULL);
INSERT INTO AUTORIZAC (AUTCOD,AUTDES,AUTFLAGS,AUTVAL,AUTGRP,AUTCLA,AUTMOD,AUTTIP,AUTDES_CAT,AUTDES_CAT_CAS,AUTDES_UMI,AUTJERAR,AUTCLAS) VALUES ('G01I06','DESPLAZAMIENTO TEMPORAL DE MENORES EXTRANJEROS EN EL MARCO DE PROGRAMAS DE CARÁCTER HUMANITARIO. ESTANCIA  - ESTANCIA TEMPORAL DE MENOR EXTRANJERO DESPLAZADO CON FINES DE ESCOLARIZACIÓN (ART. 164)',NULL,'S',NULL,NULL,NULL,NULL,NULL,NULL,NULL,NULL,NULL);
INSERT INTO AUTORIZAC (AUTCOD,AUTDES,AUTFLAGS,AUTVAL,AUTGRP,AUTCLA,AUTMOD,AUTTIP,AUTDES_CAT,AUTDES_CAT_CAS,AUTDES_UMI,AUTJERAR,AUTCLAS) VALUES ('G01P02','DESPLAZAMIENTO TEMPORAL DE MENORES EXTRANJEROS EN EL MARCO DE PROGRAMAS DE CARÁCTER HUMANITARIO. ESTANCIA  - PRÓRROGA EXCEPCIONAL DE LA ESTANCIA TEMPORAL DE MENOR EXTRANJERO DESPLAZADO CON FINES DE ESCOLARIZACIÓN (ART. 164.3)',NULL,'S',NULL,NULL,NULL,NULL,NULL,NULL,NULL,NULL,NULL);
INSERT INTO AUTORIZAC (AUTCOD,AUTDES,AUTFLAGS,AUTVAL,AUTGRP,AUTCLA,AUTMOD,AUTTIP,AUTDES_CAT,AUTDES_CAT_CAS,AUTDES_UMI,AUTJERAR,AUTCLAS) VALUES ('G02I00','RESIDENCIA TEMPORAL DE MENORES EXTRANJEROS NO ACOMPAÑADOS. ART 172 - AUTORIZACIÓN DE RESIDENCIA TEMPORAL INICIAL DE MENOR EXTRANJERO NO ACOMPAÑADO CUYO PROCEDIMIENTO ES INICIADO POR LA OFICINA UNICA DE EXTRANJERÍA (ART.172)',NULL,'S',NULL,NULL,NULL,NULL,NULL,NULL,NULL,NULL,NULL);
INSERT INTO AUTORIZAC (AUTCOD,AUTDES,AUTFLAGS,AUTVAL,AUTGRP,AUTCLA,AUTMOD,AUTTIP,AUTDES_CAT,AUTDES_CAT_CAS,AUTDES_UMI,AUTJERAR,AUTCLAS) VALUES ('G02R00','RESIDENCIA TEMPORAL DE MENORES EXTRANJEROS NO ACOMPAÑADOS. ART. 172.5 - AUTORIZACIÓN DE RESIDENCIA  RENOVADA DE MENOR NO ACOMPAÑADO INICIADA DE OFICIO (ART.172.5)',NULL,'S',NULL,NULL,NULL,NULL,NULL,NULL,NULL,NULL,NULL);
INSERT INTO AUTORIZAC (AUTCOD,AUTDES,AUTFLAGS,AUTVAL,AUTGRP,AUTCLA,AUTMOD,AUTTIP,AUTDES_CAT,AUTDES_CAT_CAS,AUTDES_UMI,AUTJERAR,AUTCLAS) VALUES ('G10R00','RESIDENCIA TEMPORAL DE MENORES EXTRANJEROS NO ACOMPAÑADOS. ART. 173 - AUTORIZACIÓN DE RESIDENCIA RENOVADA DE MENOR EXTRANJERO TITULAR DE UNA AUTORIZACIÓN DE RESIDENCIA AL ALCANZAR LA MAYORÍA DE EDAD. SIN CONTRATO DE TRABAJO. (ART. 173)',NULL,'S',NULL,NULL,NULL,NULL,NULL,NULL,NULL,NULL,NULL);
INSERT INTO AUTORIZAC (AUTCOD,AUTDES,AUTFLAGS,AUTVAL,AUTGRP,AUTCLA,AUTMOD,AUTTIP,AUTDES_CAT,AUTDES_CAT_CAS,AUTDES_UMI,AUTJERAR,AUTCLAS) VALUES ('G10R01','RESIDENCIA TEMPORAL DE MENORES EXTRANJEROS NO ACOMPAÑADOS. ART. 173 - AUTORIZACIÓN DE RESIDENCIA RENOVADA DE MENOR EXTRANJERO TITULAR DE UNA AUTORIZACIÓN DE RESIDENCIA AL ALCANZAR LA MAYORÍA DE EDAD. CON CONTRATO DE TRABAJO (ART. 173.2.A)',NULL,'S',NULL,NULL,NULL,NULL,NULL,NULL,NULL,NULL,NULL);
INSERT INTO AUTORIZAC (AUTCOD,AUTDES,AUTFLAGS,AUTVAL,AUTGRP,AUTCLA,AUTMOD,AUTTIP,AUTDES_CAT,AUTDES_CAT_CAS,AUTDES_UMI,AUTJERAR,AUTCLAS) VALUES ('G10I00','RESIDENCIA TEMPORAL DE MENORES EXTRANJEROS NO ACOMPAÑADOS. ART. 174 - AUTORIZACIÓN DE RESIDENCIA INICIAL DE MENOR EXTRANJERO QUE NO ES TITULAR DE UNA AUTORIZACIÓN DE RESIDENCIA AL ALCANZAR LA MAYORÍA DE EDAD. SIN CONTRATO DE TRABAJO (ART. 174)',NULL,'S',NULL,NULL,NULL,NULL,NULL,NULL,NULL,NULL,NULL);
INSERT INTO AUTORIZAC (AUTCOD,AUTDES,AUTFLAGS,AUTVAL,AUTGRP,AUTCLA,AUTMOD,AUTTIP,AUTDES_CAT,AUTDES_CAT_CAS,AUTDES_UMI,AUTJERAR,AUTCLAS) VALUES ('G10I01','RESIDENCIA TEMPORAL DE MENORES EXTRANJEROS NO ACOMPAÑADOS. ART. 174 - AUTORIZACIÓN DE RESIDENCIA INICIAL DE MENOR EXTRANJERO QUE NO ES TITULAR DE UNA AUTORIZACIÓN DE RESIDENCIA AL ALCANZAR LA MAYORÍA DE EDAD. CON CONTRATO DE TRABAJO (ART. 174.3.A)',NULL,'S',NULL,NULL,NULL,NULL,NULL,NULL,NULL,NULL,NULL);
INSERT INTO AUTORIZAC (AUTCOD,AUTDES,AUTFLAGS,AUTVAL,AUTGRP,AUTCLA,AUTMOD,AUTTIP,AUTDES_CAT,AUTDES_CAT_CAS,AUTDES_UMI,AUTJERAR,AUTCLAS) VALUES ('G10R02','RESIDENCIA TEMPORAL DE MENORES EXTRANJEROS NO ACOMPAÑADOS. ART. 174 - AUTORIZACIÓN DE RESIDENCIA RENOVADA DE MENOR EXTRANJERO QUE NO ES TITULAR DE UNA AUTORIZACIÓN DE RESIDENCIA AL ALCANZAR LA MAYORÍA DE EDAD (ART. 174.4)',NULL,'S',NULL,NULL,NULL,NULL,NULL,NULL,NULL,NULL,NULL);
INSERT INTO AUTORIZAC (AUTCOD,AUTDES,AUTFLAGS,AUTVAL,AUTGRP,AUTCLA,AUTMOD,AUTTIP,AUTDES_CAT,AUTDES_CAT_CAS,AUTDES_UMI,AUTJERAR,AUTCLAS) VALUES ('U0I000','INFORME VISADO MENORES ADOPTADOS O CON FINES DE ADOPCIÓN - PARA ADOPCIÓN INTERNACIONAL  (INSTRUCCIONES DGI) ',NULL,'S',NULL,NULL,NULL,NULL,NULL,NULL,NULL,NULL,NULL);
INSERT INTO AUTORIZAC (AUTCOD,AUTDES,AUTFLAGS,AUTVAL,AUTGRP,AUTCLA,AUTMOD,AUTTIP,AUTDES_CAT,AUTDES_CAT_CAS,AUTDES_UMI,AUTJERAR,AUTCLAS) VALUES ('U0I001','INFORME PREVIO PARA DESPLAZAMIENTO DE MENORES - PROGRAMA VACACIONES EN PAZ',NULL,'S',NULL,NULL,NULL,NULL,NULL,NULL,NULL,NULL,NULL);
INSERT INTO AUTORIZAC (AUTCOD,AUTDES,AUTFLAGS,AUTVAL,AUTGRP,AUTCLA,AUTMOD,AUTTIP,AUTDES_CAT,AUTDES_CAT_CAS,AUTDES_UMI,AUTJERAR,AUTCLAS) VALUES ('V0I000','REPATRIACIÓN MENA. ACTUACIONES - ACTUACIONES CON LA COMISARÍA GENERAL DE EXTRANJERÍA Y FRONTERAS',NULL,'S',NULL,NULL,NULL,NULL,NULL,NULL,NULL,NULL,NULL);
INSERT INTO AUTORIZAC (AUTCOD,AUTDES,AUTFLAGS,AUTVAL,AUTGRP,AUTCLA,AUTMOD,AUTTIP,AUTDES_CAT,AUTDES_CAT_CAS,AUTDES_UMI,AUTJERAR,AUTCLAS) VALUES ('V0I001','REPATRIACIÓN MENA. ACTUACIONES - ACTUACIONES CON LA SUBDELEGACIÓN DEL GOBIERNO',NULL,'S',NULL,NULL,NULL,NULL,NULL,NULL,NULL,NULL,NULL);
INSERT INTO AUTORIZAC (AUTCOD,AUTDES,AUTFLAGS,AUTVAL,AUTGRP,AUTCLA,AUTMOD,AUTTIP,AUTDES_CAT,AUTDES_CAT_CAS,AUTDES_UMI,AUTJERAR,AUTCLAS) VALUES ('V0I002','REPATRIACIÓN MENA. ACTUACIONES - ACTUACIONES CON LA DIRECCIÓN GENERAL DE ASUNTOS CONSULARERS Y MIIGRATORIOS',NULL,'S',NULL,NULL,NULL,NULL,NULL,NULL,NULL,NULL,NULL);
INSERT INTO AUTORIZAC (AUTCOD,AUTDES,AUTFLAGS,AUTVAL,AUTGRP,AUTCLA,AUTMOD,AUTTIP,AUTDES_CAT,AUTDES_CAT_CAS,AUTDES_UMI,AUTJERAR,AUTCLAS) VALUES ('V0I003','REPATRIACIÓN MENA. PROCEDIMIENTO - PROCEDIMIENTO DE REPATRIACIÓN DE MENOR NO ACOMPAÑADO',NULL,'S',NULL,NULL,NULL,NULL,NULL,NULL,NULL,NULL,NULL);

--VIA_PERMISO

Insert into VIA_PERMISO (EVPPER,EVPVIA,EVPFLAGS,EVPVAL,EVPMTAS,EVPFECINI,EVPFECFIN,EVPFORMULARIO,EVPESCCOS,EVPFGR,EVPVERRES,CODIGO_SIA,IGUALDAD,EVPDGPTJ,EVPETIQUETAFAM,EVPPROMOTOR,EVPTRANSFRONTERIZO,EVPFAMILIAR,EVPNACIONALIDAD,EVPNIVELESTUDIOS,EVPCENTROESTUDIOS,EVPAMBITO,EVPVISADODESCESP,EVPRECUPERALD,EVPIGUALDAD,EVPTIPOTITULAR,EVPRESSINPAGTASR,EVPNSOPORTEUE,EVPCNED,EVPADJDOCRESUELTO,EVPPERMANENTE,EVPNUMPLAZO,EVPTIPPLAZO,EVPTIPESTIMACION,EVPLEYENDA,EVPINITASAS) values ('RMH','SNE','S12LNASSNNNNNNCDNNSNN O S              A','S','G00I00',to_date('20/05/25','DD/MM/RR'),null,'EX25','S',to_date('11/04/25','DD/MM/RR'),'S','201321','N','S','F','N','N','N',null,'N','N',null,'N','N','N','G','E','N','N','N','S','1','M','D','N','S');
Insert into VIA_PERMISO (EVPPER,EVPVIA,EVPFLAGS,EVPVAL,EVPMTAS,EVPFECINI,EVPFECFIN,EVPFORMULARIO,EVPESCCOS,EVPFGR,EVPVERRES,CODIGO_SIA,IGUALDAD,EVPDGPTJ,EVPETIQUETAFAM,EVPPROMOTOR,EVPTRANSFRONTERIZO,EVPFAMILIAR,EVPNACIONALIDAD,EVPNIVELESTUDIOS,EVPCENTROESTUDIOS,EVPAMBITO,EVPVISADODESCESP,EVPRECUPERALD,EVPIGUALDAD,EVPTIPOTITULAR,EVPRESSINPAGTASR,EVPNSOPORTEUE,EVPCNED,EVPADJDOCRESUELTO,EVPPERMANENTE,EVPNUMPLAZO,EVPTIPPLAZO,EVPTIPESTIMACION,EVPLEYENDA,EVPINITASAS) values ('RMH','NNE','S12LNASSNNNNNNCDNNSNN O S              A','S','G00I01',to_date('20/05/25','DD/MM/RR'),null,'EX25','S',to_date('11/04/25','DD/MM/RR'),'S','201321','N','S','F','N','N','N',null,'N','N',null,'N','N','N','G','E','N','N','N','S','1','M','D','N','S');
Insert into VIA_PERMISO (EVPPER,EVPVIA,EVPFLAGS,EVPVAL,EVPMTAS,EVPFECINI,EVPFECFIN,EVPFORMULARIO,EVPESCCOS,EVPFGR,EVPVERRES,CODIGO_SIA,IGUALDAD,EVPDGPTJ,EVPETIQUETAFAM,EVPPROMOTOR,EVPTRANSFRONTERIZO,EVPFAMILIAR,EVPNACIONALIDAD,EVPNIVELESTUDIOS,EVPCENTROESTUDIOS,EVPAMBITO,EVPVISADODESCESP,EVPRECUPERALD,EVPIGUALDAD,EVPTIPOTITULAR,EVPRESSINPAGTASR,EVPNSOPORTEUE,EVPCNED,EVPADJDOCRESUELTO,EVPPERMANENTE,EVPNUMPLAZO,EVPTIPPLAZO,EVPTIPESTIMACION,EVPLEYENDA,EVPINITASAS) values ('EMD','ME1','S12LNASSNNNNNNCDNNSNN O S              A','S','G01I00',to_date('20/05/25','DD/MM/RR'),null,'EX25','S',to_date('11/04/25','DD/MM/RR'),'S','201321','N','S','F','N','N','N',null,'N','N',null,'N','N','N','G','E','N','N','N','S','1','M','D','N','S');
Insert into VIA_PERMISO (EVPPER,EVPVIA,EVPFLAGS,EVPVAL,EVPMTAS,EVPFECINI,EVPFECFIN,EVPFORMULARIO,EVPESCCOS,EVPFGR,EVPVERRES,CODIGO_SIA,IGUALDAD,EVPDGPTJ,EVPETIQUETAFAM,EVPPROMOTOR,EVPTRANSFRONTERIZO,EVPFAMILIAR,EVPNACIONALIDAD,EVPNIVELESTUDIOS,EVPCENTROESTUDIOS,EVPAMBITO,EVPVISADODESCESP,EVPRECUPERALD,EVPIGUALDAD,EVPTIPOTITULAR,EVPRESSINPAGTASR,EVPNSOPORTEUE,EVPCNED,EVPADJDOCRESUELTO,EVPPERMANENTE,EVPNUMPLAZO,EVPTIPPLAZO,EVPTIPESTIMACION,EVPLEYENDA,EVPINITASAS) values ('EMD','PR1','S12LNASSNNNNNNCDNNSNN O S              A','S','G01I01',to_date('20/05/25','DD/MM/RR'),null,'EX25','S',to_date('11/04/25','DD/MM/RR'),'S','201321','N','S','F','N','N','N',null,'N','N',null,'N','N','N','G','E','N','N','N','S','1','M','D','N','S');
Insert into VIA_PERMISO (EVPPER,EVPVIA,EVPFLAGS,EVPVAL,EVPMTAS,EVPFECINI,EVPFECFIN,EVPFORMULARIO,EVPESCCOS,EVPFGR,EVPVERRES,CODIGO_SIA,IGUALDAD,EVPDGPTJ,EVPETIQUETAFAM,EVPPROMOTOR,EVPTRANSFRONTERIZO,EVPFAMILIAR,EVPNACIONALIDAD,EVPNIVELESTUDIOS,EVPCENTROESTUDIOS,EVPAMBITO,EVPVISADODESCESP,EVPRECUPERALD,EVPIGUALDAD,EVPTIPOTITULAR,EVPRESSINPAGTASR,EVPNSOPORTEUE,EVPCNED,EVPADJDOCRESUELTO,EVPPERMANENTE,EVPNUMPLAZO,EVPTIPPLAZO,EVPTIPESTIMACION,EVPLEYENDA,EVPINITASAS) values ('EMD','ME2','S12LNASSNNNNNNCDNNSNN O S              A','S','G01P00',to_date('20/05/25','DD/MM/RR'),null,'EX25','S',to_date('11/04/25','DD/MM/RR'),'S','201321','N','S','F','N','N','N',null,'N','N',null,'N','N','N','G','E','N','N','N','S','1','M','D','N','S');
Insert into VIA_PERMISO (EVPPER,EVPVIA,EVPFLAGS,EVPVAL,EVPMTAS,EVPFECINI,EVPFECFIN,EVPFORMULARIO,EVPESCCOS,EVPFGR,EVPVERRES,CODIGO_SIA,IGUALDAD,EVPDGPTJ,EVPETIQUETAFAM,EVPPROMOTOR,EVPTRANSFRONTERIZO,EVPFAMILIAR,EVPNACIONALIDAD,EVPNIVELESTUDIOS,EVPCENTROESTUDIOS,EVPAMBITO,EVPVISADODESCESP,EVPRECUPERALD,EVPIGUALDAD,EVPTIPOTITULAR,EVPRESSINPAGTASR,EVPNSOPORTEUE,EVPCNED,EVPADJDOCRESUELTO,EVPPERMANENTE,EVPNUMPLAZO,EVPTIPPLAZO,EVPTIPESTIMACION,EVPLEYENDA,EVPINITASAS) values ('EMD','PR2','S12LNASSNNNNNNCDNNSNN O S              A','S','G01P01',to_date('20/05/25','DD/MM/RR'),null,'EX25','S',to_date('11/04/25','DD/MM/RR'),'S','201321','N','S','F','N','N','N',null,'N','N',null,'N','N','N','G','E','N','N','N','S','1','M','D','N','S');
Insert into VIA_PERMISO (EVPPER,EVPVIA,EVPFLAGS,EVPVAL,EVPMTAS,EVPFECINI,EVPFECFIN,EVPFORMULARIO,EVPESCCOS,EVPFGR,EVPVERRES,CODIGO_SIA,IGUALDAD,EVPDGPTJ,EVPETIQUETAFAM,EVPPROMOTOR,EVPTRANSFRONTERIZO,EVPFAMILIAR,EVPNACIONALIDAD,EVPNIVELESTUDIOS,EVPCENTROESTUDIOS,EVPAMBITO,EVPVISADODESCESP,EVPRECUPERALD,EVPIGUALDAD,EVPTIPOTITULAR,EVPRESSINPAGTASR,EVPNSOPORTEUE,EVPCNED,EVPADJDOCRESUELTO,EVPPERMANENTE,EVPNUMPLAZO,EVPTIPPLAZO,EVPTIPESTIMACION,EVPLEYENDA,EVPINITASAS) values ('RMD','ME3','S12LNASSNNNNNNCDNNSNN O S              A','S','G01I02',to_date('20/05/25','DD/MM/RR'),null,'EX25','S',to_date('11/04/25','DD/MM/RR'),'S','201321','N','S','F','N','N','N',null,'N','N',null,'N','N','N','G','E','N','N','N','S','3','M','D','N','S');
Insert into VIA_PERMISO (EVPPER,EVPVIA,EVPFLAGS,EVPVAL,EVPMTAS,EVPFECINI,EVPFECFIN,EVPFORMULARIO,EVPESCCOS,EVPFGR,EVPVERRES,CODIGO_SIA,IGUALDAD,EVPDGPTJ,EVPETIQUETAFAM,EVPPROMOTOR,EVPTRANSFRONTERIZO,EVPFAMILIAR,EVPNACIONALIDAD,EVPNIVELESTUDIOS,EVPCENTROESTUDIOS,EVPAMBITO,EVPVISADODESCESP,EVPRECUPERALD,EVPIGUALDAD,EVPTIPOTITULAR,EVPRESSINPAGTASR,EVPNSOPORTEUE,EVPCNED,EVPADJDOCRESUELTO,EVPPERMANENTE,EVPNUMPLAZO,EVPTIPPLAZO,EVPTIPESTIMACION,EVPLEYENDA,EVPINITASAS) values ('RMD','PR3','S12LNASSNNNNNNCDNNSNN O S              A','S','G01I03',to_date('20/05/25','DD/MM/RR'),null,'EX25','S',to_date('11/04/25','DD/MM/RR'),'S','201321','N','S','F','N','N','N',null,'N','N',null,'N','N','N','G','E','N','N','N','S','3','M','D','N','S');
Insert into VIA_PERMISO (EVPPER,EVPVIA,EVPFLAGS,EVPVAL,EVPMTAS,EVPFECINI,EVPFECFIN,EVPFORMULARIO,EVPESCCOS,EVPFGR,EVPVERRES,CODIGO_SIA,IGUALDAD,EVPDGPTJ,EVPETIQUETAFAM,EVPPROMOTOR,EVPTRANSFRONTERIZO,EVPFAMILIAR,EVPNACIONALIDAD,EVPNIVELESTUDIOS,EVPCENTROESTUDIOS,EVPAMBITO,EVPVISADODESCESP,EVPRECUPERALD,EVPIGUALDAD,EVPTIPOTITULAR,EVPRESSINPAGTASR,EVPNSOPORTEUE,EVPCNED,EVPADJDOCRESUELTO,EVPPERMANENTE,EVPNUMPLAZO,EVPTIPPLAZO,EVPTIPESTIMACION,EVPLEYENDA,EVPINITASAS) values ('EMD','VAC','S12LNASSNNNNNNCDNNSNN O S              A','S','G01I04',to_date('20/05/25','DD/MM/RR'),null,'EX25','S',to_date('11/04/25','DD/MM/RR'),'S','201321','N','S','F','N','N','N',null,'N','N',null,'N','N','N','G','E','N','N','N','S','1','M','D','N','S');
Insert into VIA_PERMISO (EVPPER,EVPVIA,EVPFLAGS,EVPVAL,EVPMTAS,EVPFECINI,EVPFECFIN,EVPFORMULARIO,EVPESCCOS,EVPFGR,EVPVERRES,CODIGO_SIA,IGUALDAD,EVPDGPTJ,EVPETIQUETAFAM,EVPPROMOTOR,EVPTRANSFRONTERIZO,EVPFAMILIAR,EVPNACIONALIDAD,EVPNIVELESTUDIOS,EVPCENTROESTUDIOS,EVPAMBITO,EVPVISADODESCESP,EVPRECUPERALD,EVPIGUALDAD,EVPTIPOTITULAR,EVPRESSINPAGTASR,EVPNSOPORTEUE,EVPCNED,EVPADJDOCRESUELTO,EVPPERMANENTE,EVPNUMPLAZO,EVPTIPPLAZO,EVPTIPESTIMACION,EVPLEYENDA,EVPINITASAS) values ('EMD','MON','S12LNASSNNNNNNCDNNSNN O S              A','S','G01I05',to_date('20/05/25','DD/MM/RR'),null,'EX25','S',to_date('11/04/25','DD/MM/RR'),'S','201321','N','S','F','N','N','N',null,'N','N',null,'N','N','N','G','E','N','N','N','S','1','M','D','N','S');
Insert into VIA_PERMISO (EVPPER,EVPVIA,EVPFLAGS,EVPVAL,EVPMTAS,EVPFECINI,EVPFECFIN,EVPFORMULARIO,EVPESCCOS,EVPFGR,EVPVERRES,CODIGO_SIA,IGUALDAD,EVPDGPTJ,EVPETIQUETAFAM,EVPPROMOTOR,EVPTRANSFRONTERIZO,EVPFAMILIAR,EVPNACIONALIDAD,EVPNIVELESTUDIOS,EVPCENTROESTUDIOS,EVPAMBITO,EVPVISADODESCESP,EVPRECUPERALD,EVPIGUALDAD,EVPTIPOTITULAR,EVPRESSINPAGTASR,EVPNSOPORTEUE,EVPCNED,EVPADJDOCRESUELTO,EVPPERMANENTE,EVPNUMPLAZO,EVPTIPPLAZO,EVPTIPESTIMACION,EVPLEYENDA,EVPINITASAS) values ('EMD','ES0','S12LNASSNNNNNNCDNNSNN O S              A','S','G01I06',to_date('20/05/25','DD/MM/RR'),null,'EX25','S',to_date('11/04/25','DD/MM/RR'),'S','201321','N','S','F','N','N','N',null,'N','N',null,'N','N','N','G','E','N','N','N','S','1','M','D','N','S');
Insert into VIA_PERMISO (EVPPER,EVPVIA,EVPFLAGS,EVPVAL,EVPMTAS,EVPFECINI,EVPFECFIN,EVPFORMULARIO,EVPESCCOS,EVPFGR,EVPVERRES,CODIGO_SIA,IGUALDAD,EVPDGPTJ,EVPETIQUETAFAM,EVPPROMOTOR,EVPTRANSFRONTERIZO,EVPFAMILIAR,EVPNACIONALIDAD,EVPNIVELESTUDIOS,EVPCENTROESTUDIOS,EVPAMBITO,EVPVISADODESCESP,EVPRECUPERALD,EVPIGUALDAD,EVPTIPOTITULAR,EVPRESSINPAGTASR,EVPNSOPORTEUE,EVPCNED,EVPADJDOCRESUELTO,EVPPERMANENTE,EVPNUMPLAZO,EVPTIPPLAZO,EVPTIPESTIMACION,EVPLEYENDA,EVPINITASAS) values ('EMD','ESX','S12LNASSNNNNNNCDNNSNN O S              A','S','G01P02',to_date('20/05/25','DD/MM/RR'),null,'EX25','S',to_date('11/04/25','DD/MM/RR'),'S','201321','N','S','F','N','N','N',null,'N','N',null,'N','N','N','G','E','N','N','N','S','1','M','D','N','S');
Insert into VIA_PERMISO (EVPPER,EVPVIA,EVPFLAGS,EVPVAL,EVPMTAS,EVPFECINI,EVPFECFIN,EVPFORMULARIO,EVPESCCOS,EVPFGR,EVPVERRES,CODIGO_SIA,IGUALDAD,EVPDGPTJ,EVPETIQUETAFAM,EVPPROMOTOR,EVPTRANSFRONTERIZO,EVPFAMILIAR,EVPNACIONALIDAD,EVPNIVELESTUDIOS,EVPCENTROESTUDIOS,EVPAMBITO,EVPVISADODESCESP,EVPRECUPERALD,EVPIGUALDAD,EVPTIPOTITULAR,EVPRESSINPAGTASR,EVPNSOPORTEUE,EVPCNED,EVPADJDOCRESUELTO,EVPPERMANENTE,EVPNUMPLAZO,EVPTIPPLAZO,EVPTIPESTIMACION,EVPLEYENDA,EVPINITASAS) values ('RMA','RIN','S12LNASSNNNNNNCDNNSNN O S              A','S','G02I00',to_date('20/05/25','DD/MM/RR'),null,'EX25','S',to_date('11/04/25','DD/MM/RR'),'S','201321','N','S','F','N','N','N',null,'N','N',null,'N','N','N','G','E','N','N','N','S','1','M','D','N','S');
Insert into VIA_PERMISO (EVPPER,EVPVIA,EVPFLAGS,EVPVAL,EVPMTAS,EVPFECINI,EVPFECFIN,EVPFORMULARIO,EVPESCCOS,EVPFGR,EVPVERRES,CODIGO_SIA,IGUALDAD,EVPDGPTJ,EVPETIQUETAFAM,EVPPROMOTOR,EVPTRANSFRONTERIZO,EVPFAMILIAR,EVPNACIONALIDAD,EVPNIVELESTUDIOS,EVPCENTROESTUDIOS,EVPAMBITO,EVPVISADODESCESP,EVPRECUPERALD,EVPIGUALDAD,EVPTIPOTITULAR,EVPRESSINPAGTASR,EVPNSOPORTEUE,EVPCNED,EVPADJDOCRESUELTO,EVPPERMANENTE,EVPNUMPLAZO,EVPTIPPLAZO,EVPTIPESTIMACION,EVPLEYENDA,EVPINITASAS) values ('RMB','REN','S12LNASSNNNNNNCDNNSNN O S              A','S','G02R00',to_date('20/05/25','DD/MM/RR'),null,'EX25','S',to_date('11/04/25','DD/MM/RR'),'S','201321','N','S','F','N','N','N',null,'N','N',null,'N','N','N','G','E','N','N','N','S','3','M','E','N','S');
Insert into VIA_PERMISO (EVPPER,EVPVIA,EVPFLAGS,EVPVAL,EVPMTAS,EVPFECINI,EVPFECFIN,EVPFORMULARIO,EVPESCCOS,EVPFGR,EVPVERRES,CODIGO_SIA,IGUALDAD,EVPDGPTJ,EVPETIQUETAFAM,EVPPROMOTOR,EVPTRANSFRONTERIZO,EVPFAMILIAR,EVPNACIONALIDAD,EVPNIVELESTUDIOS,EVPCENTROESTUDIOS,EVPAMBITO,EVPVISADODESCESP,EVPRECUPERALD,EVPIGUALDAD,EVPTIPOTITULAR,EVPRESSINPAGTASR,EVPNSOPORTEUE,EVPCNED,EVPADJDOCRESUELTO,EVPPERMANENTE,EVPNUMPLAZO,EVPTIPPLAZO,EVPTIPESTIMACION,EVPLEYENDA,EVPINITASAS) values ('RMT','18A','S12LNASSNNNNNNCDNNSNN O S              A','S','G10R00',to_date('20/05/25','DD/MM/RR'),null,'EX25','S',to_date('11/04/25','DD/MM/RR'),'S','201321','N','S','F','N','N','N',null,'N','N',null,'N','N','N','G','E','N','N','N','S','3','M','E','N','S');
Insert into VIA_PERMISO (EVPPER,EVPVIA,EVPFLAGS,EVPVAL,EVPMTAS,EVPFECINI,EVPFECFIN,EVPFORMULARIO,EVPESCCOS,EVPFGR,EVPVERRES,CODIGO_SIA,IGUALDAD,EVPDGPTJ,EVPETIQUETAFAM,EVPPROMOTOR,EVPTRANSFRONTERIZO,EVPFAMILIAR,EVPNACIONALIDAD,EVPNIVELESTUDIOS,EVPCENTROESTUDIOS,EVPAMBITO,EVPVISADODESCESP,EVPRECUPERALD,EVPIGUALDAD,EVPTIPOTITULAR,EVPRESSINPAGTASR,EVPNSOPORTEUE,EVPCNED,EVPADJDOCRESUELTO,EVPPERMANENTE,EVPNUMPLAZO,EVPTIPPLAZO,EVPTIPESTIMACION,EVPLEYENDA,EVPINITASAS) values ('RMT','18B','S12LNASSNNNNNNCDNNSNN O S              A','S','G10R01',to_date('20/05/25','DD/MM/RR'),null,'EX25','S',to_date('11/04/25','DD/MM/RR'),'S','201321','N','S','F','N','N','N',null,'N','N',null,'N','N','N','G','E','N','N','N','S','3','M','E','N','S');
Insert into VIA_PERMISO (EVPPER,EVPVIA,EVPFLAGS,EVPVAL,EVPMTAS,EVPFECINI,EVPFECFIN,EVPFORMULARIO,EVPESCCOS,EVPFGR,EVPVERRES,CODIGO_SIA,IGUALDAD,EVPDGPTJ,EVPETIQUETAFAM,EVPPROMOTOR,EVPTRANSFRONTERIZO,EVPFAMILIAR,EVPNACIONALIDAD,EVPNIVELESTUDIOS,EVPCENTROESTUDIOS,EVPAMBITO,EVPVISADODESCESP,EVPRECUPERALD,EVPIGUALDAD,EVPTIPOTITULAR,EVPRESSINPAGTASR,EVPNSOPORTEUE,EVPCNED,EVPADJDOCRESUELTO,EVPPERMANENTE,EVPNUMPLAZO,EVPTIPPLAZO,EVPTIPESTIMACION,EVPLEYENDA,EVPINITASAS) values ('RMN','18S','S12LNASSNNNNNNCDNNSNN O S              A','S','G10I00',to_date('20/05/25','DD/MM/RR'),null,'EX25','S',to_date('11/04/25','DD/MM/RR'),'S','201321','N','S','F','N','N','N',null,'N','N',null,'N','N','N','G','E','N','N','N','S','3','M','D','N','S');
Insert into VIA_PERMISO (EVPPER,EVPVIA,EVPFLAGS,EVPVAL,EVPMTAS,EVPFECINI,EVPFECFIN,EVPFORMULARIO,EVPESCCOS,EVPFGR,EVPVERRES,CODIGO_SIA,IGUALDAD,EVPDGPTJ,EVPETIQUETAFAM,EVPPROMOTOR,EVPTRANSFRONTERIZO,EVPFAMILIAR,EVPNACIONALIDAD,EVPNIVELESTUDIOS,EVPCENTROESTUDIOS,EVPAMBITO,EVPVISADODESCESP,EVPRECUPERALD,EVPIGUALDAD,EVPTIPOTITULAR,EVPRESSINPAGTASR,EVPNSOPORTEUE,EVPCNED,EVPADJDOCRESUELTO,EVPPERMANENTE,EVPNUMPLAZO,EVPTIPPLAZO,EVPTIPESTIMACION,EVPLEYENDA,EVPINITASAS) values ('RMN','18T','S12LNASSNNNNNNCDNNSNN O S              A','S','G10I01',to_date('20/05/25','DD/MM/RR'),null,'EX25','S',to_date('11/04/25','DD/MM/RR'),'S','201321','N','S','F','N','N','N',null,'N','N',null,'N','N','N','G','E','N','N','N','S','3','M','D','N','S');
Insert into VIA_PERMISO (EVPPER,EVPVIA,EVPFLAGS,EVPVAL,EVPMTAS,EVPFECINI,EVPFECFIN,EVPFORMULARIO,EVPESCCOS,EVPFGR,EVPVERRES,CODIGO_SIA,IGUALDAD,EVPDGPTJ,EVPETIQUETAFAM,EVPPROMOTOR,EVPTRANSFRONTERIZO,EVPFAMILIAR,EVPNACIONALIDAD,EVPNIVELESTUDIOS,EVPCENTROESTUDIOS,EVPAMBITO,EVPVISADODESCESP,EVPRECUPERALD,EVPIGUALDAD,EVPTIPOTITULAR,EVPRESSINPAGTASR,EVPNSOPORTEUE,EVPCNED,EVPADJDOCRESUELTO,EVPPERMANENTE,EVPNUMPLAZO,EVPTIPPLAZO,EVPTIPESTIMACION,EVPLEYENDA,EVPINITASAS) values ('RMN','18R','S12LNASSNNNNNNCDNNSNN O S              A','S','G10R02',to_date('20/05/25','DD/MM/RR'),null,'EX25','S',to_date('11/04/25','DD/MM/RR'),'S','201321','N','S','F','N','N','N',null,'N','N',null,'N','N','N','G','E','N','N','N','S','3','M','E','N','S');
Insert into VIA_PERMISO (EVPPER,EVPVIA,EVPFLAGS,EVPVAL,EVPMTAS,EVPFECINI,EVPFECFIN,EVPFORMULARIO,EVPESCCOS,EVPFGR,EVPVERRES,CODIGO_SIA,IGUALDAD,EVPDGPTJ,EVPETIQUETAFAM,EVPPROMOTOR,EVPTRANSFRONTERIZO,EVPFAMILIAR,EVPNACIONALIDAD,EVPNIVELESTUDIOS,EVPCENTROESTUDIOS,EVPAMBITO,EVPVISADODESCESP,EVPRECUPERALD,EVPIGUALDAD,EVPTIPOTITULAR,EVPRESSINPAGTASR,EVPNSOPORTEUE,EVPCNED,EVPADJDOCRESUELTO,EVPPERMANENTE,EVPNUMPLAZO,EVPTIPPLAZO,EVPTIPESTIMACION,EVPLEYENDA,EVPINITASAS) values ('IMI','MN1','S12LNASSNNNNNNCDNNSNN O S              A','S','U0I000',to_date('20/05/25','DD/MM/RR'),null,'EX25','S',to_date('11/04/25','DD/MM/RR'),'S','201321','N','S','F','N','N','N',null,'N','N',null,'N','N','N','G','E','N','N','N','S','3','M','D','N','S');
Insert into VIA_PERMISO (EVPPER,EVPVIA,EVPFLAGS,EVPVAL,EVPMTAS,EVPFECINI,EVPFECFIN,EVPFORMULARIO,EVPESCCOS,EVPFGR,EVPVERRES,CODIGO_SIA,IGUALDAD,EVPDGPTJ,EVPETIQUETAFAM,EVPPROMOTOR,EVPTRANSFRONTERIZO,EVPFAMILIAR,EVPNACIONALIDAD,EVPNIVELESTUDIOS,EVPCENTROESTUDIOS,EVPAMBITO,EVPVISADODESCESP,EVPRECUPERALD,EVPIGUALDAD,EVPTIPOTITULAR,EVPRESSINPAGTASR,EVPNSOPORTEUE,EVPCNED,EVPADJDOCRESUELTO,EVPPERMANENTE,EVPNUMPLAZO,EVPTIPPLAZO,EVPTIPESTIMACION,EVPLEYENDA,EVPINITASAS) values ('IMV','MN2','S12LNASSNNNNNNCDNNSNN O S              A','S','U0I001',to_date('20/05/25','DD/MM/RR'),null,'EX25','S',to_date('11/04/25','DD/MM/RR'),'S','201321','N','S','F','N','N','N',null,'N','N',null,'N','N','N','G','E','N','N','N','S','3','M','D','N','S');
Insert into VIA_PERMISO (EVPPER,EVPVIA,EVPFLAGS,EVPVAL,EVPMTAS,EVPFECINI,EVPFECFIN,EVPFORMULARIO,EVPESCCOS,EVPFGR,EVPVERRES,CODIGO_SIA,IGUALDAD,EVPDGPTJ,EVPETIQUETAFAM,EVPPROMOTOR,EVPTRANSFRONTERIZO,EVPFAMILIAR,EVPNACIONALIDAD,EVPNIVELESTUDIOS,EVPCENTROESTUDIOS,EVPAMBITO,EVPVISADODESCESP,EVPRECUPERALD,EVPIGUALDAD,EVPTIPOTITULAR,EVPRESSINPAGTASR,EVPNSOPORTEUE,EVPCNED,EVPADJDOCRESUELTO,EVPPERMANENTE,EVPNUMPLAZO,EVPTIPPLAZO,EVPTIPESTIMACION,EVPLEYENDA,EVPINITASAS) values ('APM','MNC','S12LNASSNNNNNNCDNNSNN O S              A','S','V0I000',to_date('20/05/25','DD/MM/RR'),null,'EX25','S',to_date('11/04/25','DD/MM/RR'),'S','201321','N','S','F','N','N','N',null,'N','N',null,'N','N','N','G','E','N','N','N','S','3','M','D','N','S');
Insert into VIA_PERMISO (EVPPER,EVPVIA,EVPFLAGS,EVPVAL,EVPMTAS,EVPFECINI,EVPFECFIN,EVPFORMULARIO,EVPESCCOS,EVPFGR,EVPVERRES,CODIGO_SIA,IGUALDAD,EVPDGPTJ,EVPETIQUETAFAM,EVPPROMOTOR,EVPTRANSFRONTERIZO,EVPFAMILIAR,EVPNACIONALIDAD,EVPNIVELESTUDIOS,EVPCENTROESTUDIOS,EVPAMBITO,EVPVISADODESCESP,EVPRECUPERALD,EVPIGUALDAD,EVPTIPOTITULAR,EVPRESSINPAGTASR,EVPNSOPORTEUE,EVPCNED,EVPADJDOCRESUELTO,EVPPERMANENTE,EVPNUMPLAZO,EVPTIPPLAZO,EVPTIPESTIMACION,EVPLEYENDA,EVPINITASAS) values ('APM','MNS','S12LNASSNNNNNNCDNNSNN O S              A','S','V0I001',to_date('20/05/25','DD/MM/RR'),null,'EX25','S',to_date('11/04/25','DD/MM/RR'),'S','201321','N','S','F','N','N','N',null,'N','N',null,'N','N','N','G','E','N','N','N','S','3','M','D','N','S');
Insert into VIA_PERMISO (EVPPER,EVPVIA,EVPFLAGS,EVPVAL,EVPMTAS,EVPFECINI,EVPFECFIN,EVPFORMULARIO,EVPESCCOS,EVPFGR,EVPVERRES,CODIGO_SIA,IGUALDAD,EVPDGPTJ,EVPETIQUETAFAM,EVPPROMOTOR,EVPTRANSFRONTERIZO,EVPFAMILIAR,EVPNACIONALIDAD,EVPNIVELESTUDIOS,EVPCENTROESTUDIOS,EVPAMBITO,EVPVISADODESCESP,EVPRECUPERALD,EVPIGUALDAD,EVPTIPOTITULAR,EVPRESSINPAGTASR,EVPNSOPORTEUE,EVPCNED,EVPADJDOCRESUELTO,EVPPERMANENTE,EVPNUMPLAZO,EVPTIPPLAZO,EVPTIPESTIMACION,EVPLEYENDA,EVPINITASAS) values ('APM','MND','S12LNASSNNNNNNCDNNSNN O S              A','S','V0I002',to_date('20/05/25','DD/MM/RR'),null,'EX25','S',to_date('11/04/25','DD/MM/RR'),'S','201321','N','S','F','N','N','N',null,'N','N',null,'N','N','N','G','E','N','N','N','S','3','M','D','N','S');
Insert into VIA_PERMISO (EVPPER,EVPVIA,EVPFLAGS,EVPVAL,EVPMTAS,EVPFECINI,EVPFECFIN,EVPFORMULARIO,EVPESCCOS,EVPFGR,EVPVERRES,CODIGO_SIA,IGUALDAD,EVPDGPTJ,EVPETIQUETAFAM,EVPPROMOTOR,EVPTRANSFRONTERIZO,EVPFAMILIAR,EVPNACIONALIDAD,EVPNIVELESTUDIOS,EVPCENTROESTUDIOS,EVPAMBITO,EVPVISADODESCESP,EVPRECUPERALD,EVPIGUALDAD,EVPTIPOTITULAR,EVPRESSINPAGTASR,EVPNSOPORTEUE,EVPCNED,EVPADJDOCRESUELTO,EVPPERMANENTE,EVPNUMPLAZO,EVPTIPPLAZO,EVPTIPESTIMACION,EVPLEYENDA,EVPINITASAS) values ('RMP','MNP','S12LNASSNNNNNNCDNNSNN O S              A','S','V0I003',to_date('20/05/25','DD/MM/RR'),null,'EX25','S',to_date('11/04/25','DD/MM/RR'),'S','201321','N','S','F','N','N','N',null,'N','N',null,'N','N','N','G','E','N','N','N','S','3','M','D','N','S');


-- CONFIGURACION_AUTORIZACIONES
Insert into CONFIGURACION_AUTORIZACIONES (ID_CFG_AUTORIZACIONES,TIPO_COMPETENCIA,COD_PERMISO,COD_VIA,ALTA_EXPEDIENTES,MOD_EXPEDIENTES,RES_EXPEDIENTE,RES_PROPUESTA_AGE,RES_PROPUESTA_CCAA,GEN_TASAS_TRABAJO,GEN_TASAS_RESIDENCIA,POR_DEFECTO) values (SQ_CONF_AUTORIZACIONES.NEXTVAL,'00002','RMH','SNE','S','S','S','N','N','S','S','N');
Insert into CONFIGURACION_AUTORIZACIONES (ID_CFG_AUTORIZACIONES,TIPO_COMPETENCIA,COD_PERMISO,COD_VIA,ALTA_EXPEDIENTES,MOD_EXPEDIENTES,RES_EXPEDIENTE,RES_PROPUESTA_AGE,RES_PROPUESTA_CCAA,GEN_TASAS_TRABAJO,GEN_TASAS_RESIDENCIA,POR_DEFECTO) values (SQ_CONF_AUTORIZACIONES.NEXTVAL,'00002','RMH','NNE','S','S','S','N','N','S','S','N');
Insert into CONFIGURACION_AUTORIZACIONES (ID_CFG_AUTORIZACIONES,TIPO_COMPETENCIA,COD_PERMISO,COD_VIA,ALTA_EXPEDIENTES,MOD_EXPEDIENTES,RES_EXPEDIENTE,RES_PROPUESTA_AGE,RES_PROPUESTA_CCAA,GEN_TASAS_TRABAJO,GEN_TASAS_RESIDENCIA,POR_DEFECTO) values (SQ_CONF_AUTORIZACIONES.NEXTVAL,'00002','EMD','ME1','S','S','S','N','N','S','S','N');
Insert into CONFIGURACION_AUTORIZACIONES (ID_CFG_AUTORIZACIONES,TIPO_COMPETENCIA,COD_PERMISO,COD_VIA,ALTA_EXPEDIENTES,MOD_EXPEDIENTES,RES_EXPEDIENTE,RES_PROPUESTA_AGE,RES_PROPUESTA_CCAA,GEN_TASAS_TRABAJO,GEN_TASAS_RESIDENCIA,POR_DEFECTO) values (SQ_CONF_AUTORIZACIONES.NEXTVAL,'00002','EMD','PR1','S','S','S','N','N','S','S','N');
Insert into CONFIGURACION_AUTORIZACIONES (ID_CFG_AUTORIZACIONES,TIPO_COMPETENCIA,COD_PERMISO,COD_VIA,ALTA_EXPEDIENTES,MOD_EXPEDIENTES,RES_EXPEDIENTE,RES_PROPUESTA_AGE,RES_PROPUESTA_CCAA,GEN_TASAS_TRABAJO,GEN_TASAS_RESIDENCIA,POR_DEFECTO) values (SQ_CONF_AUTORIZACIONES.NEXTVAL,'00002','EMD','ME2','S','S','S','N','N','S','S','N');
Insert into CONFIGURACION_AUTORIZACIONES (ID_CFG_AUTORIZACIONES,TIPO_COMPETENCIA,COD_PERMISO,COD_VIA,ALTA_EXPEDIENTES,MOD_EXPEDIENTES,RES_EXPEDIENTE,RES_PROPUESTA_AGE,RES_PROPUESTA_CCAA,GEN_TASAS_TRABAJO,GEN_TASAS_RESIDENCIA,POR_DEFECTO) values (SQ_CONF_AUTORIZACIONES.NEXTVAL,'00002','EMD','PR2','S','S','S','N','N','S','S','N');
Insert into CONFIGURACION_AUTORIZACIONES (ID_CFG_AUTORIZACIONES,TIPO_COMPETENCIA,COD_PERMISO,COD_VIA,ALTA_EXPEDIENTES,MOD_EXPEDIENTES,RES_EXPEDIENTE,RES_PROPUESTA_AGE,RES_PROPUESTA_CCAA,GEN_TASAS_TRABAJO,GEN_TASAS_RESIDENCIA,POR_DEFECTO) values (SQ_CONF_AUTORIZACIONES.NEXTVAL,'00002','RMD','ME3','S','S','S','N','N','S','S','N');
Insert into CONFIGURACION_AUTORIZACIONES (ID_CFG_AUTORIZACIONES,TIPO_COMPETENCIA,COD_PERMISO,COD_VIA,ALTA_EXPEDIENTES,MOD_EXPEDIENTES,RES_EXPEDIENTE,RES_PROPUESTA_AGE,RES_PROPUESTA_CCAA,GEN_TASAS_TRABAJO,GEN_TASAS_RESIDENCIA,POR_DEFECTO) values (SQ_CONF_AUTORIZACIONES.NEXTVAL,'00002','RMD','PR3','S','S','S','N','N','S','S','N');
Insert into CONFIGURACION_AUTORIZACIONES (ID_CFG_AUTORIZACIONES,TIPO_COMPETENCIA,COD_PERMISO,COD_VIA,ALTA_EXPEDIENTES,MOD_EXPEDIENTES,RES_EXPEDIENTE,RES_PROPUESTA_AGE,RES_PROPUESTA_CCAA,GEN_TASAS_TRABAJO,GEN_TASAS_RESIDENCIA,POR_DEFECTO) values (SQ_CONF_AUTORIZACIONES.NEXTVAL,'00002','EMD','VAC','S','S','S','N','N','S','S','N');
Insert into CONFIGURACION_AUTORIZACIONES (ID_CFG_AUTORIZACIONES,TIPO_COMPETENCIA,COD_PERMISO,COD_VIA,ALTA_EXPEDIENTES,MOD_EXPEDIENTES,RES_EXPEDIENTE,RES_PROPUESTA_AGE,RES_PROPUESTA_CCAA,GEN_TASAS_TRABAJO,GEN_TASAS_RESIDENCIA,POR_DEFECTO) values (SQ_CONF_AUTORIZACIONES.NEXTVAL,'00002','EMD','MON','S','S','S','N','N','S','S','N');
Insert into CONFIGURACION_AUTORIZACIONES (ID_CFG_AUTORIZACIONES,TIPO_COMPETENCIA,COD_PERMISO,COD_VIA,ALTA_EXPEDIENTES,MOD_EXPEDIENTES,RES_EXPEDIENTE,RES_PROPUESTA_AGE,RES_PROPUESTA_CCAA,GEN_TASAS_TRABAJO,GEN_TASAS_RESIDENCIA,POR_DEFECTO) values (SQ_CONF_AUTORIZACIONES.NEXTVAL,'00002','EMD','ES0','S','S','S','N','N','S','S','N');
Insert into CONFIGURACION_AUTORIZACIONES (ID_CFG_AUTORIZACIONES,TIPO_COMPETENCIA,COD_PERMISO,COD_VIA,ALTA_EXPEDIENTES,MOD_EXPEDIENTES,RES_EXPEDIENTE,RES_PROPUESTA_AGE,RES_PROPUESTA_CCAA,GEN_TASAS_TRABAJO,GEN_TASAS_RESIDENCIA,POR_DEFECTO) values (SQ_CONF_AUTORIZACIONES.NEXTVAL,'00002','EMD','ESX','S','S','S','N','N','S','S','N');
Insert into CONFIGURACION_AUTORIZACIONES (ID_CFG_AUTORIZACIONES,TIPO_COMPETENCIA,COD_PERMISO,COD_VIA,ALTA_EXPEDIENTES,MOD_EXPEDIENTES,RES_EXPEDIENTE,RES_PROPUESTA_AGE,RES_PROPUESTA_CCAA,GEN_TASAS_TRABAJO,GEN_TASAS_RESIDENCIA,POR_DEFECTO) values (SQ_CONF_AUTORIZACIONES.NEXTVAL,'00002','RMA','RIN','S','S','S','N','N','S','S','N');
Insert into CONFIGURACION_AUTORIZACIONES (ID_CFG_AUTORIZACIONES,TIPO_COMPETENCIA,COD_PERMISO,COD_VIA,ALTA_EXPEDIENTES,MOD_EXPEDIENTES,RES_EXPEDIENTE,RES_PROPUESTA_AGE,RES_PROPUESTA_CCAA,GEN_TASAS_TRABAJO,GEN_TASAS_RESIDENCIA,POR_DEFECTO) values (SQ_CONF_AUTORIZACIONES.NEXTVAL,'00002','RMB','REN','S','S','S','N','N','S','S','N');
Insert into CONFIGURACION_AUTORIZACIONES (ID_CFG_AUTORIZACIONES,TIPO_COMPETENCIA,COD_PERMISO,COD_VIA,ALTA_EXPEDIENTES,MOD_EXPEDIENTES,RES_EXPEDIENTE,RES_PROPUESTA_AGE,RES_PROPUESTA_CCAA,GEN_TASAS_TRABAJO,GEN_TASAS_RESIDENCIA,POR_DEFECTO) values (SQ_CONF_AUTORIZACIONES.NEXTVAL,'00002','RMT','18A','S','S','S','N','N','S','S','N');
Insert into CONFIGURACION_AUTORIZACIONES (ID_CFG_AUTORIZACIONES,TIPO_COMPETENCIA,COD_PERMISO,COD_VIA,ALTA_EXPEDIENTES,MOD_EXPEDIENTES,RES_EXPEDIENTE,RES_PROPUESTA_AGE,RES_PROPUESTA_CCAA,GEN_TASAS_TRABAJO,GEN_TASAS_RESIDENCIA,POR_DEFECTO) values (SQ_CONF_AUTORIZACIONES.NEXTVAL,'00002','RMT','18B','S','S','S','N','N','S','S','N');
Insert into CONFIGURACION_AUTORIZACIONES (ID_CFG_AUTORIZACIONES,TIPO_COMPETENCIA,COD_PERMISO,COD_VIA,ALTA_EXPEDIENTES,MOD_EXPEDIENTES,RES_EXPEDIENTE,RES_PROPUESTA_AGE,RES_PROPUESTA_CCAA,GEN_TASAS_TRABAJO,GEN_TASAS_RESIDENCIA,POR_DEFECTO) values (SQ_CONF_AUTORIZACIONES.NEXTVAL,'00002','RMN','18S','S','S','S','N','N','S','S','N');
Insert into CONFIGURACION_AUTORIZACIONES (ID_CFG_AUTORIZACIONES,TIPO_COMPETENCIA,COD_PERMISO,COD_VIA,ALTA_EXPEDIENTES,MOD_EXPEDIENTES,RES_EXPEDIENTE,RES_PROPUESTA_AGE,RES_PROPUESTA_CCAA,GEN_TASAS_TRABAJO,GEN_TASAS_RESIDENCIA,POR_DEFECTO) values (SQ_CONF_AUTORIZACIONES.NEXTVAL,'00002','RMN','18T','S','S','S','N','N','S','S','N');
Insert into CONFIGURACION_AUTORIZACIONES (ID_CFG_AUTORIZACIONES,TIPO_COMPETENCIA,COD_PERMISO,COD_VIA,ALTA_EXPEDIENTES,MOD_EXPEDIENTES,RES_EXPEDIENTE,RES_PROPUESTA_AGE,RES_PROPUESTA_CCAA,GEN_TASAS_TRABAJO,GEN_TASAS_RESIDENCIA,POR_DEFECTO) values (SQ_CONF_AUTORIZACIONES.NEXTVAL,'00002','RMN','18R','S','S','S','N','N','S','S','N');
Insert into CONFIGURACION_AUTORIZACIONES (ID_CFG_AUTORIZACIONES,TIPO_COMPETENCIA,COD_PERMISO,COD_VIA,ALTA_EXPEDIENTES,MOD_EXPEDIENTES,RES_EXPEDIENTE,RES_PROPUESTA_AGE,RES_PROPUESTA_CCAA,GEN_TASAS_TRABAJO,GEN_TASAS_RESIDENCIA,POR_DEFECTO) values (SQ_CONF_AUTORIZACIONES.NEXTVAL,'00002','IMI','MN1','S','S','S','N','N','S','S','N');
Insert into CONFIGURACION_AUTORIZACIONES (ID_CFG_AUTORIZACIONES,TIPO_COMPETENCIA,COD_PERMISO,COD_VIA,ALTA_EXPEDIENTES,MOD_EXPEDIENTES,RES_EXPEDIENTE,RES_PROPUESTA_AGE,RES_PROPUESTA_CCAA,GEN_TASAS_TRABAJO,GEN_TASAS_RESIDENCIA,POR_DEFECTO) values (SQ_CONF_AUTORIZACIONES.NEXTVAL,'00002','IMV','MN2','S','S','S','N','N','S','S','N');
Insert into CONFIGURACION_AUTORIZACIONES (ID_CFG_AUTORIZACIONES,TIPO_COMPETENCIA,COD_PERMISO,COD_VIA,ALTA_EXPEDIENTES,MOD_EXPEDIENTES,RES_EXPEDIENTE,RES_PROPUESTA_AGE,RES_PROPUESTA_CCAA,GEN_TASAS_TRABAJO,GEN_TASAS_RESIDENCIA,POR_DEFECTO) values (SQ_CONF_AUTORIZACIONES.NEXTVAL,'00002','APM','MNC','S','S','S','N','N','S','S','N');
Insert into CONFIGURACION_AUTORIZACIONES (ID_CFG_AUTORIZACIONES,TIPO_COMPETENCIA,COD_PERMISO,COD_VIA,ALTA_EXPEDIENTES,MOD_EXPEDIENTES,RES_EXPEDIENTE,RES_PROPUESTA_AGE,RES_PROPUESTA_CCAA,GEN_TASAS_TRABAJO,GEN_TASAS_RESIDENCIA,POR_DEFECTO) values (SQ_CONF_AUTORIZACIONES.NEXTVAL,'00002','APM','MNS','S','S','S','N','N','S','S','N');
Insert into CONFIGURACION_AUTORIZACIONES (ID_CFG_AUTORIZACIONES,TIPO_COMPETENCIA,COD_PERMISO,COD_VIA,ALTA_EXPEDIENTES,MOD_EXPEDIENTES,RES_EXPEDIENTE,RES_PROPUESTA_AGE,RES_PROPUESTA_CCAA,GEN_TASAS_TRABAJO,GEN_TASAS_RESIDENCIA,POR_DEFECTO) values (SQ_CONF_AUTORIZACIONES.NEXTVAL,'00002','APM','MND','S','S','S','N','N','S','S','N');
Insert into CONFIGURACION_AUTORIZACIONES (ID_CFG_AUTORIZACIONES,TIPO_COMPETENCIA,COD_PERMISO,COD_VIA,ALTA_EXPEDIENTES,MOD_EXPEDIENTES,RES_EXPEDIENTE,RES_PROPUESTA_AGE,RES_PROPUESTA_CCAA,GEN_TASAS_TRABAJO,GEN_TASAS_RESIDENCIA,POR_DEFECTO) values (SQ_CONF_AUTORIZACIONES.NEXTVAL,'00002','RMP','MNP','S','S','S','N','N','S','S','N');
Insert into CONFIGURACION_AUTORIZACIONES (ID_CFG_AUTORIZACIONES,TIPO_COMPETENCIA,COD_PERMISO,COD_VIA,ALTA_EXPEDIENTES,MOD_EXPEDIENTES,RES_EXPEDIENTE,RES_PROPUESTA_AGE,RES_PROPUESTA_CCAA,GEN_TASAS_TRABAJO,GEN_TASAS_RESIDENCIA,POR_DEFECTO) values (SQ_CONF_AUTORIZACIONES.NEXTVAL,'00003','RMH','SNE','S','S','S','N','N','S','S','N');
Insert into CONFIGURACION_AUTORIZACIONES (ID_CFG_AUTORIZACIONES,TIPO_COMPETENCIA,COD_PERMISO,COD_VIA,ALTA_EXPEDIENTES,MOD_EXPEDIENTES,RES_EXPEDIENTE,RES_PROPUESTA_AGE,RES_PROPUESTA_CCAA,GEN_TASAS_TRABAJO,GEN_TASAS_RESIDENCIA,POR_DEFECTO) values (SQ_CONF_AUTORIZACIONES.NEXTVAL,'00003','RMH','NNE','S','S','S','N','N','S','S','N');
Insert into CONFIGURACION_AUTORIZACIONES (ID_CFG_AUTORIZACIONES,TIPO_COMPETENCIA,COD_PERMISO,COD_VIA,ALTA_EXPEDIENTES,MOD_EXPEDIENTES,RES_EXPEDIENTE,RES_PROPUESTA_AGE,RES_PROPUESTA_CCAA,GEN_TASAS_TRABAJO,GEN_TASAS_RESIDENCIA,POR_DEFECTO) values (SQ_CONF_AUTORIZACIONES.NEXTVAL,'00003','EMD','ME1','S','S','S','N','N','S','S','N');
Insert into CONFIGURACION_AUTORIZACIONES (ID_CFG_AUTORIZACIONES,TIPO_COMPETENCIA,COD_PERMISO,COD_VIA,ALTA_EXPEDIENTES,MOD_EXPEDIENTES,RES_EXPEDIENTE,RES_PROPUESTA_AGE,RES_PROPUESTA_CCAA,GEN_TASAS_TRABAJO,GEN_TASAS_RESIDENCIA,POR_DEFECTO) values (SQ_CONF_AUTORIZACIONES.NEXTVAL,'00003','EMD','PR1','S','S','S','N','N','S','S','N');
Insert into CONFIGURACION_AUTORIZACIONES (ID_CFG_AUTORIZACIONES,TIPO_COMPETENCIA,COD_PERMISO,COD_VIA,ALTA_EXPEDIENTES,MOD_EXPEDIENTES,RES_EXPEDIENTE,RES_PROPUESTA_AGE,RES_PROPUESTA_CCAA,GEN_TASAS_TRABAJO,GEN_TASAS_RESIDENCIA,POR_DEFECTO) values (SQ_CONF_AUTORIZACIONES.NEXTVAL,'00003','EMD','ME2','S','S','S','N','N','S','S','N');
Insert into CONFIGURACION_AUTORIZACIONES (ID_CFG_AUTORIZACIONES,TIPO_COMPETENCIA,COD_PERMISO,COD_VIA,ALTA_EXPEDIENTES,MOD_EXPEDIENTES,RES_EXPEDIENTE,RES_PROPUESTA_AGE,RES_PROPUESTA_CCAA,GEN_TASAS_TRABAJO,GEN_TASAS_RESIDENCIA,POR_DEFECTO) values (SQ_CONF_AUTORIZACIONES.NEXTVAL,'00003','EMD','PR2','S','S','S','N','N','S','S','N');
Insert into CONFIGURACION_AUTORIZACIONES (ID_CFG_AUTORIZACIONES,TIPO_COMPETENCIA,COD_PERMISO,COD_VIA,ALTA_EXPEDIENTES,MOD_EXPEDIENTES,RES_EXPEDIENTE,RES_PROPUESTA_AGE,RES_PROPUESTA_CCAA,GEN_TASAS_TRABAJO,GEN_TASAS_RESIDENCIA,POR_DEFECTO) values (SQ_CONF_AUTORIZACIONES.NEXTVAL,'00003','RMD','ME3','S','S','S','N','N','S','S','N');
Insert into CONFIGURACION_AUTORIZACIONES (ID_CFG_AUTORIZACIONES,TIPO_COMPETENCIA,COD_PERMISO,COD_VIA,ALTA_EXPEDIENTES,MOD_EXPEDIENTES,RES_EXPEDIENTE,RES_PROPUESTA_AGE,RES_PROPUESTA_CCAA,GEN_TASAS_TRABAJO,GEN_TASAS_RESIDENCIA,POR_DEFECTO) values (SQ_CONF_AUTORIZACIONES.NEXTVAL,'00003','RMD','PR3','S','S','S','N','N','S','S','N');
Insert into CONFIGURACION_AUTORIZACIONES (ID_CFG_AUTORIZACIONES,TIPO_COMPETENCIA,COD_PERMISO,COD_VIA,ALTA_EXPEDIENTES,MOD_EXPEDIENTES,RES_EXPEDIENTE,RES_PROPUESTA_AGE,RES_PROPUESTA_CCAA,GEN_TASAS_TRABAJO,GEN_TASAS_RESIDENCIA,POR_DEFECTO) values (SQ_CONF_AUTORIZACIONES.NEXTVAL,'00003','EMD','VAC','S','S','S','N','N','S','S','N');
Insert into CONFIGURACION_AUTORIZACIONES (ID_CFG_AUTORIZACIONES,TIPO_COMPETENCIA,COD_PERMISO,COD_VIA,ALTA_EXPEDIENTES,MOD_EXPEDIENTES,RES_EXPEDIENTE,RES_PROPUESTA_AGE,RES_PROPUESTA_CCAA,GEN_TASAS_TRABAJO,GEN_TASAS_RESIDENCIA,POR_DEFECTO) values (SQ_CONF_AUTORIZACIONES.NEXTVAL,'00003','EMD','MON','S','S','S','N','N','S','S','N');
Insert into CONFIGURACION_AUTORIZACIONES (ID_CFG_AUTORIZACIONES,TIPO_COMPETENCIA,COD_PERMISO,COD_VIA,ALTA_EXPEDIENTES,MOD_EXPEDIENTES,RES_EXPEDIENTE,RES_PROPUESTA_AGE,RES_PROPUESTA_CCAA,GEN_TASAS_TRABAJO,GEN_TASAS_RESIDENCIA,POR_DEFECTO) values (SQ_CONF_AUTORIZACIONES.NEXTVAL,'00003','EMD','ES0','S','S','S','N','N','S','S','N');
Insert into CONFIGURACION_AUTORIZACIONES (ID_CFG_AUTORIZACIONES,TIPO_COMPETENCIA,COD_PERMISO,COD_VIA,ALTA_EXPEDIENTES,MOD_EXPEDIENTES,RES_EXPEDIENTE,RES_PROPUESTA_AGE,RES_PROPUESTA_CCAA,GEN_TASAS_TRABAJO,GEN_TASAS_RESIDENCIA,POR_DEFECTO) values (SQ_CONF_AUTORIZACIONES.NEXTVAL,'00003','EMD','ESX','S','S','S','N','N','S','S','N');
Insert into CONFIGURACION_AUTORIZACIONES (ID_CFG_AUTORIZACIONES,TIPO_COMPETENCIA,COD_PERMISO,COD_VIA,ALTA_EXPEDIENTES,MOD_EXPEDIENTES,RES_EXPEDIENTE,RES_PROPUESTA_AGE,RES_PROPUESTA_CCAA,GEN_TASAS_TRABAJO,GEN_TASAS_RESIDENCIA,POR_DEFECTO) values (SQ_CONF_AUTORIZACIONES.NEXTVAL,'00003','RMA','RIN','S','S','S','N','N','S','S','N');
Insert into CONFIGURACION_AUTORIZACIONES (ID_CFG_AUTORIZACIONES,TIPO_COMPETENCIA,COD_PERMISO,COD_VIA,ALTA_EXPEDIENTES,MOD_EXPEDIENTES,RES_EXPEDIENTE,RES_PROPUESTA_AGE,RES_PROPUESTA_CCAA,GEN_TASAS_TRABAJO,GEN_TASAS_RESIDENCIA,POR_DEFECTO) values (SQ_CONF_AUTORIZACIONES.NEXTVAL,'00003','RMB','REN','S','S','S','N','N','S','S','N');
Insert into CONFIGURACION_AUTORIZACIONES (ID_CFG_AUTORIZACIONES,TIPO_COMPETENCIA,COD_PERMISO,COD_VIA,ALTA_EXPEDIENTES,MOD_EXPEDIENTES,RES_EXPEDIENTE,RES_PROPUESTA_AGE,RES_PROPUESTA_CCAA,GEN_TASAS_TRABAJO,GEN_TASAS_RESIDENCIA,POR_DEFECTO) values (SQ_CONF_AUTORIZACIONES.NEXTVAL,'00003','RMT','18A','S','S','S','N','N','S','S','N');
Insert into CONFIGURACION_AUTORIZACIONES (ID_CFG_AUTORIZACIONES,TIPO_COMPETENCIA,COD_PERMISO,COD_VIA,ALTA_EXPEDIENTES,MOD_EXPEDIENTES,RES_EXPEDIENTE,RES_PROPUESTA_AGE,RES_PROPUESTA_CCAA,GEN_TASAS_TRABAJO,GEN_TASAS_RESIDENCIA,POR_DEFECTO) values (SQ_CONF_AUTORIZACIONES.NEXTVAL,'00003','RMT','18B','S','S','S','N','N','S','S','N');
Insert into CONFIGURACION_AUTORIZACIONES (ID_CFG_AUTORIZACIONES,TIPO_COMPETENCIA,COD_PERMISO,COD_VIA,ALTA_EXPEDIENTES,MOD_EXPEDIENTES,RES_EXPEDIENTE,RES_PROPUESTA_AGE,RES_PROPUESTA_CCAA,GEN_TASAS_TRABAJO,GEN_TASAS_RESIDENCIA,POR_DEFECTO) values (SQ_CONF_AUTORIZACIONES.NEXTVAL,'00003','RMN','18S','S','S','S','N','N','S','S','N');
Insert into CONFIGURACION_AUTORIZACIONES (ID_CFG_AUTORIZACIONES,TIPO_COMPETENCIA,COD_PERMISO,COD_VIA,ALTA_EXPEDIENTES,MOD_EXPEDIENTES,RES_EXPEDIENTE,RES_PROPUESTA_AGE,RES_PROPUESTA_CCAA,GEN_TASAS_TRABAJO,GEN_TASAS_RESIDENCIA,POR_DEFECTO) values (SQ_CONF_AUTORIZACIONES.NEXTVAL,'00003','RMN','18T','S','S','S','N','N','S','S','N');
Insert into CONFIGURACION_AUTORIZACIONES (ID_CFG_AUTORIZACIONES,TIPO_COMPETENCIA,COD_PERMISO,COD_VIA,ALTA_EXPEDIENTES,MOD_EXPEDIENTES,RES_EXPEDIENTE,RES_PROPUESTA_AGE,RES_PROPUESTA_CCAA,GEN_TASAS_TRABAJO,GEN_TASAS_RESIDENCIA,POR_DEFECTO) values (SQ_CONF_AUTORIZACIONES.NEXTVAL,'00003','RMN','18R','S','S','S','N','N','S','S','N');
Insert into CONFIGURACION_AUTORIZACIONES (ID_CFG_AUTORIZACIONES,TIPO_COMPETENCIA,COD_PERMISO,COD_VIA,ALTA_EXPEDIENTES,MOD_EXPEDIENTES,RES_EXPEDIENTE,RES_PROPUESTA_AGE,RES_PROPUESTA_CCAA,GEN_TASAS_TRABAJO,GEN_TASAS_RESIDENCIA,POR_DEFECTO) values (SQ_CONF_AUTORIZACIONES.NEXTVAL,'00003','IMI','MN1','S','S','S','N','N','S','S','N');
Insert into CONFIGURACION_AUTORIZACIONES (ID_CFG_AUTORIZACIONES,TIPO_COMPETENCIA,COD_PERMISO,COD_VIA,ALTA_EXPEDIENTES,MOD_EXPEDIENTES,RES_EXPEDIENTE,RES_PROPUESTA_AGE,RES_PROPUESTA_CCAA,GEN_TASAS_TRABAJO,GEN_TASAS_RESIDENCIA,POR_DEFECTO) values (SQ_CONF_AUTORIZACIONES.NEXTVAL,'00003','IMV','MN2','S','S','S','N','N','S','S','N');
Insert into CONFIGURACION_AUTORIZACIONES (ID_CFG_AUTORIZACIONES,TIPO_COMPETENCIA,COD_PERMISO,COD_VIA,ALTA_EXPEDIENTES,MOD_EXPEDIENTES,RES_EXPEDIENTE,RES_PROPUESTA_AGE,RES_PROPUESTA_CCAA,GEN_TASAS_TRABAJO,GEN_TASAS_RESIDENCIA,POR_DEFECTO) values (SQ_CONF_AUTORIZACIONES.NEXTVAL,'00003','APM','MNC','S','S','S','N','N','S','S','N');
Insert into CONFIGURACION_AUTORIZACIONES (ID_CFG_AUTORIZACIONES,TIPO_COMPETENCIA,COD_PERMISO,COD_VIA,ALTA_EXPEDIENTES,MOD_EXPEDIENTES,RES_EXPEDIENTE,RES_PROPUESTA_AGE,RES_PROPUESTA_CCAA,GEN_TASAS_TRABAJO,GEN_TASAS_RESIDENCIA,POR_DEFECTO) values (SQ_CONF_AUTORIZACIONES.NEXTVAL,'00003','APM','MNS','S','S','S','N','N','S','S','N');
Insert into CONFIGURACION_AUTORIZACIONES (ID_CFG_AUTORIZACIONES,TIPO_COMPETENCIA,COD_PERMISO,COD_VIA,ALTA_EXPEDIENTES,MOD_EXPEDIENTES,RES_EXPEDIENTE,RES_PROPUESTA_AGE,RES_PROPUESTA_CCAA,GEN_TASAS_TRABAJO,GEN_TASAS_RESIDENCIA,POR_DEFECTO) values (SQ_CONF_AUTORIZACIONES.NEXTVAL,'00003','APM','MND','S','S','S','N','N','S','S','N');
Insert into CONFIGURACION_AUTORIZACIONES (ID_CFG_AUTORIZACIONES,TIPO_COMPETENCIA,COD_PERMISO,COD_VIA,ALTA_EXPEDIENTES,MOD_EXPEDIENTES,RES_EXPEDIENTE,RES_PROPUESTA_AGE,RES_PROPUESTA_CCAA,GEN_TASAS_TRABAJO,GEN_TASAS_RESIDENCIA,POR_DEFECTO) values (SQ_CONF_AUTORIZACIONES.NEXTVAL,'00003','RMP','MNP','S','S','S','N','N','S','S','N');


commit;


-- UPDATE FLAGS DE VIA PERMISO

UPDATE VIA_PERMISO SET EVPFLAGS=(SELECT VP.EVPFLAGS FROM VIA_PERMISO VP WHERE VP.EVPPER='AES' AND VP.EVPVIA='AKJ') WHERE EVPMTAS='A1I000';
UPDATE VIA_PERMISO SET EVPFLAGS=(SELECT VP.EVPFLAGS FROM VIA_PERMISO VP WHERE VP.EVPPER='AES' AND VP.EVPVIA='AKI') WHERE EVPMTAS='A1I001';
UPDATE VIA_PERMISO SET EVPFLAGS=(SELECT VP.EVPFLAGS FROM VIA_PERMISO VP WHERE VP.EVPPER='AES' AND VP.EVPVIA='AKI') WHERE EVPMTAS='A1I002';
UPDATE VIA_PERMISO SET EVPFLAGS=(SELECT VP.EVPFLAGS FROM VIA_PERMISO VP WHERE VP.EVPPER='AES' AND VP.EVPVIA='AKM') WHERE EVPMTAS='A1I003';
UPDATE VIA_PERMISO SET EVPFLAGS=(SELECT VP.EVPFLAGS FROM VIA_PERMISO VP WHERE VP.EVPPER='AES' AND VP.EVPVIA='OR') WHERE EVPMTAS='A1I004';
UPDATE VIA_PERMISO SET EVPFLAGS=(SELECT VP.EVPFLAGS FROM VIA_PERMISO VP WHERE VP.EVPPER='AES' AND VP.EVPVIA='OR') WHERE EVPMTAS='A1I005';
UPDATE VIA_PERMISO SET EVPFLAGS=(SELECT VP.EVPFLAGS FROM VIA_PERMISO VP WHERE VP.EVPPER='AES' AND VP.EVPVIA='AO6') WHERE EVPMTAS='A1I006';
UPDATE VIA_PERMISO SET EVPFLAGS=(SELECT VP.EVPFLAGS FROM VIA_PERMISO VP WHERE VP.EVPPER='AES' AND VP.EVPVIA='AO6') WHERE EVPMTAS='A1I007';
UPDATE VIA_PERMISO SET EVPFLAGS=(SELECT VP.EVPFLAGS FROM VIA_PERMISO VP WHERE VP.EVPPER='AES' AND VP.EVPVIA='VL') WHERE EVPMTAS='A1I008';
UPDATE VIA_PERMISO SET EVPFLAGS=(SELECT VP.EVPFLAGS FROM VIA_PERMISO VP WHERE VP.EVPPER='AES' AND VP.EVPVIA='AO2') WHERE EVPMTAS='A1I009';
UPDATE VIA_PERMISO SET EVPFLAGS=(SELECT VP.EVPFLAGS FROM VIA_PERMISO VP WHERE VP.EVPPER='AES' AND VP.EVPVIA='AO1') WHERE EVPMTAS='A1I010';
UPDATE VIA_PERMISO SET EVPFLAGS=(SELECT VP.EVPFLAGS FROM VIA_PERMISO VP WHERE VP.EVPPER='AES' AND VP.EVPVIA='AO1') WHERE EVPMTAS='A1I011';
UPDATE VIA_PERMISO SET EVPFLAGS=(SELECT VP.EVPFLAGS FROM VIA_PERMISO VP WHERE VP.EVPPER='AES' AND VP.EVPVIA='AKN') WHERE EVPMTAS='A1I012';
UPDATE VIA_PERMISO SET EVPFLAGS=(SELECT VP.EVPFLAGS FROM VIA_PERMISO VP WHERE VP.EVPPER='AA1' AND VP.EVPVIA='2A') WHERE EVPMTAS='J0I001';
UPDATE VIA_PERMISO SET EVPFLAGS=(SELECT VP.EVPFLAGS FROM VIA_PERMISO VP WHERE VP.EVPPER='AP1' AND VP.EVPVIA='2A') WHERE EVPMTAS='J1I001';
UPDATE VIA_PERMISO SET EVPFLAGS=(SELECT VP.EVPFLAGS FROM VIA_PERMISO VP WHERE VP.EVPPER='AP1' AND VP.EVPVIA='2A') WHERE EVPMTAS='A1I013';
UPDATE VIA_PERMISO SET EVPFLAGS=(SELECT VP.EVPFLAGS FROM VIA_PERMISO VP WHERE VP.EVPPER='AES' AND VP.EVPVIA='VX') WHERE EVPMTAS='A1I014';
UPDATE VIA_PERMISO SET EVPFLAGS=(SELECT VP.EVPFLAGS FROM VIA_PERMISO VP WHERE VP.EVPPER='AES' AND VP.EVPVIA='VX') WHERE EVPMTAS='A1I015';
UPDATE VIA_PERMISO SET EVPFLAGS=(SELECT VP.EVPFLAGS FROM VIA_PERMISO VP WHERE VP.EVPPER='AES' AND VP.EVPVIA='AK6') WHERE EVPMTAS='A1I016';
UPDATE VIA_PERMISO SET EVPFLAGS=(SELECT VP.EVPFLAGS FROM VIA_PERMISO VP WHERE VP.EVPPER='CDE' AND VP.EVPVIA='AO3') WHERE EVPMTAS='A1I017';
UPDATE VIA_PERMISO SET EVPFLAGS=(SELECT VP.EVPFLAGS FROM VIA_PERMISO VP WHERE VP.EVPPER='AES' AND VP.EVPVIA='AO4') WHERE EVPMTAS='A1I018';
UPDATE VIA_PERMISO SET EVPFLAGS=(SELECT VP.EVPFLAGS FROM VIA_PERMISO VP WHERE VP.EVPPER='AES' AND VP.EVPVIA='VP') WHERE EVPMTAS='A1I019';
UPDATE VIA_PERMISO SET EVPFLAGS=(SELECT VP.EVPFLAGS FROM VIA_PERMISO VP WHERE VP.EVPPER='AES' AND VP.EVPVIA='AH4') WHERE EVPMTAS='A1I020';
UPDATE VIA_PERMISO SET EVPFLAGS=(SELECT VP.EVPFLAGS FROM VIA_PERMISO VP WHERE VP.EVPPER='AES' AND VP.EVPVIA='I0') WHERE EVPMTAS='A1I021';
UPDATE VIA_PERMISO SET EVPFLAGS=(SELECT VP.EVPFLAGS FROM VIA_PERMISO VP WHERE VP.EVPPER='PEE' AND VP.EVPVIA='ALA') WHERE EVPMTAS='A1P000';
UPDATE VIA_PERMISO SET EVPFLAGS=(SELECT VP.EVPFLAGS FROM VIA_PERMISO VP WHERE VP.EVPPER='PEE' AND VP.EVPVIA='ALB') WHERE EVPMTAS='A1P001';
UPDATE VIA_PERMISO SET EVPFLAGS=(SELECT VP.EVPFLAGS FROM VIA_PERMISO VP WHERE VP.EVPPER='PEE' AND VP.EVPVIA='V5') WHERE EVPMTAS='A1P002';
UPDATE VIA_PERMISO SET EVPFLAGS=(SELECT VP.EVPFLAGS FROM VIA_PERMISO VP WHERE VP.EVPPER='PEE' AND VP.EVPVIA='AO9') WHERE EVPMTAS='A1P003';
UPDATE VIA_PERMISO SET EVPFLAGS=(SELECT VP.EVPFLAGS FROM VIA_PERMISO VP WHERE VP.EVPPER='PEE' AND VP.EVPVIA='ALC') WHERE EVPMTAS='A1P004';
UPDATE VIA_PERMISO SET EVPFLAGS=(SELECT VP.EVPFLAGS FROM VIA_PERMISO VP WHERE VP.EVPPER='AA2' AND VP.EVPVIA='AFN') WHERE EVPMTAS='J0P001';
UPDATE VIA_PERMISO SET EVPFLAGS=(SELECT VP.EVPFLAGS FROM VIA_PERMISO VP WHERE VP.EVPPER='AP2' AND VP.EVPVIA='AFW') WHERE EVPMTAS='J1P001';
UPDATE VIA_PERMISO SET EVPFLAGS=(SELECT VP.EVPFLAGS FROM VIA_PERMISO VP WHERE VP.EVPPER='ART' AND VP.EVPVIA='RD') WHERE EVPMTAS='B0I000';
UPDATE VIA_PERMISO SET EVPFLAGS=(SELECT VP.EVPFLAGS FROM VIA_PERMISO VP WHERE VP.EVPPER='ART' AND VP.EVPVIA='RD') WHERE EVPMTAS='B0I001';
UPDATE VIA_PERMISO SET EVPFLAGS=(SELECT VP.EVPFLAGS FROM VIA_PERMISO VP WHERE VP.EVPPER='AR1' AND VP.EVPVIA='O') WHERE EVPMTAS='B0R000';
UPDATE VIA_PERMISO SET EVPFLAGS=(SELECT VP.EVPFLAGS FROM VIA_PERMISO VP WHERE VP.EVPPER='AR1' AND VP.EVPVIA='O') WHERE EVPMTAS='B0R001';
UPDATE VIA_PERMISO SET EVPFLAGS=(SELECT VP.EVPFLAGS FROM VIA_PERMISO VP WHERE VP.EVPPER='CA1' AND VP.EVPVIA='ACR') WHERE EVPMTAS='B20I00';
UPDATE VIA_PERMISO SET EVPFLAGS=(SELECT VP.EVPFLAGS FROM VIA_PERMISO VP WHERE VP.EVPPER='CA1' AND VP.EVPVIA='ACR') WHERE EVPMTAS='B20I01';
UPDATE VIA_PERMISO SET EVPFLAGS=(SELECT VP.EVPFLAGS FROM VIA_PERMISO VP WHERE VP.EVPPER='CA1' AND VP.EVPVIA='L9') WHERE EVPMTAS='B20I02';
UPDATE VIA_PERMISO SET EVPFLAGS=(SELECT VP.EVPFLAGS FROM VIA_PERMISO VP WHERE VP.EVPPER='CA1' AND VP.EVPVIA='L9') WHERE EVPMTAS='B20I03';
UPDATE VIA_PERMISO SET EVPFLAGS=(SELECT VP.EVPFLAGS FROM VIA_PERMISO VP WHERE VP.EVPPER='CA1' AND VP.EVPVIA='N5') WHERE EVPMTAS='B20I04';
UPDATE VIA_PERMISO SET EVPFLAGS=(SELECT VP.EVPFLAGS FROM VIA_PERMISO VP WHERE VP.EVPPER='CA1' AND VP.EVPVIA='N5') WHERE EVPMTAS='B20I05';
UPDATE VIA_PERMISO SET EVPFLAGS=(SELECT VP.EVPFLAGS FROM VIA_PERMISO VP WHERE VP.EVPPER='CA1' AND VP.EVPVIA='N6') WHERE EVPMTAS='B20I06';
UPDATE VIA_PERMISO SET EVPFLAGS=(SELECT VP.EVPFLAGS FROM VIA_PERMISO VP WHERE VP.EVPPER='CA1' AND VP.EVPVIA='N6') WHERE EVPMTAS='B20I07';
UPDATE VIA_PERMISO SET EVPFLAGS=(SELECT VP.EVPFLAGS FROM VIA_PERMISO VP WHERE VP.EVPPER='CA1' AND VP.EVPVIA='AN2') WHERE EVPMTAS='B20I08';
UPDATE VIA_PERMISO SET EVPFLAGS=(SELECT VP.EVPFLAGS FROM VIA_PERMISO VP WHERE VP.EVPPER='CA1' AND VP.EVPVIA='AN2') WHERE EVPMTAS='B20I09';
UPDATE VIA_PERMISO SET EVPFLAGS=(SELECT VP.EVPFLAGS FROM VIA_PERMISO VP WHERE VP.EVPPER='CA1' AND VP.EVPVIA='P7') WHERE EVPMTAS='B20I10';
UPDATE VIA_PERMISO SET EVPFLAGS=(SELECT VP.EVPFLAGS FROM VIA_PERMISO VP WHERE VP.EVPPER='CA1' AND VP.EVPVIA='P7') WHERE EVPMTAS='B20I11';
UPDATE VIA_PERMISO SET EVPFLAGS=(SELECT VP.EVPFLAGS FROM VIA_PERMISO VP WHERE VP.EVPPER='CA1' AND VP.EVPVIA='AM9') WHERE EVPMTAS='B20I12';
UPDATE VIA_PERMISO SET EVPFLAGS=(SELECT VP.EVPFLAGS FROM VIA_PERMISO VP WHERE VP.EVPPER='CA1' AND VP.EVPVIA='AM9') WHERE EVPMTAS='B20I13';
UPDATE VIA_PERMISO SET EVPFLAGS=(SELECT VP.EVPFLAGS FROM VIA_PERMISO VP WHERE VP.EVPPER='AT1' AND VP.EVPVIA='78') WHERE EVPMTAS='J2I000';
UPDATE VIA_PERMISO SET EVPFLAGS=(SELECT VP.EVPFLAGS FROM VIA_PERMISO VP WHERE VP.EVPPER='CA1' AND VP.EVPVIA='L4') WHERE EVPMTAS='B20I14';
UPDATE VIA_PERMISO SET EVPFLAGS=(SELECT VP.EVPFLAGS FROM VIA_PERMISO VP WHERE VP.EVPPER='AA1' AND VP.EVPVIA='AJ0') WHERE EVPMTAS='J0I000';
UPDATE VIA_PERMISO SET EVPFLAGS=(SELECT VP.EVPFLAGS FROM VIA_PERMISO VP WHERE VP.EVPPER='CA1' AND VP.EVPVIA='L4') WHERE EVPMTAS='B21I00';
UPDATE VIA_PERMISO SET EVPFLAGS=(SELECT VP.EVPFLAGS FROM VIA_PERMISO VP WHERE VP.EVPPER='CA1' AND VP.EVPVIA='L4') WHERE EVPMTAS='B21I01';
UPDATE VIA_PERMISO SET EVPFLAGS=(SELECT VP.EVPFLAGS FROM VIA_PERMISO VP WHERE VP.EVPPER='CA1' AND VP.EVPVIA='L4') WHERE EVPMTAS='B21I02';
UPDATE VIA_PERMISO SET EVPFLAGS=(SELECT VP.EVPFLAGS FROM VIA_PERMISO VP WHERE VP.EVPPER='CA1' AND VP.EVPVIA='L4') WHERE EVPMTAS='B21I03';
UPDATE VIA_PERMISO SET EVPFLAGS=(SELECT VP.EVPFLAGS FROM VIA_PERMISO VP WHERE VP.EVPPER='CA4' AND VP.EVPVIA='NZ') WHERE EVPMTAS='B2R002';
UPDATE VIA_PERMISO SET EVPFLAGS=(SELECT VP.EVPFLAGS FROM VIA_PERMISO VP WHERE VP.EVPPER='CA4' AND VP.EVPVIA='NZ') WHERE EVPMTAS='B2R003';
UPDATE VIA_PERMISO SET EVPFLAGS=(SELECT VP.EVPFLAGS FROM VIA_PERMISO VP WHERE VP.EVPPER='AA2' AND VP.EVPVIA='2I') WHERE EVPMTAS='J0P000';
UPDATE VIA_PERMISO SET EVPFLAGS=(SELECT VP.EVPFLAGS FROM VIA_PERMISO VP WHERE VP.EVPPER='AT2' AND VP.EVPVIA='78') WHERE EVPMTAS='J2P000';
UPDATE VIA_PERMISO SET EVPFLAGS=(SELECT VP.EVPFLAGS FROM VIA_PERMISO VP WHERE VP.EVPPER='CA1' AND VP.EVPVIA='NJ') WHERE EVPMTAS='B21I04';
UPDATE VIA_PERMISO SET EVPFLAGS=(SELECT VP.EVPFLAGS FROM VIA_PERMISO VP WHERE VP.EVPPER='CA4' AND VP.EVPVIA='P8') WHERE EVPMTAS='B2R004';
UPDATE VIA_PERMISO SET EVPFLAGS=(SELECT VP.EVPFLAGS FROM VIA_PERMISO VP WHERE VP.EVPPER='RIP' AND VP.EVPVIA='AMB') WHERE EVPMTAS='B9PI01';
UPDATE VIA_PERMISO SET EVPFLAGS=(SELECT VP.EVPFLAGS FROM VIA_PERMISO VP WHERE VP.EVPPER='RIP' AND VP.EVPVIA='AMA') WHERE EVPMTAS='B9PI02';
UPDATE VIA_PERMISO SET EVPFLAGS=(SELECT VP.EVPFLAGS FROM VIA_PERMISO VP WHERE VP.EVPPER='RIP' AND VP.EVPVIA='AMC') WHERE EVPMTAS='B9PI03';
UPDATE VIA_PERMISO SET EVPFLAGS=(SELECT VP.EVPFLAGS FROM VIA_PERMISO VP WHERE VP.EVPPER='RIP' AND VP.EVPVIA='ANC') WHERE EVPMTAS='B9PI04';
UPDATE VIA_PERMISO SET EVPFLAGS=(SELECT VP.EVPFLAGS FROM VIA_PERMISO VP WHERE VP.EVPPER='RRP' AND VP.EVPVIA='AMD') WHERE EVPMTAS='B9PR00';
UPDATE VIA_PERMISO SET EVPFLAGS=(SELECT VP.EVPFLAGS FROM VIA_PERMISO VP WHERE VP.EVPPER='RRP' AND VP.EVPVIA='AME') WHERE EVPMTAS='B9PR01';
UPDATE VIA_PERMISO SET EVPFLAGS=(SELECT VP.EVPFLAGS FROM VIA_PERMISO VP WHERE VP.EVPPER='RIP' AND VP.EVPVIA='ANC') WHERE EVPMTAS='B9PR02';
UPDATE VIA_PERMISO SET EVPFLAGS=(SELECT VP.EVPFLAGS FROM VIA_PERMISO VP WHERE VP.EVPPER='CP1' AND VP.EVPVIA='L1') WHERE EVPMTAS='B3I000';
UPDATE VIA_PERMISO SET EVPFLAGS=(SELECT VP.EVPFLAGS FROM VIA_PERMISO VP WHERE VP.EVPPER='AP1' AND VP.EVPVIA='A2') WHERE EVPMTAS='B3I001';
UPDATE VIA_PERMISO SET EVPFLAGS=(SELECT VP.EVPFLAGS FROM VIA_PERMISO VP WHERE VP.EVPPER='CP4' AND VP.EVPVIA='ÑI') WHERE EVPMTAS='B3R000';
UPDATE VIA_PERMISO SET EVPFLAGS=(SELECT VP.EVPFLAGS FROM VIA_PERMISO VP WHERE VP.EVPPER='CP4' AND VP.EVPVIA='ÑJ') WHERE EVPMTAS='B3R001';
UPDATE VIA_PERMISO SET EVPFLAGS=(SELECT VP.EVPFLAGS FROM VIA_PERMISO VP WHERE VP.EVPPER='AP1' AND VP.EVPVIA='AJ1') WHERE EVPMTAS='J1I000';
UPDATE VIA_PERMISO SET EVPFLAGS=(SELECT VP.EVPFLAGS FROM VIA_PERMISO VP WHERE VP.EVPPER='AP2' AND VP.EVPVIA='2J') WHERE EVPMTAS='J1P000';
UPDATE VIA_PERMISO SET EVPFLAGS=(SELECT VP.EVPFLAGS FROM VIA_PERMISO VP WHERE VP.EVPPER='CP1' AND VP.EVPVIA='L2') WHERE EVPMTAS='B3I002';
UPDATE VIA_PERMISO SET EVPFLAGS=(SELECT VP.EVPFLAGS FROM VIA_PERMISO VP WHERE VP.EVPPER='ET1' AND VP.EVPVIA='XZ') WHERE EVPMTAS='B4I000';
UPDATE VIA_PERMISO SET EVPFLAGS=(SELECT VP.EVPFLAGS FROM VIA_PERMISO VP WHERE VP.EVPPER='ET1' AND VP.EVPVIA='X1') WHERE EVPMTAS='B4I001';
UPDATE VIA_PERMISO SET EVPFLAGS=(SELECT VP.EVPFLAGS FROM VIA_PERMISO VP WHERE VP.EVPPER='ET1' AND VP.EVPVIA='X1') WHERE EVPMTAS='B4I002';
UPDATE VIA_PERMISO SET EVPFLAGS=(SELECT VP.EVPFLAGS FROM VIA_PERMISO VP WHERE VP.EVPPER='ET1' AND VP.EVPVIA='X1') WHERE EVPMTAS='B4I003';
UPDATE VIA_PERMISO SET EVPFLAGS=(SELECT VP.EVPFLAGS FROM VIA_PERMISO VP WHERE VP.EVPPER='ETP' AND VP.EVPVIA='9A') WHERE EVPMTAS='B4P000';
UPDATE VIA_PERMISO SET EVPFLAGS=(SELECT VP.EVPFLAGS FROM VIA_PERMISO VP WHERE VP.EVPPER='RLD' AND VP.EVPVIA='PG') WHERE EVPMTAS='H2E005';
UPDATE VIA_PERMISO SET EVPFLAGS=(SELECT VP.EVPFLAGS FROM VIA_PERMISO VP WHERE VP.EVPPER='RLD' AND VP.EVPVIA='AEL') WHERE EVPMTAS='H2E001';
UPDATE VIA_PERMISO SET EVPFLAGS=(SELECT VP.EVPFLAGS FROM VIA_PERMISO VP WHERE VP.EVPPER='RLD' AND VP.EVPVIA='AEG') WHERE EVPMTAS='H2E007';
UPDATE VIA_PERMISO SET EVPFLAGS=(SELECT VP.EVPFLAGS FROM VIA_PERMISO VP WHERE VP.EVPPER='RLD' AND VP.EVPVIA='PD') WHERE EVPMTAS='H2E003';
UPDATE VIA_PERMISO SET EVPFLAGS=(SELECT VP.EVPFLAGS FROM VIA_PERMISO VP WHERE VP.EVPPER='RLD' AND VP.EVPVIA='PH') WHERE EVPMTAS='H2E008';
UPDATE VIA_PERMISO SET EVPFLAGS=(SELECT VP.EVPFLAGS FROM VIA_PERMISO VP WHERE VP.EVPPER='RLD' AND VP.EVPVIA='PA') WHERE EVPMTAS='H2E000';
UPDATE VIA_PERMISO SET EVPFLAGS=(SELECT VP.EVPFLAGS FROM VIA_PERMISO VP WHERE VP.EVPPER='RLD' AND VP.EVPVIA='PB') WHERE EVPMTAS='H2E002';
UPDATE VIA_PERMISO SET EVPFLAGS=(SELECT VP.EVPFLAGS FROM VIA_PERMISO VP WHERE VP.EVPPER='RLD' AND VP.EVPVIA='PQ') WHERE EVPMTAS='H3E000';
UPDATE VIA_PERMISO SET EVPFLAGS=(SELECT VP.EVPFLAGS FROM VIA_PERMISO VP WHERE VP.EVPPER='RLD' AND VP.EVPVIA='PM') WHERE EVPMTAS='H3E001';
UPDATE VIA_PERMISO SET EVPFLAGS=(SELECT VP.EVPFLAGS FROM VIA_PERMISO VP WHERE VP.EVPPER='RLD' AND VP.EVPVIA='PF') WHERE EVPMTAS='H2E004';
UPDATE VIA_PERMISO SET EVPFLAGS=(SELECT VP.EVPFLAGS FROM VIA_PERMISO VP WHERE VP.EVPPER='RLD' AND VP.EVPVIA='AEF') WHERE EVPMTAS='H2E006';
UPDATE VIA_PERMISO SET EVPFLAGS=(SELECT VP.EVPFLAGS FROM VIA_PERMISO VP WHERE VP.EVPPER='RLD' AND VP.EVPVIA='PÑ') WHERE EVPMTAS='H3U000';
UPDATE VIA_PERMISO SET EVPFLAGS=(SELECT VP.EVPFLAGS FROM VIA_PERMISO VP WHERE VP.EVPPER='RLD' AND VP.EVPVIA='PN') WHERE EVPMTAS='H3E002';
UPDATE VIA_PERMISO SET EVPFLAGS=(SELECT VP.EVPFLAGS FROM VIA_PERMISO VP WHERE VP.EVPPER='RLU' AND VP.EVPVIA='BU') WHERE EVPMTAS='H0U001';
UPDATE VIA_PERMISO SET EVPFLAGS=(SELECT VP.EVPFLAGS FROM VIA_PERMISO VP WHERE VP.EVPPER='RLU' AND VP.EVPVIA='BT') WHERE EVPMTAS='H0U000';
UPDATE VIA_PERMISO SET EVPFLAGS=(SELECT VP.EVPFLAGS FROM VIA_PERMISO VP WHERE VP.EVPPER='RLU' AND VP.EVPVIA='9R') WHERE EVPMTAS='H0U003';
UPDATE VIA_PERMISO SET EVPFLAGS=(SELECT VP.EVPFLAGS FROM VIA_PERMISO VP WHERE VP.EVPPER='RLU' AND VP.EVPVIA='BZ') WHERE EVPMTAS='H3U001';
UPDATE VIA_PERMISO SET EVPFLAGS=(SELECT VP.EVPFLAGS FROM VIA_PERMISO VP WHERE VP.EVPPER='RLU' AND VP.EVPVIA='BY') WHERE EVPMTAS='H3U002';
UPDATE VIA_PERMISO SET EVPFLAGS=(SELECT VP.EVPFLAGS FROM VIA_PERMISO VP WHERE VP.EVPPER='RLU' AND VP.EVPVIA='BV') WHERE EVPMTAS='H0U002';
UPDATE VIA_PERMISO SET EVPFLAGS=(SELECT VP.EVPFLAGS FROM VIA_PERMISO VP WHERE VP.EVPPER='RFC' AND VP.EVPVIA='UR') WHERE EVPMTAS='N0R000';
UPDATE VIA_PERMISO SET EVPFLAGS=(SELECT VP.EVPFLAGS FROM VIA_PERMISO VP WHERE VP.EVPPER='RFC' AND VP.EVPVIA='UR') WHERE EVPMTAS='N0M000';
UPDATE VIA_PERMISO SET EVPFLAGS=(SELECT VP.EVPFLAGS FROM VIA_PERMISO VP WHERE VP.EVPPER='RFP' AND VP.EVPVIA='AE1') WHERE EVPMTAS='N0P000';

UPDATE VIA_PERMISO SET EVPFLAGS=(SELECT VP.EVPFLAGS FROM VIA_PERMISO VP WHERE VP.EVPPER='RFC' AND  VP.EVPVIA='ACJ') WHERE EVPMTAS='N0I000';
UPDATE VIA_PERMISO SET EVPFLAGS=(SELECT VP.EVPFLAGS FROM VIA_PERMISO VP WHERE VP.EVPPER='RIP' AND VP.EVPVIA='AMA') WHERE EVPMTAS='B9PI00';
UPDATE VIA_PERMISO SET EVPFLAGS=(SELECT VP.EVPFLAGS FROM VIA_PERMISO VP WHERE VP.EVPPER='CA4' AND  VP.EVPVIA='NU') WHERE EVPMTAS='B2R000';
UPDATE VIA_PERMISO SET EVPFLAGS=(SELECT VP.EVPFLAGS FROM VIA_PERMISO VP WHERE VP.EVPPER='CA4' AND  VP.EVPVIA='NU') WHERE EVPMTAS='B2R001';
commit;